# Blender 4.5.3 LTS
# www.blender.org
mtllib CofreTextura.mtl
g CofreTextura_Malla
v 0.831287 0.949676 1.223550
v 0.740632 1.016968 1.146218
v 0.791699 0.990235 1.178274
v 0.758243 0.826457 2.059040
v 0.725516 0.769368 2.196855
v 0.834435 0.936843 1.338054
v 0.773528 0.984411 1.311009
v 0.713061 1.023203 1.172968
v 0.538459 0.746473 2.319553
v 0.626946 0.856957 2.092797
v 0.741183 0.797485 2.138837
v 0.591956 0.820125 2.190680
v 0.206368 0.834462 2.256246
v 0.310398 1.023409 1.397856
v 0.312995 1.033711 1.306896
v 0.186821 0.741785 2.389941
v 0.219792 0.880651 2.154707
v 0.194919 0.785328 2.337090
v 0.562962 0.781080 2.270754
v 0.504957 0.711621 2.349023
v 0.184279 0.700717 2.407597
v 0.720566 0.752911 2.207110
v 0.554190 0.729343 2.311403
v 0.509021 0.707739 2.340174
v 0.196963 0.698370 2.392872
v 0.507322 0.718861 2.346750
v 0.182773 0.709976 2.406229
v 0.513535 0.712676 2.337507
v 0.510807 0.716011 2.342332
v 0.506931 0.709778 2.345220
v 0.194292 0.699045 2.401443
v 0.721875 0.758418 2.207399
v 0.550465 0.735932 2.315107
v 0.362558 0.744270 2.368891
v 0.425027 0.876568 2.128922
v 0.376866 0.786325 2.314309
v 0.398557 0.832867 2.231735
v 0.560038 1.011478 1.363507
v 0.560328 1.031045 1.244919
v 0.354084 0.705000 2.387462
v 0.359166 0.701960 2.375169
v 0.355115 0.713871 2.385759
v 0.357625 0.703028 2.382528
v 0.500699 0.785085 2.291361
v 0.530201 0.828336 2.207377
v 0.720183 0.997549 1.333424
v 0.681093 1.026382 1.193769
v 0.474760 0.718175 2.356812
v 0.483374 0.746039 2.341235
v 0.566193 0.868733 2.105567
v 0.472840 0.709974 2.358634
v 0.476059 0.706042 2.348879
v 0.474281 0.707757 2.354493
v 0.820493 0.962125 1.203560
v 0.822508 0.946878 1.332121
v 0.728967 0.833145 2.066565
v 0.683043 0.761032 2.231467
v 0.707866 0.802449 2.150417
v 0.689096 0.772744 2.213602
v 0.683566 0.747494 2.230052
v 0.682517 0.754117 2.231929
v 0.752993 1.011687 1.153375
v 0.725967 1.015966 1.198619
v 0.312752 1.031466 1.326072
v 0.560769 1.026664 1.269158
v 0.691058 1.019920 1.221480
v 0.833261 0.945251 1.256111
v 0.788412 0.988997 1.202851
v 0.733605 1.018790 1.152421
v 0.821615 0.958698 1.231454
v 0.746639 1.012645 1.164626
v 0.509984 0.746241 2.333906
v 0.597123 0.864884 2.100102
v 0.500081 0.711259 2.350825
v 0.503561 0.707098 2.341686
v 0.501563 0.708991 2.346828
v 0.527709 0.783930 2.285788
v 0.559003 0.825878 2.201521
v 0.754901 0.992632 1.326048
v 0.704978 1.024687 1.180333
v 0.501880 0.719256 2.348996
v 0.717510 1.017505 1.209082
v -0.831287 0.949676 1.223550
v -0.740632 1.016968 1.146218
v -0.791699 0.990235 1.178274
v -0.758243 0.826457 2.059040
v -0.725516 0.769368 2.196855
v -0.834435 0.936843 1.338054
v -0.773528 0.984411 1.311010
v -0.713061 1.023203 1.172968
v -0.538459 0.746473 2.319553
v -0.626946 0.856957 2.092797
v -0.741183 0.797485 2.138837
v -0.591956 0.820125 2.190680
v 0.000000 1.030086 1.417239
v 0.000000 1.034532 1.335061
v 0.000000 0.740708 2.398885
v 0.000000 0.882090 2.166555
v 0.000000 0.834345 2.266967
v -0.206368 0.834462 2.256246
v -0.310398 1.023409 1.397856
v -0.312995 1.033711 1.306896
v -0.186821 0.741785 2.389941
v -0.219792 0.880651 2.154706
v -0.194919 0.785328 2.337090
v 0.000000 0.784217 2.346807
v -0.562962 0.781080 2.270754
v -0.504957 0.711621 2.349022
v 0.000000 0.699223 2.416314
v -0.184279 0.700717 2.407597
v -0.720566 0.752911 2.207110
v -0.554190 0.729343 2.311403
v -0.509021 0.707739 2.340174
v 0.000000 0.696858 2.401434
v -0.196963 0.698370 2.392872
v -0.507322 0.718860 2.346750
v 0.000000 0.708635 2.414911
v -0.182773 0.709976 2.406229
v -0.513535 0.712676 2.337507
v -0.510807 0.716011 2.342332
v -0.506931 0.709778 2.345220
v -0.194292 0.699045 2.401443
v 0.000000 0.697461 2.410385
v -0.721875 0.758418 2.207399
v -0.550465 0.735932 2.315107
v -0.362558 0.744270 2.368891
v -0.425027 0.876568 2.128922
v -0.376866 0.786325 2.314309
v -0.398557 0.832868 2.231735
v -0.560038 1.011478 1.363507
v -0.560328 1.031045 1.244919
v -0.354084 0.705000 2.387462
v -0.359166 0.701960 2.375169
v -0.355115 0.713871 2.385759
v -0.357625 0.703028 2.382528
v -0.500699 0.785085 2.291360
v -0.530201 0.828336 2.207377
v -0.720183 0.997549 1.333424
v -0.681093 1.026382 1.193769
v -0.474760 0.718174 2.356812
v -0.483374 0.746039 2.341235
v -0.566193 0.868733 2.105567
v -0.472840 0.709974 2.358634
v -0.476059 0.706042 2.348879
v -0.474281 0.707757 2.354493
v -0.820493 0.962125 1.203560
v -0.822508 0.946878 1.332120
v -0.728967 0.833145 2.066565
v -0.683043 0.761032 2.231467
v -0.707866 0.802449 2.150417
v -0.689096 0.772744 2.213602
v -0.683566 0.747494 2.230052
v -0.682517 0.754117 2.231929
v -0.752993 1.011687 1.153375
v -0.725967 1.015966 1.198620
v 0.000000 1.033755 1.352674
v -0.312752 1.031466 1.326072
v -0.560769 1.026664 1.269157
v -0.691058 1.019920 1.221480
v -0.833261 0.945251 1.256111
v -0.788412 0.988997 1.202851
v -0.733605 1.018790 1.152421
v -0.821615 0.958698 1.231454
v -0.746639 1.012645 1.164626
v -0.509984 0.746241 2.333906
v -0.597123 0.864884 2.100102
v -0.500081 0.711259 2.350825
v -0.503561 0.707098 2.341686
v -0.501563 0.708991 2.346828
v -0.527709 0.783930 2.285788
v -0.559003 0.825878 2.201520
v -0.754901 0.992632 1.326048
v -0.704978 1.024687 1.180333
v -0.501880 0.719256 2.348997
v -0.717509 1.017505 1.209082
v 0.827668 0.953913 1.213747
v 0.770919 1.002961 1.164445
v 0.832822 0.931230 1.395014
v 0.807673 0.896514 1.721227
v 0.826734 0.920413 1.506689
v 0.818178 0.909586 1.612547
v 0.784120 0.864784 1.908091
v 0.766856 0.839917 2.010514
v 0.797504 0.882960 1.815702
v 0.747281 1.003577 1.243333
v 0.802079 0.963140 1.327257
v 0.552723 0.763873 2.297240
v 0.773880 0.973364 1.393698
v 0.759037 0.961506 1.515493
v 0.742759 0.949596 1.620909
v 0.722821 0.934854 1.728774
v 0.701114 0.918927 1.827606
v 0.676006 0.899200 1.929108
v 0.644307 0.872668 2.039834
v 0.677997 0.844958 2.079698
v 0.614966 0.755844 2.272102
v 0.749815 0.812408 2.101298
v 0.609234 0.839299 2.143178
v 0.649884 0.811228 2.170604
v 0.000000 1.032499 1.378475
v 0.000000 0.761462 2.377239
v 0.000000 1.026166 1.466334
v 0.000000 1.014705 1.573198
v 0.000000 1.000869 1.674592
v 0.000000 0.984359 1.775801
v 0.000000 0.963076 1.883782
v 0.000000 0.936409 1.998522
v 0.000000 0.902548 2.112373
v 0.000000 0.859096 2.218635
v 0.296451 1.006332 1.559723
v 0.258408 0.957218 1.872547
v 0.312154 1.028063 1.355171
v 0.306870 1.018184 1.450009
v 0.212887 0.858468 2.207388
v 0.272151 0.977105 1.766433
v 0.227057 0.900259 2.099835
v 0.190379 0.762601 2.367963
v 0.284651 0.992986 1.663338
v 0.242865 0.932376 1.985300
v 0.200315 0.809658 2.299643
v 0.000000 0.808914 2.309851
v 0.576071 0.800212 2.234402
v 0.625990 0.776872 2.242266
v 0.732371 0.782051 2.172660
v 0.512690 0.729836 2.340961
v 0.000000 0.701755 2.416655
v 0.184316 0.723443 2.401530
v 0.619189 0.739530 2.270473
v 0.522192 0.719783 2.331775
v 0.509268 0.717656 2.344735
v 0.505881 0.710788 2.347584
v 0.196561 0.698669 2.397247
v 0.000000 0.698073 2.414021
v 0.721688 0.755328 2.206887
v 0.547470 0.739760 2.317195
v 0.505742 0.713390 2.348675
v 0.000000 0.722268 2.410290
v 0.182339 0.703195 2.407996
v 0.510829 0.709050 2.339320
v 0.552403 0.732583 2.313219
v 0.722476 0.762202 2.206482
v 0.000000 0.697105 2.406064
v 0.189240 0.699624 2.405159
v 0.507977 0.708758 2.342698
v 0.512198 0.714331 2.339906
v 0.508578 0.711426 2.344315
v 0.518658 0.724861 2.336190
v 0.450324 0.785865 2.301382
v 0.476535 0.830647 2.217989
v 0.655313 1.003970 1.346335
v 0.636656 1.028630 1.215270
v 0.425779 0.716270 2.370249
v 0.355741 0.703796 2.385564
v 0.353801 0.707422 2.387619
v 0.358684 0.702454 2.378962
v 0.358023 0.726682 2.380896
v 0.465398 0.924400 1.959275
v 0.525021 0.980099 1.642807
v 0.386892 0.809435 2.275949
v 0.438822 0.894827 2.073641
v 0.507096 0.964882 1.747783
v 0.411438 0.855621 2.182173
v 0.555196 1.004579 1.423624
v 0.561327 1.019698 1.308884
v 0.487912 0.946783 1.850635
v 0.540885 0.992755 1.538166
v 0.368785 0.764421 2.346136
v 0.434096 0.745348 2.353930
v 0.508586 0.872618 2.115547
v 0.424014 0.707749 2.372046
v 0.427139 0.704214 2.361206
v 0.425665 0.705626 2.367627
v 0.547890 0.849407 2.157884
v 0.666321 0.950221 1.733758
v 0.584201 0.885512 2.051350
v 0.643463 0.933481 1.834081
v 0.475190 0.706887 2.351722
v 0.473375 0.708713 2.357008
v 0.473137 0.712265 2.358696
v 0.704625 0.977257 1.521695
v 0.478138 0.729881 2.352080
v 0.514125 0.806579 2.252679
v 0.617115 0.912965 1.938514
v 0.687263 0.965201 1.626691
v 0.490642 0.764709 2.321119
v 0.720573 0.988959 1.401241
v 0.706942 1.009372 1.269159
v 0.514915 0.746179 2.331851
v 0.602996 0.862937 2.098809
v 0.502995 0.711420 2.349941
v 0.506558 0.707267 2.340914
v 0.504531 0.709193 2.346004
v 0.522460 0.784443 2.286886
v 0.553405 0.826833 2.202658
v 0.748176 0.994142 1.327590
v 0.699974 1.025172 1.183583
v 0.496272 0.719035 2.350609
v 0.713737 0.757527 2.212438
v 0.808625 0.975334 1.191674
v 0.831825 0.939210 1.335224
v 0.752684 0.827691 2.060459
v 0.714585 0.763810 2.211764
v 0.734857 0.798398 2.141023
v 0.718296 0.770730 2.200337
v 0.713861 0.751204 2.211095
v 0.616629 0.746451 2.273205
v 0.682525 0.757545 2.232364
v 0.682930 0.750778 2.231061
v 0.684571 0.765123 2.227186
v 0.697445 0.786132 2.186491
v 0.718447 0.818305 2.110643
v 0.739551 0.847101 2.017047
v 0.760066 0.872337 1.912766
v 0.776089 0.890856 1.818341
v 0.788855 0.904940 1.722893
v 0.801482 0.918390 1.614390
v 0.811775 0.929466 1.508623
v 0.820008 0.940492 1.394526
v 0.834209 0.941691 1.290555
v 0.791093 0.989930 1.183581
v 0.723418 1.021012 1.162726
v 0.820893 0.961231 1.210913
v 0.743833 1.015734 1.147759
v 0.715948 1.021559 1.178592
v 0.000000 1.034312 1.340158
v 0.312945 1.033106 1.312172
v 0.560387 1.029996 1.250757
v 0.683240 1.024927 1.199860
v 0.720290 1.016954 1.206670
v 0.641687 1.023105 1.241610
v 0.736426 1.014267 1.181710
v 0.832624 0.947435 1.235616
v 0.782288 0.987036 1.245966
v 0.738617 1.017602 1.147238
v 0.822630 0.953478 1.274279
v 0.751565 1.011883 1.156128
v 0.807868 0.972789 1.218739
v 0.737150 1.017185 1.155679
v 0.829182 0.950221 1.243747
v 0.765664 1.002983 1.182516
v 0.504745 0.746271 2.335408
v 0.591112 0.866321 2.101164
v 0.494383 0.710990 2.352436
v 0.497808 0.706878 2.343168
v 0.495856 0.708733 2.348408
v 0.533989 0.783204 2.283507
v 0.565119 0.824511 2.199759
v 0.759311 0.990830 1.323959
v 0.707577 1.024287 1.178177
v 0.504778 0.719291 2.348081
v 0.712124 1.018217 1.212015
v 0.740673 0.971676 1.517862
v 0.541908 0.804779 2.247104
v 0.504985 0.730611 2.344323
v 0.500618 0.709991 2.349236
v 0.650306 0.908129 1.933845
v 0.722970 0.959651 1.623062
v 0.517271 0.764248 2.314752
v 0.756880 0.983446 1.395869
v 0.737604 1.005709 1.259074
v 0.500369 0.713508 2.350880
v 0.502566 0.708042 2.344264
v 0.677537 0.928217 1.830437
v 0.701324 0.944645 1.730683
v 0.616033 0.881187 2.046234
v 0.577781 0.846224 2.152093
v 0.707670 1.023093 1.186511
v -0.827668 0.953913 1.213747
v -0.770919 1.002961 1.164445
v -0.832822 0.931230 1.395014
v -0.807673 0.896514 1.721227
v -0.826734 0.920413 1.506689
v -0.818178 0.909586 1.612547
v -0.784120 0.864784 1.908091
v -0.766856 0.839917 2.010514
v -0.797504 0.882960 1.815702
v -0.747281 1.003577 1.243333
v -0.802079 0.963140 1.327257
v -0.552723 0.763873 2.297240
v -0.773880 0.973364 1.393698
v -0.759037 0.961506 1.515493
v -0.742759 0.949596 1.620909
v -0.722821 0.934854 1.728774
v -0.701114 0.918927 1.827606
v -0.676006 0.899200 1.929109
v -0.644307 0.872668 2.039834
v -0.677998 0.844958 2.079698
v -0.614966 0.755844 2.272102
v -0.749815 0.812408 2.101298
v -0.609234 0.839299 2.143178
v -0.649884 0.811228 2.170604
v -0.296451 1.006332 1.559723
v -0.258408 0.957218 1.872548
v -0.312155 1.028063 1.355171
v -0.306870 1.018184 1.450009
v -0.212887 0.858468 2.207387
v -0.272151 0.977105 1.766433
v -0.227057 0.900259 2.099835
v -0.190379 0.762601 2.367963
v -0.284651 0.992986 1.663338
v -0.242865 0.932376 1.985300
v -0.200315 0.809658 2.299643
v -0.576071 0.800212 2.234403
v -0.625990 0.776872 2.242266
v -0.732371 0.782051 2.172660
v -0.512690 0.729836 2.340961
v -0.184316 0.723443 2.401529
v -0.619189 0.739530 2.270473
v -0.522192 0.719783 2.331775
v -0.509268 0.717656 2.344734
v -0.505881 0.710788 2.347584
v -0.196561 0.698669 2.397247
v -0.721688 0.755328 2.206887
v -0.547470 0.739760 2.317195
v -0.505742 0.713390 2.348675
v -0.182339 0.703195 2.407996
v -0.510829 0.709050 2.339320
v -0.552403 0.732583 2.313219
v -0.722477 0.762202 2.206482
v -0.189240 0.699624 2.405159
v -0.507977 0.708758 2.342698
v -0.512198 0.714331 2.339906
v -0.508578 0.711426 2.344315
v -0.518658 0.724861 2.336190
v -0.450324 0.785865 2.301382
v -0.476535 0.830647 2.217989
v -0.655313 1.003970 1.346335
v -0.636656 1.028630 1.215270
v -0.425779 0.716270 2.370249
v -0.355741 0.703796 2.385564
v -0.353801 0.707422 2.387619
v -0.358684 0.702454 2.378962
v -0.358023 0.726682 2.380896
v -0.465398 0.924400 1.959275
v -0.525021 0.980099 1.642807
v -0.386892 0.809435 2.275948
v -0.438822 0.894827 2.073641
v -0.507096 0.964882 1.747782
v -0.411438 0.855621 2.182174
v -0.555196 1.004579 1.423624
v -0.561327 1.019698 1.308884
v -0.487912 0.946783 1.850635
v -0.540885 0.992755 1.538166
v -0.368785 0.764421 2.346136
v -0.434096 0.745348 2.353930
v -0.508586 0.872618 2.115547
v -0.424014 0.707749 2.372046
v -0.427139 0.704214 2.361206
v -0.425665 0.705626 2.367627
v -0.547890 0.849407 2.157884
v -0.666321 0.950221 1.733758
v -0.584201 0.885512 2.051350
v -0.643463 0.933482 1.834081
v -0.475190 0.706887 2.351722
v -0.473375 0.708713 2.357008
v -0.473137 0.712265 2.358696
v -0.704625 0.977257 1.521695
v -0.478138 0.729881 2.352081
v -0.514125 0.806579 2.252679
v -0.617115 0.912965 1.938514
v -0.687263 0.965201 1.626691
v -0.490642 0.764709 2.321119
v -0.720573 0.988958 1.401241
v -0.706942 1.009372 1.269159
v -0.514915 0.746179 2.331851
v -0.602996 0.862937 2.098810
v -0.502995 0.711420 2.349941
v -0.506558 0.707267 2.340914
v -0.504531 0.709193 2.346004
v -0.522460 0.784443 2.286886
v -0.553405 0.826833 2.202658
v -0.748176 0.994142 1.327590
v -0.699974 1.025172 1.183583
v -0.496272 0.719035 2.350609
v -0.713737 0.757527 2.212438
v -0.808625 0.975334 1.191674
v -0.831825 0.939210 1.335224
v -0.752684 0.827691 2.060459
v -0.714585 0.763810 2.211764
v -0.734857 0.798398 2.141023
v -0.718296 0.770730 2.200337
v -0.713861 0.751204 2.211095
v -0.616629 0.746451 2.273204
v -0.682525 0.757545 2.232364
v -0.682930 0.750778 2.231061
v -0.684571 0.765123 2.227186
v -0.697445 0.786132 2.186491
v -0.718447 0.818305 2.110643
v -0.739551 0.847101 2.017047
v -0.760066 0.872337 1.912765
v -0.776089 0.890856 1.818341
v -0.788855 0.904940 1.722893
v -0.801482 0.918390 1.614390
v -0.811776 0.929466 1.508623
v -0.820008 0.940492 1.394526
v -0.834209 0.941691 1.290555
v -0.791093 0.989930 1.183581
v -0.723418 1.021012 1.162726
v -0.820893 0.961231 1.210913
v -0.743833 1.015734 1.147759
v -0.715948 1.021559 1.178592
v -0.312945 1.033106 1.312172
v -0.560387 1.029996 1.250757
v -0.683240 1.024927 1.199860
v -0.720290 1.016954 1.206670
v -0.641687 1.023105 1.241610
v -0.736426 1.014267 1.181710
v -0.832624 0.947435 1.235616
v -0.782288 0.987036 1.245966
v -0.738617 1.017602 1.147238
v -0.822631 0.953478 1.274279
v -0.751565 1.011883 1.156128
v -0.807868 0.972789 1.218739
v -0.737150 1.017185 1.155679
v -0.829182 0.950221 1.243747
v -0.765664 1.002983 1.182516
v -0.504745 0.746271 2.335408
v -0.591112 0.866321 2.101164
v -0.494383 0.710990 2.352436
v -0.497808 0.706878 2.343168
v -0.495856 0.708733 2.348409
v -0.533989 0.783204 2.283507
v -0.565119 0.824511 2.199759
v -0.759311 0.990830 1.323959
v -0.707577 1.024287 1.178177
v -0.504778 0.719291 2.348081
v -0.712124 1.018217 1.212014
v -0.740673 0.971676 1.517862
v -0.541908 0.804779 2.247104
v -0.504985 0.730611 2.344323
v -0.500618 0.709991 2.349236
v -0.650305 0.908129 1.933845
v -0.722971 0.959651 1.623062
v -0.517271 0.764248 2.314752
v -0.756880 0.983446 1.395869
v -0.737604 1.005709 1.259074
v -0.500369 0.713508 2.350880
v -0.502566 0.708042 2.344264
v -0.677537 0.928217 1.830437
v -0.701324 0.944645 1.730683
v -0.616033 0.881187 2.046234
v -0.577781 0.846224 2.152093
v -0.707670 1.023093 1.186511
v 0.756881 1.003139 1.212235
v 0.797555 0.956673 1.394299
v 0.785662 0.945402 1.512026
v 0.772353 0.933899 1.617626
v 0.756039 0.919795 1.725816
v 0.738764 0.904787 1.822959
v 0.718160 0.885665 1.920932
v 0.692002 0.859784 2.028451
v 0.663847 0.828725 2.126943
v 0.636707 0.793125 2.210526
v 0.618945 0.764612 2.262039
v 0.649637 1.014168 1.286065
v 0.652880 0.996152 1.410815
v 0.710305 1.022662 1.184302
v 0.441031 0.764747 2.332333
v 0.620851 0.972102 1.633389
v 0.555269 0.918434 1.947141
v 0.462327 0.808112 2.262785
v 0.571972 0.847435 2.153219
v 0.621775 0.879092 2.045079
v 0.516342 0.727540 2.338548
v 0.617893 0.742944 2.271855
v 0.509707 0.710236 2.341815
v 0.615369 0.750338 2.274145
v 0.507373 0.712571 2.346731
v 0.429044 0.728500 2.365432
v 0.520498 0.722284 2.333946
v 0.706439 0.942299 1.730231
v 0.670915 0.929977 1.831146
v 0.505547 0.708229 2.343463
v 0.492216 0.852521 2.168401
v 0.601196 0.957051 1.739484
v 0.524903 0.890072 2.060745
v 0.579998 0.939736 1.840857
v 0.426476 0.704892 2.364498
v 0.424686 0.706504 2.370341
v 0.424224 0.710106 2.372130
v 0.637600 0.984410 1.528558
v 0.503321 0.713602 2.349969
v 0.731546 1.006819 1.261341
v 0.749864 0.985144 1.396966
v 0.512087 0.764511 2.316036
v 0.716031 0.961440 1.623770
v 0.643855 0.909805 1.934752
v 0.503567 0.710195 2.348393
v 0.508147 0.730577 2.343199
v 0.536509 0.805512 2.248190
v 0.713742 0.754314 2.211792
v 0.712454 0.765591 2.211788
v 0.725714 0.782884 2.175303
v 0.743860 0.813495 2.103061
v 0.761671 0.841245 2.011745
v 0.779553 0.866181 1.908971
v 0.793437 0.884421 1.816198
v 0.804099 0.898075 1.721539
v 0.815006 0.911219 1.612892
v 0.823892 0.922094 1.507050
v 0.830353 0.933014 1.394701
v 0.830932 0.945382 1.282473
v 0.714118 0.760809 2.212599
v 0.726633 1.019369 1.167179
v 0.637718 1.027359 1.221278
v 0.805697 0.968709 1.264600
v 0.808624 0.974711 1.197828
v 0.742261 1.016100 1.149800
v 0.828180 0.952726 1.223376
v 0.769800 1.002939 1.168453
v 0.733662 0.973426 1.518656
v 0.745473 0.969353 1.517251
v 0.548105 0.803700 2.245128
v 0.499565 0.730481 2.345921
v 0.494919 0.709723 2.350839
v 0.655820 0.905941 1.932929
v 0.727921 0.957299 1.622539
v 0.523431 0.763963 2.312172
v 0.761480 0.981209 1.395031
v 0.740904 1.004765 1.256405
v 0.494681 0.713249 2.352492
v 0.496839 0.707801 2.345801
v 0.682847 0.925954 1.829831
v 0.694521 0.946464 1.731280
v 0.609847 0.882758 2.047228
v 0.583786 0.844546 2.150577
v 0.702596 1.023621 1.189726
v -0.756881 1.003139 1.212235
v -0.797555 0.956673 1.394299
v -0.785662 0.945402 1.512026
v -0.772353 0.933899 1.617626
v -0.756039 0.919795 1.725816
v -0.738764 0.904787 1.822959
v -0.718160 0.885665 1.920932
v -0.692002 0.859784 2.028451
v -0.663847 0.828725 2.126943
v -0.636707 0.793125 2.210526
v -0.618945 0.764612 2.262039
v -0.649637 1.014168 1.286065
v -0.652880 0.996152 1.410815
v -0.710305 1.022662 1.184302
v -0.441031 0.764747 2.332333
v -0.620851 0.972102 1.633389
v -0.555269 0.918434 1.947141
v -0.462327 0.808112 2.262785
v -0.571972 0.847435 2.153219
v -0.621775 0.879092 2.045079
v -0.516342 0.727540 2.338547
v -0.617893 0.742944 2.271855
v -0.509707 0.710236 2.341816
v -0.615369 0.750339 2.274145
v -0.507373 0.712571 2.346731
v -0.429044 0.728500 2.365432
v -0.520498 0.722284 2.333946
v -0.706439 0.942299 1.730231
v -0.670915 0.929977 1.831146
v -0.505546 0.708229 2.343463
v -0.492215 0.852521 2.168401
v -0.601196 0.957051 1.739484
v -0.524903 0.890071 2.060746
v -0.579998 0.939736 1.840857
v -0.426476 0.704892 2.364499
v -0.424686 0.706504 2.370341
v -0.424224 0.710106 2.372130
v -0.637600 0.984410 1.528558
v -0.503321 0.713602 2.349969
v -0.731546 1.006819 1.261341
v -0.749864 0.985144 1.396966
v -0.512087 0.764511 2.316036
v -0.716031 0.961440 1.623770
v -0.643855 0.909805 1.934752
v -0.503567 0.710195 2.348393
v -0.508147 0.730577 2.343199
v -0.536509 0.805512 2.248190
v -0.713742 0.754314 2.211792
v -0.712454 0.765591 2.211788
v -0.725714 0.782884 2.175303
v -0.743860 0.813495 2.103061
v -0.761671 0.841245 2.011745
v -0.779553 0.866181 1.908971
v -0.793437 0.884421 1.816198
v -0.804099 0.898075 1.721539
v -0.815006 0.911219 1.612892
v -0.823892 0.922094 1.507050
v -0.830353 0.933014 1.394701
v -0.830932 0.945382 1.282473
v -0.714118 0.760809 2.212599
v -0.726633 1.019369 1.167179
v -0.637718 1.027359 1.221278
v -0.805697 0.968709 1.264600
v -0.808624 0.974711 1.197828
v -0.742261 1.016100 1.149800
v -0.828180 0.952726 1.223376
v -0.769800 1.002939 1.168453
v -0.733662 0.973426 1.518656
v -0.745473 0.969353 1.517251
v -0.548105 0.803700 2.245128
v -0.499565 0.730482 2.345921
v -0.494919 0.709723 2.350839
v -0.655820 0.905941 1.932929
v -0.727921 0.957299 1.622539
v -0.523431 0.763963 2.312173
v -0.761480 0.981209 1.395032
v -0.740904 1.004765 1.256405
v -0.494681 0.713249 2.352493
v -0.496839 0.707801 2.345801
v -0.682847 0.925954 1.829831
v -0.694521 0.946464 1.731280
v -0.609847 0.882758 2.047228
v -0.583786 0.844546 2.150577
v -0.702596 1.023621 1.189726
v 0.827797 0.946106 1.223283
v 0.738986 1.012263 1.145828
v 0.789130 0.985981 1.177727
v 0.756812 0.821948 2.057420
v 0.723523 0.765670 2.194144
v 0.831401 0.932894 1.337597
v 0.771010 0.980119 1.310515
v 0.711511 1.018485 1.172382
v 0.536314 0.744198 2.315651
v 0.625401 0.852605 2.090879
v 0.739797 0.793181 2.136703
v 0.590493 0.815945 2.188359
v 0.206138 0.830063 2.253880
v 0.310168 1.018442 1.397331
v 0.312856 1.028745 1.306325
v 0.186531 0.738634 2.386070
v 0.219562 0.876007 2.152868
v 0.194690 0.781232 2.334231
v 0.561441 0.777231 2.267949
v 0.502343 0.713401 2.345150
v 0.183899 0.703431 2.403414
v 0.717896 0.753750 2.202967
v 0.551416 0.730174 2.307327
v 0.506209 0.710989 2.337619
v 0.196857 0.703355 2.392507
v 0.504396 0.718250 2.342742
v 0.182404 0.708552 2.401451
v 0.509860 0.713956 2.334368
v 0.506947 0.716810 2.339256
v 0.504133 0.713013 2.342632
v 0.194144 0.703981 2.400659
v 0.719127 0.758759 2.203236
v 0.547660 0.736460 2.311002
v 0.361930 0.741112 2.365066
v 0.424588 0.871922 2.127128
v 0.376408 0.782201 2.311520
v 0.398101 0.828451 2.229436
v 0.559598 1.006542 1.362837
v 0.559895 1.026141 1.244046
v 0.353239 0.707275 2.383091
v 0.358871 0.706896 2.374425
v 0.354300 0.712473 2.381028
v 0.357229 0.707861 2.381311
v 0.500028 0.780979 2.288588
v 0.529520 0.823921 2.205132
v 0.719498 0.992644 1.332736
v 0.680350 1.021520 1.192871
v 0.473503 0.716848 2.352158
v 0.482391 0.743044 2.337354
v 0.565501 0.864121 2.103765
v 0.471533 0.712129 2.354316
v 0.475451 0.710744 2.347292
v 0.473584 0.712374 2.352706
v 0.816914 0.958644 1.203287
v 0.819453 0.942951 1.331628
v 0.727491 0.828691 2.064839
v 0.680789 0.758987 2.227499
v 0.706448 0.798196 2.148204
v 0.687654 0.768720 2.211009
v 0.680877 0.748246 2.225904
v 0.679838 0.754698 2.227748
v 0.751193 1.007057 1.152812
v 0.724339 1.011267 1.198101
v 0.312586 1.026502 1.325494
v 0.560337 1.021756 1.268305
v 0.690338 1.015047 1.220626
v 0.829803 0.941650 1.255827
v 0.785845 0.984742 1.202299
v 0.731994 1.014088 1.151876
v 0.818197 0.955067 1.231095
v 0.744898 1.007993 1.164056
v 0.508613 0.743424 2.330009
v 0.595523 0.860588 2.098106
v 0.498715 0.713361 2.346499
v 0.502803 0.711635 2.339726
v 0.500739 0.713466 2.344756
v 0.526466 0.780006 2.282948
v 0.557600 0.821698 2.199163
v 0.753232 0.987951 1.325501
v 0.703800 1.019883 1.179605
v 0.500504 0.717916 2.344380
v 0.716237 1.012710 1.208453
v -0.827797 0.946106 1.223283
v -0.738986 1.012263 1.145828
v -0.789130 0.985981 1.177727
v -0.756812 0.821948 2.057420
v -0.723523 0.765670 2.194144
v -0.831401 0.932894 1.337597
v -0.771010 0.980119 1.310515
v -0.711511 1.018485 1.172382
v -0.536314 0.744198 2.315651
v -0.625402 0.852605 2.090879
v -0.739797 0.793181 2.136703
v -0.590493 0.815945 2.188359
v 0.000000 1.025101 1.416854
v 0.000000 1.029540 1.334784
v 0.000000 0.737571 2.394991
v 0.000000 0.877459 2.164670
v 0.000000 0.829964 2.264558
v -0.206138 0.830063 2.253880
v -0.310168 1.018442 1.397331
v -0.312856 1.028745 1.306325
v -0.186531 0.738634 2.386070
v -0.219562 0.876007 2.152868
v -0.194690 0.781232 2.334231
v 0.000000 0.780135 2.343920
v -0.561441 0.777231 2.267948
v -0.502343 0.713402 2.345150
v 0.000000 0.702120 2.412240
v -0.183899 0.703430 2.403414
v -0.717896 0.753750 2.202967
v -0.551416 0.730174 2.307327
v -0.506209 0.710989 2.337619
v 0.000000 0.701851 2.401159
v -0.196857 0.703355 2.392507
v -0.504396 0.718250 2.342743
v 0.000000 0.707217 2.410116
v -0.182404 0.708552 2.401451
v -0.509860 0.713956 2.334368
v -0.506947 0.716810 2.339256
v -0.504133 0.713013 2.342631
v -0.194144 0.703981 2.400659
v 0.000000 0.702422 2.409759
v -0.719127 0.758759 2.203236
v -0.547659 0.736460 2.311002
v -0.361930 0.741112 2.365066
v -0.424588 0.871922 2.127129
v -0.376408 0.782201 2.311520
v -0.398101 0.828451 2.229436
v -0.559598 1.006542 1.362837
v -0.559895 1.026141 1.244046
v -0.353239 0.707275 2.383091
v -0.358871 0.706896 2.374425
v -0.354300 0.712473 2.381028
v -0.357229 0.707862 2.381310
v -0.500028 0.780979 2.288587
v -0.529520 0.823921 2.205132
v -0.719498 0.992644 1.332736
v -0.680350 1.021520 1.192871
v -0.473503 0.716848 2.352158
v -0.482391 0.743044 2.337354
v -0.565501 0.864121 2.103765
v -0.471533 0.712129 2.354316
v -0.475451 0.710744 2.347292
v -0.473584 0.712374 2.352706
v -0.816914 0.958644 1.203287
v -0.819453 0.942951 1.331628
v -0.727491 0.828691 2.064839
v -0.680789 0.758986 2.227499
v -0.706448 0.798196 2.148204
v -0.687654 0.768720 2.211009
v -0.680877 0.748246 2.225904
v -0.679838 0.754698 2.227748
v -0.751193 1.007057 1.152813
v -0.724339 1.011267 1.198102
v 0.000000 1.028764 1.352379
v -0.312586 1.026502 1.325494
v -0.560337 1.021756 1.268305
v -0.690338 1.015047 1.220626
v -0.829803 0.941650 1.255827
v -0.785845 0.984742 1.202299
v -0.731994 1.014088 1.151876
v -0.818197 0.955067 1.231095
v -0.744898 1.007993 1.164056
v -0.508613 0.743424 2.330009
v -0.595523 0.860588 2.098106
v -0.498715 0.713361 2.346499
v -0.502803 0.711635 2.339726
v -0.500739 0.713466 2.344756
v -0.526466 0.780006 2.282948
v -0.557600 0.821698 2.199163
v -0.753232 0.987951 1.325501
v -0.703800 1.019883 1.179605
v -0.500504 0.717916 2.344380
v -0.716237 1.012710 1.208453
v 0.824065 0.950455 1.213515
v 0.768872 0.998437 1.163861
v 0.829949 0.927170 1.394501
v 0.805634 0.892020 1.720422
v 0.824145 0.916177 1.506094
v 0.815850 0.905216 1.611855
v 0.782480 0.860239 1.906808
v 0.765345 0.835377 2.009065
v 0.795728 0.878386 1.814740
v 0.745369 0.998982 1.242855
v 0.799163 0.959114 1.326723
v 0.551027 0.760490 2.293972
v 0.771167 0.969209 1.393084
v 0.756450 0.957302 1.514702
v 0.740400 0.945283 1.619995
v 0.720724 0.930443 1.727704
v 0.699255 0.914446 1.826395
v 0.674274 0.894726 1.927702
v 0.642688 0.868257 2.038126
v 0.676496 0.840551 2.077875
v 0.612836 0.753512 2.268226
v 0.748434 0.807984 2.099424
v 0.607746 0.835029 2.141045
v 0.648448 0.807010 2.168335
v 0.000000 1.027510 1.378147
v 0.000000 0.757653 2.374001
v 0.000000 1.021187 1.465879
v 0.000000 1.009744 1.572581
v 0.000000 0.995923 1.673865
v 0.000000 0.979437 1.774918
v 0.000000 0.958185 1.882742
v 0.000000 0.931567 1.997278
v 0.000000 0.897824 2.110734
v 0.000000 0.854578 2.216493
v 0.296186 1.001378 1.559104
v 0.258158 0.952331 1.871521
v 0.311955 1.023098 1.354611
v 0.306619 1.013217 1.449493
v 0.212657 0.853935 2.205290
v 0.271893 0.972188 1.765559
v 0.226824 0.895525 2.098241
v 0.190135 0.758782 2.364746
v 0.284390 0.988045 1.662620
v 0.242625 0.927532 1.984084
v 0.200086 0.805407 2.297021
v 0.000000 0.804681 2.307191
v 0.574604 0.796147 2.231887
v 0.624502 0.772947 2.239548
v 0.730845 0.777917 2.170297
v 0.510142 0.728558 2.336853
v 0.000000 0.701474 2.411663
v 0.183973 0.721305 2.397023
v 0.616486 0.740244 2.266328
v 0.519086 0.720888 2.328016
v 0.505601 0.717850 2.341342
v 0.502998 0.713560 2.344584
v 0.196444 0.703647 2.396796
v 0.000000 0.702825 2.412466
v 0.719021 0.756167 2.202741
v 0.544830 0.739076 2.313004
v 0.502668 0.713508 2.344733
v 0.000000 0.720141 2.405765
v 0.181956 0.702824 2.403025
v 0.507078 0.710921 2.336595
v 0.549599 0.733419 2.309165
v 0.719628 0.760459 2.202762
v 0.000000 0.702092 2.405716
v 0.189007 0.704277 2.403342
v 0.505350 0.712188 2.340181
v 0.508418 0.715472 2.336839
v 0.504659 0.712964 2.341618
v 0.515414 0.725556 2.332450
v 0.449744 0.781747 2.298606
v 0.475959 0.826228 2.215722
v 0.654744 0.999051 1.345642
v 0.636043 1.023752 1.214358
v 0.424671 0.714923 2.365563
v 0.355149 0.708186 2.383245
v 0.352948 0.706927 2.382718
v 0.358372 0.707375 2.378135
v 0.357268 0.724553 2.376436
v 0.464979 0.919561 1.958086
v 0.524597 0.975169 1.642093
v 0.386440 0.805153 2.273408
v 0.438394 0.890091 2.072094
v 0.506671 0.959976 1.746916
v 0.410987 0.851083 2.180124
v 0.554760 0.999631 1.423053
v 0.560886 1.014781 1.308093
v 0.487491 0.941905 1.849622
v 0.540456 0.987812 1.537552
v 0.368277 0.760585 2.342970
v 0.433246 0.742267 2.350085
v 0.508022 0.867984 2.113756
v 0.422867 0.709933 2.367697
v 0.426677 0.709057 2.360051
v 0.425099 0.710361 2.366127
v 0.547194 0.844896 2.155844
v 0.665663 0.945345 1.732866
v 0.583520 0.880810 2.049790
v 0.642804 0.928635 1.833044
v 0.474573 0.711594 2.350151
v 0.472455 0.712880 2.354403
v 0.471806 0.711839 2.353895
v 0.703973 0.972338 1.521080
v 0.476964 0.727875 2.347653
v 0.513469 0.802278 2.250215
v 0.616450 0.908160 1.937301
v 0.686613 0.960299 1.625955
v 0.489864 0.760981 2.317880
v 0.719906 0.984038 1.400656
v 0.706236 1.004487 1.268359
v 0.513082 0.743575 2.327996
v 0.601295 0.858682 2.096809
v 0.501256 0.713432 2.345707
v 0.505248 0.711571 2.338733
v 0.503203 0.713457 2.343755
v 0.521614 0.780380 2.284098
v 0.552445 0.822489 2.200377
v 0.747186 0.989284 1.326943
v 0.699071 1.020327 1.182742
v 0.494987 0.717694 2.345967
v 0.711030 0.758068 2.208269
v 0.805415 0.971523 1.191251
v 0.828721 0.935315 1.334783
v 0.751240 0.823204 2.058793
v 0.712079 0.761260 2.208268
v 0.733453 0.794123 2.138843
v 0.716521 0.766867 2.197706
v 0.711184 0.752017 2.206952
v 0.613932 0.746924 2.269021
v 0.679916 0.757207 2.228112
v 0.680243 0.751520 2.226910
v 0.682846 0.761691 2.223984
v 0.696021 0.781982 2.184093
v 0.717019 0.813941 2.108665
v 0.737995 0.842603 2.015515
v 0.758379 0.867821 1.911439
v 0.774263 0.886319 1.817300
v 0.786765 0.900485 1.722010
v 0.799102 0.914059 1.613634
v 0.809135 0.925271 1.507970
v 0.817106 0.936459 1.393966
v 0.830960 0.937908 1.290186
v 0.788437 0.985729 1.183040
v 0.721826 1.016308 1.162149
v 0.817353 0.957713 1.210612
v 0.742136 1.011055 1.147284
v 0.714395 1.016840 1.178027
v 0.000000 1.029320 1.339877
v 0.312802 1.028141 1.311602
v 0.559968 1.025089 1.249894
v 0.682508 1.020061 1.198977
v 0.718747 1.012227 1.206146
v 0.641093 1.018219 1.240731
v 0.734742 1.009590 1.181167
v 0.829119 0.943880 1.235349
v 0.779811 0.982726 1.245436
v 0.736989 1.012898 1.146769
v 0.819386 0.949696 1.273863
v 0.749779 1.007249 1.155556
v 0.804726 0.968929 1.218266
v 0.735508 1.012495 1.155118
v 0.825721 0.946625 1.243449
v 0.763653 0.998440 1.181953
v 0.503674 0.743336 2.331505
v 0.590042 0.861815 2.099281
v 0.493049 0.713116 2.348111
v 0.497136 0.711478 2.341328
v 0.495102 0.713263 2.346431
v 0.532473 0.779385 2.280658
v 0.563570 0.820389 2.197392
v 0.757073 0.986385 1.323484
v 0.706146 1.019536 1.177552
v 0.502849 0.718127 2.343617
v 0.711212 1.013363 1.211236
v 0.738909 0.967058 1.517111
v 0.540608 0.800673 2.244565
v 0.503579 0.728674 2.339933
v 0.499612 0.714050 2.346496
v 0.648623 0.903640 1.932424
v 0.721214 0.955057 1.622164
v 0.515995 0.760719 2.311447
v 0.755113 0.978809 1.395257
v 0.736138 1.000961 1.258520
v 0.498970 0.713060 2.346101
v 0.501803 0.712579 2.342305
v 0.675841 0.923679 1.829201
v 0.699590 0.940081 1.729604
v 0.614378 0.876816 2.044458
v 0.576270 0.841994 2.149897
v 0.706492 1.018285 1.185809
v -0.824065 0.950455 1.213515
v -0.768872 0.998437 1.163861
v -0.829949 0.927170 1.394501
v -0.805634 0.892020 1.720422
v -0.824145 0.916177 1.506094
v -0.815850 0.905216 1.611855
v -0.782480 0.860239 1.906808
v -0.765344 0.835377 2.009065
v -0.795728 0.878386 1.814740
v -0.745369 0.998982 1.242855
v -0.799163 0.959114 1.326723
v -0.551027 0.760490 2.293972
v -0.771167 0.969209 1.393084
v -0.756450 0.957302 1.514702
v -0.740400 0.945283 1.619995
v -0.720724 0.930443 1.727705
v -0.699255 0.914446 1.826395
v -0.674274 0.894726 1.927702
v -0.642688 0.868257 2.038126
v -0.676497 0.840551 2.077875
v -0.612836 0.753512 2.268226
v -0.748434 0.807984 2.099424
v -0.607746 0.835029 2.141045
v -0.648448 0.807010 2.168335
v -0.296186 1.001378 1.559104
v -0.258158 0.952331 1.871522
v -0.311956 1.023098 1.354612
v -0.306619 1.013217 1.449493
v -0.212657 0.853935 2.205290
v -0.271893 0.972188 1.765559
v -0.226824 0.895525 2.098241
v -0.190135 0.758782 2.364746
v -0.284390 0.988045 1.662620
v -0.242625 0.927532 1.984084
v -0.200086 0.805407 2.297021
v -0.574604 0.796147 2.231888
v -0.624502 0.772947 2.239548
v -0.730845 0.777917 2.170297
v -0.510142 0.728558 2.336853
v -0.183973 0.721305 2.397023
v -0.616486 0.740244 2.266328
v -0.519086 0.720888 2.328016
v -0.505601 0.717850 2.341342
v -0.502998 0.713561 2.344584
v -0.196444 0.703647 2.396796
v -0.719022 0.756167 2.202741
v -0.544830 0.739076 2.313004
v -0.502668 0.713509 2.344733
v -0.181956 0.702824 2.403025
v -0.507078 0.710921 2.336595
v -0.549599 0.733419 2.309165
v -0.719628 0.760459 2.202762
v -0.189007 0.704277 2.403342
v -0.505350 0.712188 2.340181
v -0.508418 0.715472 2.336839
v -0.504659 0.712964 2.341618
v -0.515414 0.725556 2.332450
v -0.449744 0.781747 2.298606
v -0.475959 0.826228 2.215722
v -0.654744 0.999051 1.345642
v -0.636043 1.023752 1.214358
v -0.424671 0.714923 2.365563
v -0.355149 0.708186 2.383245
v -0.352948 0.706927 2.382718
v -0.358372 0.707375 2.378135
v -0.357268 0.724553 2.376435
v -0.464980 0.919561 1.958085
v -0.524597 0.975169 1.642093
v -0.386440 0.805153 2.273408
v -0.438394 0.890091 2.072094
v -0.506671 0.959976 1.746916
v -0.410987 0.851083 2.180124
v -0.554760 0.999631 1.423054
v -0.560886 1.014781 1.308093
v -0.487491 0.941905 1.849622
v -0.540456 0.987812 1.537552
v -0.368277 0.760585 2.342970
v -0.433246 0.742267 2.350084
v -0.508022 0.867984 2.113756
v -0.422867 0.709933 2.367697
v -0.426677 0.709057 2.360051
v -0.425099 0.710361 2.366126
v -0.547194 0.844896 2.155844
v -0.665663 0.945345 1.732866
v -0.583520 0.880810 2.049791
v -0.642804 0.928635 1.833044
v -0.474573 0.711594 2.350151
v -0.472455 0.712880 2.354403
v -0.471806 0.711839 2.353895
v -0.703973 0.972338 1.521080
v -0.476964 0.727875 2.347654
v -0.513469 0.802278 2.250215
v -0.616450 0.908160 1.937301
v -0.686613 0.960299 1.625955
v -0.489864 0.760981 2.317880
v -0.719906 0.984038 1.400656
v -0.706236 1.004487 1.268360
v -0.513082 0.743575 2.327996
v -0.601295 0.858682 2.096810
v -0.501256 0.713432 2.345708
v -0.505248 0.711571 2.338733
v -0.503203 0.713457 2.343755
v -0.521614 0.780380 2.284099
v -0.552445 0.822489 2.200377
v -0.747186 0.989284 1.326943
v -0.699071 1.020327 1.182742
v -0.494987 0.717694 2.345967
v -0.711030 0.758068 2.208269
v -0.805415 0.971523 1.191251
v -0.828721 0.935315 1.334783
v -0.751240 0.823204 2.058794
v -0.712079 0.761260 2.208268
v -0.733453 0.794123 2.138844
v -0.716521 0.766867 2.197705
v -0.711184 0.752017 2.206952
v -0.613932 0.746924 2.269021
v -0.679916 0.757206 2.228112
v -0.680243 0.751520 2.226910
v -0.682846 0.761692 2.223984
v -0.696021 0.781982 2.184093
v -0.717019 0.813941 2.108665
v -0.737996 0.842603 2.015515
v -0.758379 0.867821 1.911439
v -0.774263 0.886319 1.817300
v -0.786765 0.900485 1.722011
v -0.799102 0.914059 1.613634
v -0.809135 0.925271 1.507970
v -0.817106 0.936459 1.393966
v -0.830960 0.937908 1.290186
v -0.788437 0.985728 1.183040
v -0.721826 1.016308 1.162149
v -0.817353 0.957713 1.210612
v -0.742136 1.011055 1.147284
v -0.714395 1.016840 1.178027
v -0.312802 1.028141 1.311602
v -0.559968 1.025089 1.249894
v -0.682508 1.020061 1.198977
v -0.718747 1.012227 1.206146
v -0.641093 1.018219 1.240731
v -0.734742 1.009590 1.181167
v -0.829119 0.943880 1.235349
v -0.779811 0.982726 1.245436
v -0.736989 1.012898 1.146769
v -0.819387 0.949696 1.273863
v -0.749779 1.007249 1.155556
v -0.804726 0.968929 1.218266
v -0.735509 1.012495 1.155118
v -0.825721 0.946625 1.243449
v -0.763653 0.998440 1.181953
v -0.503674 0.743336 2.331505
v -0.590042 0.861815 2.099280
v -0.493048 0.713116 2.348111
v -0.497136 0.711478 2.341328
v -0.495102 0.713263 2.346431
v -0.532473 0.779385 2.280658
v -0.563570 0.820389 2.197392
v -0.757073 0.986385 1.323484
v -0.706146 1.019536 1.177552
v -0.502849 0.718127 2.343617
v -0.711212 1.013363 1.211236
v -0.738909 0.967058 1.517110
v -0.540608 0.800673 2.244565
v -0.503579 0.728674 2.339934
v -0.499612 0.714050 2.346496
v -0.648623 0.903640 1.932424
v -0.721214 0.955057 1.622165
v -0.515995 0.760719 2.311447
v -0.755113 0.978809 1.395257
v -0.736138 1.000961 1.258520
v -0.498970 0.713060 2.346101
v -0.501803 0.712579 2.342305
v -0.675841 0.923679 1.829201
v -0.699590 0.940081 1.729604
v -0.614378 0.876816 2.044458
v -0.576270 0.841994 2.149897
v -0.706491 1.018285 1.185809
v 0.754939 0.998562 1.211706
v 0.794707 0.952607 1.393698
v 0.783026 0.941216 1.511301
v 0.769971 0.929583 1.616790
v 0.753944 0.915362 1.724838
v 0.736927 0.900276 1.821832
v 0.716459 0.881166 1.919567
v 0.690425 0.855325 2.026832
v 0.662396 0.824405 2.124885
v 0.635264 0.789017 2.208068
v 0.617255 0.761174 2.258826
v 0.649051 1.009270 1.285248
v 0.652327 0.991217 1.410234
v 0.708874 1.017910 1.183703
v 0.440362 0.760960 2.329138
v 0.620318 0.967183 1.632666
v 0.554733 0.913608 1.945946
v 0.461762 0.803818 2.260288
v 0.570942 0.843017 2.151116
v 0.619999 0.874773 2.043292
v 0.513304 0.727221 2.334590
v 0.615187 0.743646 2.267710
v 0.505929 0.712103 2.339125
v 0.612803 0.749666 2.269907
v 0.503522 0.713549 2.343696
v 0.428018 0.726438 2.360994
v 0.517292 0.723324 2.330252
v 0.704336 0.937903 1.729110
v 0.669864 0.925217 1.830030
v 0.504316 0.712571 2.341311
v 0.491639 0.847992 2.166362
v 0.600659 0.952158 1.738609
v 0.524353 0.885348 2.059200
v 0.579463 0.934871 1.839837
v 0.426003 0.709727 2.363317
v 0.423889 0.710774 2.367865
v 0.423054 0.709653 2.367290
v 0.637062 0.979477 1.527947
v 0.501447 0.713204 2.345351
v 0.730594 1.001964 1.260619
v 0.748864 0.980282 1.396369
v 0.511180 0.760840 2.312766
v 0.715014 0.956610 1.622976
v 0.642788 0.905096 1.933454
v 0.502121 0.714084 2.345603
v 0.506215 0.728838 2.338928
v 0.535625 0.801260 2.245712
v 0.711067 0.755127 2.207647
v 0.710610 0.762108 2.208711
v 0.724191 0.778766 2.172911
v 0.742461 0.809098 2.101135
v 0.760147 0.836718 2.010267
v 0.777893 0.861647 1.907670
v 0.791642 0.879860 1.815212
v 0.802039 0.893594 1.720715
v 0.812657 0.906863 1.612184
v 0.821282 0.917873 1.506441
v 0.827457 0.928972 1.394179
v 0.827607 0.941665 1.282124
v 0.711363 0.760210 2.208470
v 0.725026 1.014669 1.166611
v 0.637121 1.022477 1.220376
v 0.802688 0.964747 1.264104
v 0.805354 0.970952 1.197410
v 0.740586 1.011417 1.149293
v 0.824654 0.949192 1.223107
v 0.767733 0.998423 1.167873
v 0.732665 0.968570 1.517999
v 0.743083 0.965036 1.516441
v 0.546600 0.799673 2.242574
v 0.498340 0.728496 2.341499
v 0.493965 0.713824 2.348143
v 0.653957 0.901533 1.931480
v 0.725659 0.952941 1.621591
v 0.521800 0.760580 2.308873
v 0.759050 0.976882 1.394420
v 0.739031 1.000149 1.255967
v 0.493327 0.712813 2.347699
v 0.496150 0.712401 2.343968
v 0.680900 0.921527 1.828562
v 0.693481 0.941669 1.730319
v 0.608764 0.878164 2.045578
v 0.582166 0.840358 2.148377
v 0.701701 1.018771 1.188906
v -0.754939 0.998562 1.211706
v -0.794707 0.952607 1.393698
v -0.783026 0.941216 1.511301
v -0.769971 0.929583 1.616789
v -0.753944 0.915362 1.724838
v -0.736927 0.900276 1.821832
v -0.716459 0.881166 1.919566
v -0.690425 0.855325 2.026832
v -0.662396 0.824405 2.124886
v -0.635264 0.789017 2.208068
v -0.617255 0.761174 2.258826
v -0.649051 1.009270 1.285248
v -0.652327 0.991217 1.410233
v -0.708874 1.017910 1.183703
v -0.440362 0.760960 2.329138
v -0.620318 0.967183 1.632667
v -0.554733 0.913608 1.945946
v -0.461762 0.803818 2.260288
v -0.570942 0.843017 2.151116
v -0.619999 0.874773 2.043292
v -0.513304 0.727221 2.334589
v -0.615186 0.743646 2.267710
v -0.505929 0.712103 2.339125
v -0.612803 0.749666 2.269907
v -0.503522 0.713549 2.343696
v -0.428018 0.726438 2.360994
v -0.517292 0.723324 2.330253
v -0.704336 0.937903 1.729110
v -0.669864 0.925217 1.830030
v -0.504316 0.712571 2.341311
v -0.491639 0.847992 2.166362
v -0.600659 0.952158 1.738609
v -0.524353 0.885348 2.059200
v -0.579463 0.934871 1.839837
v -0.426003 0.709727 2.363317
v -0.423889 0.710774 2.367865
v -0.423054 0.709653 2.367290
v -0.637062 0.979477 1.527947
v -0.501447 0.713205 2.345351
v -0.730593 1.001964 1.260619
v -0.748864 0.980282 1.396369
v -0.511180 0.760840 2.312766
v -0.715014 0.956610 1.622976
v -0.642788 0.905096 1.933454
v -0.502121 0.714084 2.345603
v -0.506215 0.728838 2.338928
v -0.535625 0.801260 2.245712
v -0.711067 0.755127 2.207646
v -0.710610 0.762108 2.208710
v -0.724192 0.778766 2.172911
v -0.742461 0.809099 2.101135
v -0.760147 0.836718 2.010268
v -0.777893 0.861647 1.907670
v -0.791642 0.879860 1.815211
v -0.802039 0.893594 1.720715
v -0.812657 0.906863 1.612184
v -0.821282 0.917873 1.506441
v -0.827457 0.928972 1.394179
v -0.827607 0.941665 1.282124
v -0.711363 0.760210 2.208470
v -0.725026 1.014669 1.166611
v -0.637121 1.022477 1.220376
v -0.802688 0.964747 1.264104
v -0.805354 0.970952 1.197410
v -0.740586 1.011417 1.149293
v -0.824654 0.949192 1.223106
v -0.767733 0.998423 1.167873
v -0.732665 0.968570 1.517999
v -0.743083 0.965036 1.516441
v -0.546600 0.799674 2.242574
v -0.498340 0.728497 2.341499
v -0.493965 0.713824 2.348143
v -0.653957 0.901533 1.931479
v -0.725659 0.952941 1.621591
v -0.521800 0.760579 2.308873
v -0.759050 0.976882 1.394420
v -0.739031 1.000149 1.255968
v -0.493327 0.712813 2.347699
v -0.496150 0.712401 2.343968
v -0.680900 0.921527 1.828562
v -0.693481 0.941669 1.730319
v -0.608764 0.878164 2.045578
v -0.582166 0.840358 2.148377
v -0.701701 1.018771 1.188906
vn 0.3356 0.9355 0.1110
vn 0.4030 0.9079 0.1152
vn 0.3477 0.9301 0.1186
vn 0.3227 0.9405 0.1063
vn 0.3888 0.9151 0.1067
vn 0.3802 0.9197 0.0980
vn 0.4950 0.8626 0.1045
vn 0.5151 0.8498 0.1123
vn 0.5266 0.8378 0.1441
vn 0.5507 0.8255 0.1236
vn 0.5160 0.8421 0.1567
vn 0.6091 0.7871 0.0978
vn 0.5741 0.8098 0.1207
vn 0.5807 0.8067 0.1093
vn 0.5823 0.8060 0.1063
vn -0.0000 0.9927 0.1209
vn 0.0491 0.9881 0.1455
vn 0.0490 0.9913 0.1221
vn 0.4764 0.8630 0.1681
vn 0.4706 0.8629 0.1843
vn 0.0448 0.8184 0.5729
vn 0.0960 0.7701 0.6307
vn 0.0859 0.8265 0.5564
vn 0.4184 0.8872 0.1943
vn 0.4174 0.8834 0.2129
vn -0.0000 0.9256 0.3784
vn 0.0453 0.9066 0.4195
vn 0.0452 0.9289 0.3676
vn 0.3671 0.9012 0.2305
vn 0.3700 0.8961 0.2451
vn -0.0000 0.9779 0.2093
vn 0.0459 0.9676 0.2482
vn 0.0472 0.9775 0.2054
vn 0.3402 0.9000 0.2726
vn 0.3458 0.8942 0.2843
vn -0.0000 0.9956 0.0940
vn 0.3142 0.8948 0.3172
vn 0.3217 0.8861 0.3338
vn -0.0000 0.9477 0.3193
vn 0.0448 0.9499 0.3094
vn 0.2960 0.8912 0.3436
vn 0.2996 0.8815 0.3650
vn 0.3070 0.8704 0.3850
vn 0.2836 0.8512 0.4417
vn 0.2897 0.8638 0.4122
vn 0.2870 0.8435 0.4541
vn 0.2858 0.8733 0.3945
vn 0.2959 0.8540 0.4280
vn 0.2914 0.8358 0.4654
vn 0.2876 0.8065 0.5166
vn 0.2885 0.8213 0.4922
vn 0.2981 0.7832 0.5457
vn 0.2849 0.8310 0.4779
vn 0.2928 0.8125 0.5042
vn 0.3038 0.7680 0.5638
vn -0.0000 0.8162 0.5778
vn 0.0483 0.7622 0.6455
vn 0.0805 0.9506 0.2998
vn 0.0803 0.9669 0.2421
vn 0.0803 0.9760 0.2023
vn 0.0810 0.9818 0.1720
vn 0.0812 0.9862 0.1443
vn -0.0000 0.9669 0.2550
vn -0.0000 0.8461 0.5331
vn 0.0449 0.8500 0.5249
vn 0.0484 0.9836 0.1739
vn -0.0000 0.9890 0.1478
vn -0.0000 0.9842 0.1769
vn 0.0828 0.9302 0.3575
vn -0.0000 0.9974 0.0724
vn 0.0477 0.9932 0.1066
vn 0.0447 0.9934 0.1060
vn -0.0000 0.9029 0.4298
vn 0.0453 0.8797 0.4733
vn 0.0848 0.9087 0.4087
vn -0.0000 0.7624 -0.6471
vn 0.0289 0.9928 0.1164
vn -0.0930 0.8033 -0.5883
vn -0.0000 0.9990 0.0448
vn 0.0336 0.9924 0.1181
vn 0.0785 0.9813 0.1760
vn -0.1436 0.8442 -0.5165
vn 0.1184 0.6357 0.7628
vn 0.3388 0.6978 0.6312
vn 0.3369 0.6924 0.6380
vn 0.3395 0.6737 0.6564
vn 0.4205 0.4891 0.7642
vn 0.4559 0.3823 0.8038
vn 0.0825 0.9899 0.1154
vn 0.1078 0.9866 0.1228
vn 0.1107 0.9869 0.1177
vn 0.1304 0.9802 0.1488
vn 0.1306 0.9836 0.1240
vn 0.1072 0.9730 0.2044
vn 0.1074 0.9788 0.1741
vn 0.1339 0.9596 0.2474
vn 0.1321 0.9692 0.2080
vn 0.0827 0.9875 0.1343
vn 0.0806 0.9815 0.1736
vn 0.0816 0.9892 0.1220
vn 0.0853 0.8845 0.4586
vn 0.1070 0.9834 0.1462
vn 0.0844 0.8577 0.5072
vn 0.1091 0.9476 0.3001
vn 0.1081 0.9638 0.2437
vn 0.1188 0.9769 0.1777
vn 0.1411 0.9770 0.1599
vn 0.1440 0.9747 0.1707
vn 0.1169 0.9794 0.1647
vn 0.0822 0.9837 0.1601
vn 0.1136 0.9838 0.1389
vn 0.1370 0.9810 0.1376
vn 0.1338 0.9839 0.1184
vn 0.3589 0.9250 0.1249
vn 0.4776 0.8638 0.1605
vn 0.4979 0.8585 0.1228
vn -0.2106 0.8753 -0.4352
vn 0.2832 0.9513 0.1218
vn -0.2192 0.8781 -0.4253
vn 0.2323 0.9622 0.1425
vn 0.3017 0.9471 0.1091
vn 0.3093 0.9441 0.1143
vn -0.2271 0.8789 -0.4194
vn 0.1157 0.8236 0.5552
vn 0.1547 0.7444 0.6495
vn 0.1327 0.8210 0.5552
vn 0.1344 0.7577 0.6386
vn 0.1706 0.6170 0.7683
vn 0.1967 0.5976 0.7773
vn 0.1997 0.9709 0.1325
vn 0.3518 0.9184 0.1810
vn 0.3531 0.9234 0.1504
vn 0.1318 0.9753 0.1775
vn 0.4199 0.8798 0.2227
vn 0.4521 0.8713 0.1911
vn 0.2103 0.9517 0.2236
vn 0.3371 0.8958 0.2897
vn 0.3393 0.9075 0.2476
vn 0.1355 0.9433 0.3029
vn 0.3553 0.8675 0.3481
vn 0.3726 0.8799 0.2948
vn 0.1155 0.8842 0.4526
vn 0.1317 0.8605 0.4921
vn 0.1375 0.8833 0.4482
vn 0.1129 0.8592 0.4989
vn -0.0000 0.2831 0.9591
vn 0.0727 0.0705 0.9949
vn 0.0747 0.2838 0.9560
vn -0.0000 0.7618 0.6478
vn 0.0584 0.6275 0.7764
vn -0.0000 -0.5760 0.8175
vn 0.0770 -0.5464 0.8340
vn -0.0000 -0.9977 0.0682
vn 0.0323 -0.9870 0.1575
vn -0.0000 -0.9921 0.1254
vn 0.2162 0.9006 0.3770
vn 0.3035 0.8455 0.4392
vn 0.3228 0.8580 0.3994
vn 0.1388 0.9225 0.3600
vn 0.2083 0.8830 0.4207
vn 0.1400 0.9024 0.4075
vn 0.1941 0.8684 0.4563
vn 0.2802 0.8363 0.4713
vn 0.3399 0.8512 0.4000
vn 0.3328 0.8772 0.3460
vn 0.3324 0.9082 0.2543
vn 0.8751 0.4108 0.2557
vn 0.8888 0.3997 0.2243
vn 0.4162 0.4674 0.7800
vn 0.6167 0.0160 0.7870
vn 0.5134 0.1641 0.8423
vn 0.5209 0.2349 0.8207
vn 0.7533 -0.0598 0.6550
vn 0.7793 -0.1805 0.6001
vn 0.6375 -0.1576 0.7541
vn 0.5540 -0.0823 0.8285
vn 0.5365 -0.1283 0.8341
vn 0.5404 -0.1288 0.8315
vn 0.5373 -0.1502 0.8299
vn 0.5381 -0.0785 0.8392
vn 0.5555 -0.1478 0.8183
vn 0.4438 -0.7904 0.4224
vn 0.4011 -0.7905 0.4628
vn 0.3846 -0.8019 0.4572
vn 0.0245 -0.9958 0.0879
vn -0.0000 -0.7558 -0.6548
vn -0.0371 -0.7658 -0.6420
vn 0.0732 -0.9685 0.2379
vn 0.7637 -0.3758 0.5250
vn 0.7603 -0.2485 0.6002
vn 0.7926 -0.3098 0.5252
vn 0.5285 -0.6851 0.5013
vn 0.3772 -0.9198 -0.1082
vn 0.6872 -0.7151 -0.1278
vn 0.7084 -0.7057 0.0111
vn 0.0565 -0.9860 0.1570
vn -0.0666 -0.8162 -0.5739
vn -0.0000 0.6269 0.7791
vn 0.0696 0.4254 0.9023
vn -0.0000 0.4247 0.9053
vn -0.0000 -0.9493 0.3144
vn 0.5245 0.0214 0.8511
vn 0.5102 0.1584 0.8453
vn 0.0514 -0.9278 0.3694
vn 0.1550 -0.4579 0.8754
vn 0.6054 0.1117 0.7881
vn 0.7787 -0.1981 0.5953
vn 0.6258 -0.0192 0.7797
vn 0.5852 -0.5535 0.5926
vn 0.5635 -0.6460 0.5149
vn 0.2346 0.4006 0.8857
vn 0.2054 0.4129 0.8873
vn 0.1413 0.4296 0.8919
vn 0.2214 0.2695 0.9372
vn 0.2512 0.2654 0.9308
vn 0.1113 -0.8786 0.4645
vn 0.1576 0.1008 0.9824
vn 0.6285 -0.2183 0.7466
vn 0.5781 -0.7697 0.2708
vn 0.4129 0.8958 0.1643
vn 0.9030 0.3907 0.1788
vn 0.9285 0.3441 0.1394
vn 0.4714 0.8704 0.1422
vn 0.1520 0.2826 0.9471
vn -0.3661 0.9056 0.2143
vn -0.4184 0.8872 0.1943
vn -0.4192 0.8909 0.1750
vn 0.2084 0.9591 0.1915
vn 0.3591 0.9107 0.2044
vn 0.2141 0.9402 0.2648
vn -0.0527 -0.9429 -0.3288
vn 0.2472 -0.8684 0.4298
vn 0.1526 -0.9067 0.3933
vn 0.0339 -0.9746 -0.2213
vn 0.2669 -0.8527 0.4492
vn 0.1649 -0.8946 0.4154
vn 0.1156 0.9059 0.4074
vn 0.1129 0.9269 0.3578
vn 0.3882 0.8857 0.2545
vn 0.3475 0.9128 0.2146
vn 0.1127 -0.9473 0.2999
vn 0.0936 -0.9674 0.2351
vn -0.0837 -0.8610 -0.5016
vn 0.1261 -0.9369 0.3262
vn 0.1417 -0.9192 0.3673
vn 0.2291 -0.4408 0.8679
vn 0.1590 -0.8544 0.4946
vn 0.1851 -0.8300 0.5261
vn 0.2616 -0.4301 0.8640
vn 0.2341 0.0891 0.9681
vn 0.2661 0.0850 0.9602
vn 0.3403 -0.4053 0.8485
vn 0.2787 0.0895 0.9562
vn 0.2729 -0.4206 0.8652
vn 0.5392 -0.3516 0.7653
vn 0.3733 0.0792 0.9243
vn 0.3853 0.2331 0.8929
vn 0.2715 0.2687 0.9242
vn 0.1812 0.9710 0.1561
vn 0.2878 0.9511 0.1118
vn 0.2477 0.9602 0.1291
vn 0.1907 0.9710 0.1440
vn 0.1995 0.9714 0.1286
vn 0.3367 0.9355 0.1068
vn 0.2014 0.9720 0.1213
vn -0.5290 0.8385 0.1304
vn -0.5741 0.8098 0.1207
vn -0.5807 0.8067 0.1093
vn 0.1673 0.8130 0.5577
vn 0.2547 0.7060 0.6608
vn 0.2465 0.7856 0.5676
vn 0.1797 0.7343 0.6546
vn 0.2146 0.5870 0.7806
vn 0.2772 0.5629 0.7787
vn 0.2036 0.9659 0.1600
vn 0.5230 0.8435 0.1222
vn 0.9511 0.2866 0.1154
vn 0.9691 0.2309 0.0871
vn -0.4764 0.8630 0.1681
vn -0.4778 0.8653 0.1514
vn 0.2169 0.9218 0.3212
vn -0.3117 0.9014 0.3004
vn -0.3402 0.9000 0.2726
vn -0.3384 0.9041 0.2610
vn 0.2900 -0.7777 0.5578
vn 0.2013 -0.8117 0.5483
vn 0.3864 0.3480 0.8542
vn 0.3657 0.5213 0.7710
vn 0.2803 0.3886 0.8777
vn 0.2592 0.8217 0.5077
vn 0.1773 0.8503 0.4955
vn 0.5345 -0.1345 0.8344
vn 0.9612 -0.2451 0.1264
vn 0.9511 -0.1032 0.2912
vn 0.5354 -0.1654 0.8282
vn 0.4071 -0.8145 0.4134
vn 0.6947 -0.7026 0.1544
vn 0.3518 0.7765 0.5227
vn 0.5356 0.4016 0.7429
vn 0.8977 0.1950 0.3950
vn 0.4044 0.6678 0.6249
vn 0.2943 0.8266 0.4796
vn 0.8602 0.3295 0.3892
vn 0.2788 0.8556 0.4361
vn 0.8529 0.3742 0.3640
vn 0.2796 0.8795 0.3852
vn 0.8560 0.4018 0.3254
vn 0.2896 0.8975 0.3327
vn 0.8641 0.4143 0.2858
vn 0.3062 0.9062 0.2917
vn 0.3384 0.9041 0.2610
vn 0.3117 0.9014 0.3004
vn 0.3661 0.9056 0.2143
vn 0.4192 0.8909 0.1750
vn 0.4778 0.8653 0.1514
vn 0.5290 0.8385 0.1304
vn 0.9916 0.1264 0.0272
vn 0.5779 0.8094 0.1044
vn 0.9843 0.1670 0.0572
vn 0.6160 0.7828 0.0884
vn 0.6475 0.7576 0.0821
vn 0.6960 0.7155 0.0604
vn 0.6863 0.7238 0.0716
vn 0.6655 0.7431 0.0700
vn 0.9973 0.0729 -0.0052
vn 0.9994 0.0218 -0.0277
vn 0.9366 0.0548 0.3462
vn 0.5410 0.0333 0.8403
vn 0.3213 0.9399 0.1159
vn 0.3290 0.9373 0.1151
vn -0.2263 0.8812 -0.4151
vn -0.1773 0.8523 -0.4920
vn 0.1465 0.9733 0.1766
vn -0.1976 0.8536 -0.4820
vn 0.1199 0.9758 0.1827
vn -0.0000 0.9988 0.0487
vn 0.0395 0.9927 0.1138
vn -0.0448 0.8184 0.5729
vn -0.0449 0.8500 0.5249
vn -0.0000 0.9983 0.0578
vn 0.6311 0.7698 0.0957
vn 0.5043 0.8583 0.0943
vn 0.6016 0.7928 0.0981
vn 0.5305 0.8402 0.1120
vn 0.7811 0.3328 -0.5283
vn 0.7087 0.4835 -0.5138
vn 0.6540 0.7516 0.0856
vn 0.7087 0.7031 0.0584
vn 0.8320 0.1755 -0.5262
vn 0.5606 0.6030 -0.5676
vn 0.3553 0.9270 0.1203
vn 0.6034 0.5991 -0.5264
vn 0.2172 0.6484 -0.7296
vn 0.3340 0.9370 0.1020
vn -0.1682 0.8272 -0.5361
vn 0.9022 0.0644 -0.4266
vn 0.7055 0.7066 0.0541
vn 0.9974 0.0002 -0.0715
vn 0.9746 0.0087 -0.2236
vn 0.6371 0.5689 -0.5201
vn 0.4124 0.9031 0.1199
vn -0.5266 0.8378 0.1441
vn 0.3075 0.8254 0.4734
vn 0.2992 0.8061 0.5106
vn 0.3008 0.7646 0.5700
vn 0.2454 0.3975 0.8842
vn 0.2565 0.2690 0.9284
vn 0.1916 -0.8178 0.5427
vn 0.1523 -0.9026 0.4026
vn 0.2669 -0.4239 0.8655
vn -0.3671 0.9012 0.2305
vn 0.3250 0.6770 0.6603
vn 0.4498 0.8884 0.0912
vn 0.3633 0.9269 0.0943
vn 0.2704 0.0876 0.9588
vn -0.0733 -0.9059 -0.4170
vn 0.1397 -0.9159 0.3762
vn -0.0623 -0.9286 -0.3659
vn 0.3220 0.8383 0.4399
vn 0.1783 0.9701 0.1645
vn -0.2052 0.8627 -0.4622
vn -0.4030 0.9079 0.1152
vn -0.3356 0.9355 0.1110
vn -0.3477 0.9301 0.1187
vn -0.5151 0.8498 0.1123
vn -0.3888 0.9151 0.1067
vn -0.4950 0.8626 0.1045
vn -0.3802 0.9197 0.0980
vn -0.3227 0.9405 0.1063
vn -0.5507 0.8255 0.1236
vn -0.0483 0.7622 0.6455
vn -0.1184 0.6357 0.7628
vn -0.0584 0.6275 0.7764
vn -0.5823 0.8060 0.1063
vn -0.6091 0.7871 0.0978
vn -0.5160 0.8421 0.1567
vn -0.0490 0.9913 0.1221
vn -0.0477 0.9932 0.1066
vn -0.4706 0.8629 0.1843
vn -0.0453 0.8797 0.4733
vn -0.0453 0.9066 0.4195
vn -0.4174 0.8834 0.2129
vn -0.0491 0.9881 0.1455
vn -0.3700 0.8961 0.2451
vn -0.0472 0.9775 0.2054
vn -0.0484 0.9836 0.1739
vn -0.3142 0.8948 0.3172
vn -0.3458 0.8942 0.2843
vn -0.2960 0.8912 0.3436
vn -0.2996 0.8815 0.3650
vn -0.3217 0.8861 0.3338
vn -0.2836 0.8512 0.4417
vn -0.2897 0.8638 0.4122
vn -0.2858 0.8733 0.3945
vn -0.2870 0.8435 0.4541
vn -0.2959 0.8540 0.4280
vn -0.3070 0.8704 0.3850
vn -0.2876 0.8065 0.5166
vn -0.2886 0.8213 0.4922
vn -0.2849 0.8310 0.4779
vn -0.2981 0.7832 0.5457
vn -0.2928 0.8125 0.5042
vn -0.2914 0.8358 0.4653
vn -0.0803 0.9669 0.2421
vn -0.0459 0.9676 0.2482
vn -0.0812 0.9862 0.1443
vn -0.0805 0.9506 0.2998
vn -0.0448 0.9499 0.3094
vn -0.0000 0.8756 0.4831
vn -0.0452 0.9289 0.3676
vn -0.0828 0.9302 0.3575
vn -0.0447 0.9934 0.1060
vn -0.0825 0.9899 0.1154
vn -0.0827 0.9875 0.1343
vn -0.0336 0.9924 0.1181
vn -0.0289 0.9928 0.1164
vn 0.0930 0.8033 -0.5883
vn -0.0960 0.7701 0.6307
vn -0.0859 0.8265 0.5564
vn -0.0806 0.9815 0.1736
vn -0.0785 0.9813 0.1760
vn -0.3388 0.6978 0.6312
vn -0.4559 0.3823 0.8038
vn -0.3369 0.6924 0.6380
vn -0.4205 0.4892 0.7641
vn -0.3395 0.6737 0.6564
vn -0.3038 0.7680 0.5638
vn -0.1078 0.9866 0.1228
vn -0.1304 0.9802 0.1488
vn -0.1070 0.9834 0.1462
vn -0.1107 0.9869 0.1177
vn -0.1072 0.9730 0.2044
vn -0.1339 0.9596 0.2474
vn -0.1081 0.9638 0.2437
vn -0.0810 0.9818 0.1720
vn -0.1074 0.9788 0.1741
vn 0.1436 0.8442 -0.5165
vn -0.0816 0.9892 0.1220
vn -0.0853 0.8845 0.4587
vn -0.0848 0.9087 0.4087
vn -0.0803 0.9760 0.2023
vn -0.0844 0.8577 0.5072
vn -0.1091 0.9476 0.3001
vn -0.1411 0.9770 0.1599
vn -0.1188 0.9769 0.1777
vn -0.1440 0.9747 0.1707
vn -0.1370 0.9810 0.1376
vn -0.1169 0.9794 0.1647
vn -0.1136 0.9838 0.1389
vn -0.0822 0.9837 0.1601
vn -0.1337 0.9839 0.1184
vn -0.4776 0.8638 0.1605
vn -0.3589 0.9250 0.1249
vn -0.4979 0.8585 0.1228
vn -0.1306 0.9836 0.1240
vn 0.2106 0.8753 -0.4352
vn -0.2832 0.9513 0.1218
vn -0.2323 0.9622 0.1425
vn 0.2192 0.8781 -0.4253
vn -0.3093 0.9441 0.1143
vn -0.3017 0.9471 0.1091
vn -0.2477 0.9602 0.1291
vn -0.1547 0.7444 0.6495
vn -0.1157 0.8236 0.5552
vn -0.1327 0.8211 0.5552
vn -0.1967 0.5976 0.7773
vn -0.1344 0.7577 0.6386
vn -0.1706 0.6170 0.7683
vn -0.4199 0.8798 0.2227
vn -0.3518 0.9184 0.1810
vn -0.4521 0.8712 0.1911
vn -0.1318 0.9753 0.1775
vn -0.1997 0.9709 0.1325
vn -0.3531 0.9234 0.1504
vn -0.3553 0.8675 0.3481
vn -0.3371 0.8958 0.2897
vn -0.3726 0.8799 0.2948
vn -0.1355 0.9433 0.3029
vn -0.2103 0.9517 0.2236
vn -0.3393 0.9075 0.2476
vn -0.1317 0.8605 0.4921
vn -0.1155 0.8842 0.4526
vn -0.1375 0.8833 0.4482
vn -0.1129 0.8592 0.4990
vn -0.0727 0.0705 0.9949
vn -0.0770 -0.5464 0.8340
vn -0.0245 -0.9958 0.0879
vn 0.0371 -0.7658 -0.6420
vn -0.0747 0.2839 0.9559
vn -0.3035 0.8455 0.4392
vn -0.2162 0.9006 0.3770
vn -0.3228 0.8580 0.3994
vn -0.2802 0.8363 0.4713
vn -0.2083 0.8830 0.4207
vn -0.1941 0.8684 0.4563
vn -0.1400 0.9024 0.4075
vn -0.1388 0.9226 0.3600
vn -0.3328 0.8772 0.3460
vn -0.3398 0.8512 0.4000
vn -0.3324 0.9082 0.2543
vn -0.8752 0.4107 0.2557
vn -0.3062 0.9062 0.2917
vn -0.4162 0.4673 0.7800
vn -0.6167 0.0160 0.7870
vn -0.5209 0.2349 0.8206
vn -0.5134 0.1641 0.8423
vn -0.6375 -0.1576 0.7542
vn -0.7792 -0.1805 0.6002
vn -0.7533 -0.0598 0.6549
vn -0.6055 0.1117 0.7880
vn -0.5365 -0.1283 0.8341
vn -0.5404 -0.1286 0.8315
vn -0.5381 -0.0784 0.8392
vn -0.5373 -0.1502 0.8299
vn -0.4011 -0.7905 0.4628
vn -0.4438 -0.7904 0.4224
vn -0.5555 -0.1478 0.8183
vn -0.5540 -0.0823 0.8285
vn -0.0565 -0.9860 0.1570
vn 0.0666 -0.8162 -0.5739
vn -0.0323 -0.9870 0.1575
vn -0.7637 -0.3758 0.5250
vn -0.7926 -0.3098 0.5252
vn -0.7603 -0.2485 0.6001
vn -0.6872 -0.7151 -0.1279
vn -0.3772 -0.9198 -0.1082
vn -0.5284 -0.6852 0.5013
vn -0.5635 -0.6460 0.5149
vn -0.0732 -0.9685 0.2379
vn -0.0514 -0.9278 0.3694
vn -0.0696 0.4254 0.9023
vn -0.5245 0.0214 0.8511
vn -0.5102 0.1583 0.8454
vn -0.1113 -0.8786 0.4645
vn -0.7787 -0.1980 0.5953
vn -0.6258 -0.0193 0.7798
vn -0.5851 -0.5535 0.5927
vn -0.5392 -0.3516 0.7653
vn -0.2346 0.4006 0.8857
vn -0.2512 0.2654 0.9308
vn -0.2054 0.4129 0.8873
vn -0.2214 0.2695 0.9372
vn -0.1413 0.4296 0.8919
vn -0.1576 0.1008 0.9824
vn -0.1520 0.2826 0.9471
vn -0.1550 -0.4579 0.8754
vn -0.6285 -0.2183 0.7466
vn -0.5781 -0.7697 0.2708
vn -0.7084 -0.7057 0.0111
vn -0.4714 0.8704 0.1422
vn -0.9285 0.3441 0.1394
vn -0.4129 0.8958 0.1643
vn -0.9030 0.3907 0.1788
vn -0.3591 0.9107 0.2044
vn -0.0395 0.9927 0.1138
vn -0.3661 -0.9056 -0.2143
vn -0.4184 -0.8872 -0.1943
vn -0.4193 -0.8908 -0.1750
vn -0.2141 0.9402 0.2648
vn -0.1321 0.9692 0.2080
vn -0.8888 0.3997 0.2243
vn -0.2084 0.9591 0.1915
vn 0.0526 -0.9429 -0.3288
vn -0.2471 -0.8684 0.4298
vn -0.0339 -0.9746 -0.2213
vn -0.1526 -0.9067 0.3933
vn -0.2669 -0.8527 0.4491
vn -0.1156 0.9059 0.4074
vn -0.1129 0.9269 0.3578
vn -0.3882 0.8857 0.2545
vn -0.3475 0.9128 0.2146
vn -0.1127 -0.9473 0.2999
vn -0.1417 -0.9192 0.3673
vn -0.0936 -0.9674 0.2351
vn -0.1261 -0.9369 0.3262
vn 0.0837 -0.8610 -0.5016
vn -0.2291 -0.4408 0.8679
vn -0.2616 -0.4301 0.8640
vn -0.1590 -0.8544 0.4946
vn -0.1851 -0.8300 0.5261
vn -0.2341 0.0891 0.9681
vn -0.2661 0.0850 0.9602
vn -0.2788 0.0894 0.9562
vn -0.3405 -0.4053 0.8484
vn -0.2729 -0.4206 0.8652
vn -0.2716 0.2687 0.9241
vn -0.3734 0.0791 0.9243
vn -0.3855 0.2331 0.8928
vn -0.2878 0.9511 0.1118
vn -0.1812 0.9710 0.1561
vn -0.3367 0.9355 0.1068
vn -0.1907 0.9710 0.1440
vn -0.1995 0.9714 0.1286
vn -0.5290 -0.8385 -0.1304
vn -0.5742 -0.8098 -0.1207
vn -0.5807 -0.8068 -0.1093
vn -0.2014 0.9720 0.1213
vn -0.2546 0.7061 0.6608
vn -0.1673 0.8130 0.5577
vn -0.2464 0.7856 0.5676
vn -0.2772 0.5629 0.7787
vn -0.1797 0.7343 0.6546
vn -0.2146 0.5870 0.7806
vn -0.2036 0.9659 0.1600
vn -0.4764 -0.8630 -0.1681
vn -0.4778 -0.8653 -0.1513
vn -0.5230 0.8435 0.1222
vn -0.9511 0.2866 0.1154
vn -0.3118 -0.9014 -0.3004
vn -0.3402 -0.9000 -0.2726
vn -0.3384 -0.9041 -0.2610
vn -0.2169 0.9218 0.3212
vn -0.1649 -0.8946 0.4154
vn -0.2901 -0.7776 0.5578
vn -0.2013 -0.8117 0.5484
vn -0.3864 0.3480 0.8542
vn -0.2803 0.3886 0.8777
vn -0.3657 0.5213 0.7710
vn -0.2592 0.8217 0.5077
vn -0.1773 0.8503 0.4955
vn -0.9612 -0.2451 0.1265
vn -0.5345 -0.1345 0.8344
vn -0.9511 -0.1034 0.2912
vn -0.6947 -0.7026 0.1545
vn -0.5355 -0.1654 0.8282
vn -0.3846 -0.8019 0.4572
vn -0.5355 0.4016 0.7429
vn -0.3518 0.7765 0.5227
vn -0.8977 0.1950 0.3950
vn -0.4044 0.6678 0.6249
vn -0.2943 0.8266 0.4796
vn -0.8602 0.3295 0.3892
vn -0.2788 0.8556 0.4361
vn -0.8529 0.3742 0.3640
vn -0.2796 0.8795 0.3852
vn -0.8560 0.4018 0.3254
vn -0.2896 0.8975 0.3327
vn -0.8641 0.4143 0.2858
vn -0.6160 0.7828 0.0884
vn -0.5779 0.8094 0.1044
vn -0.9916 0.1264 0.0272
vn -0.9843 0.1670 0.0572
vn -0.6960 0.7155 0.0604
vn -0.6475 0.7576 0.0821
vn -0.6863 0.7238 0.0716
vn -0.9994 0.0218 -0.0277
vn -0.6655 0.7431 0.0700
vn -0.9973 0.0729 -0.0052
vn -0.9366 0.0547 0.3462
vn -0.5410 0.0333 0.8404
vn -0.3213 0.9399 0.1159
vn -0.3290 0.9373 0.1151
vn 0.2271 0.8789 -0.4194
vn 0.2263 0.8812 -0.4151
vn 0.2256 0.8808 -0.4162
vn -0.1465 0.9733 0.1766
vn 0.1773 0.8523 -0.4920
vn 0.1976 0.8536 -0.4820
vn -0.1199 0.9758 0.1827
vn -0.0449 -0.8500 -0.5249
vn -0.0000 -0.8756 -0.4831
vn -0.0453 -0.8797 -0.4733
vn -0.6311 0.7698 0.0957
vn -0.6016 0.7928 0.0981
vn -0.5043 0.8583 0.0943
vn -0.7811 0.3328 -0.5283
vn -0.5305 0.8402 0.1120
vn -0.7087 0.4835 -0.5138
vn -0.8320 0.1754 -0.5262
vn -0.6540 0.7516 0.0856
vn -0.7087 0.7031 0.0584
vn -0.3552 0.9270 0.1203
vn -0.5606 0.6030 -0.5676
vn -0.6034 0.5990 -0.5264
vn -0.3340 0.9370 0.1020
vn 0.1682 0.8272 -0.5361
vn -0.2172 0.6484 -0.7296
vn -0.9022 0.0644 -0.4266
vn -0.9746 0.0087 -0.2236
vn -0.7055 0.7066 0.0541
vn -0.9974 0.0002 -0.0715
vn -0.6371 0.5689 -0.5201
vn -0.4124 0.9031 0.1199
vn -0.9691 0.2309 0.0871
vn -0.5266 -0.8378 -0.1441
vn -0.3075 0.8255 0.4734
vn -0.2992 0.8061 0.5106
vn -0.3008 0.7646 0.5700
vn -0.2454 0.3975 0.8842
vn -0.2565 0.2690 0.9284
vn -0.1916 -0.8177 0.5428
vn -0.1523 -0.9026 0.4026
vn -0.2669 -0.4241 0.8654
vn -0.3671 -0.9011 -0.2305
vn -0.3250 0.6770 0.6603
vn -0.4498 0.8884 0.0912
vn -0.3633 0.9269 0.0943
vn -0.2704 0.0875 0.9588
vn 0.0733 -0.9059 -0.4170
vn -0.1397 -0.9160 0.3762
vn 0.0623 -0.9286 -0.3659
vn -0.3220 0.8383 0.4399
vn -0.1783 0.9701 0.1645
vn 0.2052 0.8627 -0.4622
vn -0.4027 -0.9081 -0.1151
vn -0.3355 -0.9355 -0.1109
vn -0.3476 -0.9301 -0.1186
vn -0.3885 -0.9152 -0.1066
vn -0.3227 -0.9405 -0.1062
vn -0.4949 -0.8626 -0.1045
vn -0.3800 -0.9198 -0.0979
vn -0.5150 -0.8498 -0.1123
vn -0.5511 -0.8253 -0.1236
vn -0.6091 -0.7870 -0.0978
vn -0.5823 -0.8060 -0.1063
vn -0.0000 -0.9927 -0.1209
vn -0.0491 -0.9881 -0.1455
vn -0.0000 -0.9890 -0.1478
vn -0.5161 -0.8421 -0.1567
vn -0.0959 -0.7706 -0.6300
vn -0.0448 -0.8184 -0.5729
vn -0.0859 -0.8266 -0.5563
vn -0.4706 -0.8629 -0.1843
vn -0.0453 -0.9066 -0.4195
vn -0.0000 -0.9256 -0.3784
vn -0.0452 -0.9289 -0.3676
vn -0.4174 -0.8834 -0.2129
vn -0.0000 -0.9779 -0.2093
vn -0.0459 -0.9676 -0.2482
vn -0.0000 -0.9669 -0.2550
vn -0.3700 -0.8961 -0.2452
vn -0.0490 -0.9913 -0.1221
vn -0.0000 -0.9956 -0.0940
vn -0.0477 -0.9932 -0.1066
vn -0.3142 -0.8948 -0.3172
vn -0.3458 -0.8942 -0.2843
vn -0.0000 -0.9477 -0.3193
vn -0.2960 -0.8912 -0.3436
vn -0.2996 -0.8814 -0.3650
vn -0.3218 -0.8860 -0.3338
vn -0.2836 -0.8512 -0.4416
vn -0.2897 -0.8638 -0.4122
vn -0.2858 -0.8733 -0.3945
vn -0.3070 -0.8703 -0.3851
vn -0.2870 -0.8435 -0.4541
vn -0.2959 -0.8539 -0.4281
vn -0.2866 -0.8080 -0.5148
vn -0.2885 -0.8213 -0.4921
vn -0.2847 -0.8311 -0.4777
vn -0.2915 -0.8357 -0.4654
vn -0.2979 -0.7836 -0.5452
vn -0.2928 -0.8125 -0.5042
vn -0.0483 -0.7626 -0.6450
vn -0.0000 -0.8162 -0.5777
vn -0.0805 -0.9506 -0.2998
vn -0.0803 -0.9669 -0.2421
vn -0.0472 -0.9775 -0.2054
vn -0.0803 -0.9760 -0.2023
vn -0.0810 -0.9818 -0.1720
vn -0.0812 -0.9862 -0.1443
vn -0.0448 -0.9499 -0.3094
vn -0.0000 -0.8461 -0.5331
vn -0.0484 -0.9836 -0.1739
vn -0.0828 -0.9303 -0.3575
vn -0.0000 -0.9974 -0.0724
vn -0.0447 -0.9934 -0.1059
vn -0.0000 -0.9029 -0.4298
vn -0.0848 -0.9087 -0.4087
vn -0.0289 -0.9928 -0.1164
vn -0.0000 -0.6916 -0.7223
vn -0.1350 -0.6359 -0.7599
vn -0.0000 -0.9842 -0.1769
vn -0.0336 -0.9924 -0.1181
vn -0.0000 -0.9990 -0.0449
vn -0.0785 -0.9813 -0.1760
vn -0.2637 -0.5682 -0.7795
vn -0.1184 -0.6363 -0.7623
vn -0.0584 -0.6277 -0.7763
vn -0.3338 -0.7086 -0.6216
vn -0.3348 -0.6961 -0.6351
vn -0.3037 -0.7682 -0.5636
vn -0.4165 -0.4992 -0.7598
vn -0.3388 -0.6751 -0.6553
vn -0.4674 -0.3458 -0.8136
vn -0.1078 -0.9866 -0.1228
vn -0.0825 -0.9899 -0.1154
vn -0.1107 -0.9869 -0.1177
vn -0.1303 -0.9803 -0.1487
vn -0.1070 -0.9834 -0.1462
vn -0.1072 -0.9730 -0.2044
vn -0.1074 -0.9788 -0.1741
vn -0.1337 -0.9597 -0.2473
vn -0.1081 -0.9638 -0.2436
vn -0.0827 -0.9875 -0.1343
vn -0.0806 -0.9815 -0.1736
vn -0.0816 -0.9892 -0.1220
vn -0.0853 -0.8845 -0.4586
vn -0.0844 -0.8577 -0.5071
vn -0.1091 -0.9476 -0.3001
vn -0.1410 -0.9770 -0.1599
vn -0.1188 -0.9769 -0.1777
vn -0.1440 -0.9747 -0.1707
vn -0.1169 -0.9794 -0.1647
vn -0.1136 -0.9838 -0.1389
vn -0.0822 -0.9837 -0.1601
vn -0.1369 -0.9810 -0.1376
vn -0.1336 -0.9839 -0.1184
vn -0.1305 -0.9837 -0.1240
vn -0.4799 -0.8625 -0.1606
vn -0.3604 -0.9244 -0.1252
vn -0.5006 -0.8570 -0.1227
vn -0.5624 -0.5061 -0.6539
vn -0.2833 -0.9513 -0.1216
vn -0.2320 -0.9622 -0.1425
vn -0.3018 -0.9471 -0.1090
vn -0.2474 -0.9603 -0.1292
vn -0.6372 -0.4731 -0.6084
vn -0.3093 -0.9441 -0.1142
vn -0.1546 -0.7448 -0.6491
vn -0.1156 -0.8237 -0.5551
vn -0.1326 -0.8212 -0.5550
vn -0.1343 -0.7582 -0.6381
vn -0.1707 -0.6172 -0.7681
vn -0.1967 -0.5976 -0.7773
vn -0.3531 -0.9179 -0.1812
vn -0.1981 -0.9712 -0.1324
vn -0.3541 -0.9230 -0.1505
vn -0.1316 -0.9753 -0.1775
vn -0.4214 -0.8791 -0.2228
vn -0.4542 -0.8701 -0.1912
vn -0.3380 -0.8955 -0.2896
vn -0.2100 -0.9518 -0.2237
vn -0.3401 -0.9072 -0.2476
vn -0.1352 -0.9434 -0.3029
vn -0.3558 -0.8673 -0.3481
vn -0.3733 -0.8796 -0.2948
vn -0.1316 -0.8606 -0.4920
vn -0.1155 -0.8842 -0.4526
vn -0.1374 -0.8833 -0.4482
vn -0.1129 -0.8593 -0.4989
vn -0.0000 -0.2894 -0.9572
vn -0.0252 -0.9802 -0.1966
vn -0.0000 -0.9788 -0.2047
vn -0.0000 -0.7623 -0.6473
vn -0.0000 -0.6272 -0.7788
vn -0.0000 -0.4946 0.8691
vn -0.0000 0.9977 -0.0676
vn -0.0313 0.9890 -0.1448
vn -0.0244 0.9959 -0.0870
vn -0.3042 -0.8453 -0.4392
vn -0.2168 -0.9003 -0.3774
vn -0.3237 -0.8577 -0.3994
vn -0.2087 -0.8827 -0.4210
vn -0.1387 -0.9226 -0.3600
vn -0.1943 -0.8682 -0.4565
vn -0.1399 -0.9024 -0.4075
vn -0.2806 -0.8362 -0.4712
vn -0.3334 -0.8771 -0.3459
vn -0.3402 -0.8510 -0.4000
vn -0.3323 -0.9083 -0.2542
vn 0.4546 -0.8782 -0.1487
vn -0.3061 -0.9062 -0.2917
vn -0.4140 -0.4720 -0.7783
vn -0.6281 0.0058 -0.7781
vn -0.5259 -0.2311 -0.8185
vn -0.7728 0.0846 -0.6290
vn -0.6184 -0.1060 -0.7787
vn -0.7844 0.1895 -0.5906
vn -0.5155 -0.1639 -0.8411
vn -0.6403 0.1799 -0.7468
vn -0.5366 0.1438 -0.8315
vn -0.5404 0.1289 -0.8315
vn -0.5387 0.0890 -0.8378
vn -0.5557 0.1479 -0.8181
vn -0.5548 0.0915 -0.8270
vn -0.3515 -0.5535 -0.7551
vn -0.5373 0.1507 -0.8298
vn -0.3659 -0.5943 -0.7162
vn -0.0000 0.6760 -0.7369
vn -0.0701 0.9744 -0.2134
vn -0.0562 0.9864 -0.1546
vn -0.8045 0.3215 -0.4994
vn -0.8644 0.1091 -0.4908
vn -0.5726 0.6307 -0.5238
vn -0.5807 0.6079 -0.5415
vn -0.7432 -0.0727 -0.6651
vn -0.7624 0.2504 -0.5967
vn -0.4766 -0.3892 -0.7883
vn -0.0690 0.6592 -0.7488
vn -0.0696 -0.4243 -0.9029
vn -0.0000 -0.4236 -0.9058
vn -0.0746 -0.2887 -0.9545
vn -0.0000 0.6325 0.7746
vn 0.0744 -0.4991 0.8633
vn 0.1128 0.5119 0.8516
vn -0.5281 0.0449 -0.8480
vn -0.5107 -0.1559 -0.8455
vn -0.0000 0.9933 -0.1153
vn 0.1384 -0.6147 0.7765
vn 0.1762 0.5656 0.8057
vn -0.8319 0.0153 -0.5547
vn -0.2624 -0.7496 -0.6077
vn 0.9515 -0.1457 0.2710
vn 0.4728 -0.7635 0.4399
vn -0.2348 -0.3992 -0.8863
vn -0.2056 -0.4116 -0.8879
vn -0.2214 -0.2725 -0.9363
vn -0.1414 -0.4287 -0.8923
vn -0.2509 -0.2690 -0.9299
vn -0.0192 -0.9595 -0.2809
vn -0.6286 0.2208 -0.7457
vn -0.3728 -0.3177 -0.8718
vn -0.3395 -0.3996 -0.8515
vn -0.4130 -0.8958 -0.1643
vn 0.4162 -0.9038 -0.0998
vn -0.3591 -0.9107 -0.2044
vn -0.4714 -0.8704 -0.1422
vn 0.3569 -0.9300 -0.0874
vn -0.1520 -0.2859 -0.9461
vn 0.3661 -0.9056 -0.2143
vn 0.4184 -0.8872 -0.1943
vn 0.3671 -0.9011 -0.2305
vn -0.2078 -0.9593 -0.1915
vn 0.4352 -0.8915 -0.1258
vn -0.2143 -0.9401 -0.2650
vn -0.1319 -0.9692 -0.2079
vn -0.3009 0.3675 -0.8800
vn -0.0717 0.9299 -0.3608
vn -0.3531 0.4632 -0.8129
vn -0.1464 0.9089 -0.3905
vn 0.1434 0.9648 -0.2206
vn -0.1156 -0.9059 -0.4074
vn -0.1129 -0.9269 -0.3578
vn -0.3893 -0.8853 -0.2545
vn -0.3486 -0.9123 -0.2147
vn -0.1082 0.9543 -0.2787
vn -0.0933 0.9678 -0.2338
vn -0.1450 0.6029 -0.7845
vn -0.1262 0.9368 -0.3262
vn -0.2144 0.5215 -0.8259
vn -0.1380 0.9255 -0.3528
vn 0.2043 -0.6198 0.7577
vn 0.1849 0.6394 0.7463
vn 0.1760 0.6913 0.7008
vn 0.2417 -0.5893 0.7709
vn -0.0222 -0.9540 -0.2991
vn -0.0338 -0.9581 -0.2844
vn -0.0315 -0.9654 -0.2589
vn 0.3051 -0.5451 0.7809
vn 0.2563 -0.5409 0.8011
vn -0.0166 -0.9622 -0.2719
vn -0.3717 -0.2443 -0.8956
vn -0.2656 -0.2743 -0.9242
vn -0.2878 -0.9512 -0.1118
vn -0.1808 -0.9710 -0.1562
vn -0.1980 -0.9717 -0.1288
vn -0.1898 -0.9712 -0.1442
vn -0.3373 -0.9353 -0.1070
vn -0.1996 -0.9724 -0.1212
vn 0.5290 -0.8385 -0.1304
vn 0.5742 -0.8098 -0.1207
vn 0.5266 -0.8378 -0.1441
vn -0.2544 -0.7068 -0.6601
vn -0.1669 -0.8130 -0.5578
vn -0.2463 -0.7859 -0.5672
vn -0.1793 -0.7345 -0.6545
vn -0.2146 -0.5865 -0.7810
vn -0.2778 -0.5623 -0.7788
vn -0.2025 -0.9661 -0.1600
vn -0.5230 -0.8435 -0.1221
vn 0.2973 -0.9514 -0.0806
vn 0.4193 -0.8908 -0.1750
vn 0.4764 -0.8630 -0.1681
vn -0.2171 -0.9217 -0.3216
vn 0.3118 -0.9014 -0.3003
vn 0.3402 -0.9000 -0.2726
vn 0.3142 -0.8948 -0.3172
vn -0.1520 0.9053 -0.3966
vn 0.4333 0.6999 0.5678
vn 0.1835 0.7290 0.6595
vn -0.3838 -0.3493 -0.8548
vn -0.2788 -0.3871 -0.8789
vn -0.3646 -0.5232 -0.7703
vn -0.2593 -0.8217 -0.5075
vn -0.1771 -0.8503 -0.4956
vn 0.1521 -0.0691 -0.9859
vn -0.5349 0.1672 -0.8282
vn -0.5331 0.1641 -0.8300
vn -0.3757 -0.5882 -0.7161
vn 0.0353 -0.4931 -0.8692
vn 0.2607 -0.0112 -0.9654
vn -0.5813 -0.2267 -0.7815
vn -0.3494 -0.7803 -0.5187
vn 0.3527 -0.8786 -0.3219
vn -0.4174 -0.6245 -0.6601
vn -0.2940 -0.8270 -0.4792
vn 0.4489 -0.8479 -0.2820
vn -0.2788 -0.8557 -0.4360
vn 0.4757 -0.8466 -0.2387
vn -0.2795 -0.8795 -0.3851
vn 0.4806 -0.8530 -0.2034
vn -0.2896 -0.8975 -0.3327
vn 0.4723 -0.8646 -0.1714
vn -0.5780 -0.8093 -0.1044
vn 0.1361 -0.9854 -0.1025
vn 0.1776 -0.9799 -0.0906
vn -0.6159 -0.7828 -0.0885
vn -0.6961 -0.7154 -0.0604
vn -0.6476 -0.7576 -0.0821
vn -0.6866 -0.7235 -0.0716
vn -0.6653 -0.7433 -0.0699
vn 0.0756 -0.9910 -0.1106
vn 0.0173 -0.9938 -0.1097
vn 0.1815 -0.6404 -0.7463
vn -0.5350 0.1762 -0.8263
vn -0.3213 -0.9399 -0.1159
vn -0.3290 -0.9373 -0.1152
vn -0.6782 -0.4504 -0.5807
vn -0.6861 -0.4487 -0.5726
vn -0.6683 -0.4566 -0.5872
vn -0.1464 -0.9733 -0.1766
vn -0.3557 -0.5418 -0.7615
vn -0.4113 -0.5295 -0.7419
vn -0.1199 -0.9758 -0.1827
vn -0.0395 -0.9927 -0.1138
vn -0.0000 -0.9988 -0.0487
vn 0.0448 -0.8184 -0.5729
vn 0.0449 -0.8500 -0.5249
vn -0.0000 -0.9983 -0.0578
vn -0.6315 -0.7695 -0.0957
vn -0.6017 -0.7927 -0.0981
vn -0.5043 -0.8583 -0.0942
vn -0.1106 -0.7440 -0.6589
vn -0.5299 -0.8406 -0.1122
vn 0.0025 -0.7197 -0.6942
vn -0.6541 -0.7515 -0.0858
vn -0.7090 -0.7028 -0.0582
vn -0.1580 -0.7881 -0.5950
vn -0.3552 -0.9270 -0.1202
vn 0.0890 -0.7008 -0.7077
vn 0.1010 -0.7108 -0.6961
vn -0.3339 -0.9371 -0.1019
vn -0.1931 -0.5315 -0.8247
vn -0.6012 -0.4353 -0.6701
vn -0.0754 -0.8691 -0.4889
vn -0.7056 -0.7066 -0.0541
vn 0.0223 -0.9891 -0.1458
vn 0.0337 -0.9541 -0.2974
vn 0.0706 -0.7084 -0.7023
vn -0.4120 -0.9033 -0.1198
vn 0.2430 -0.9667 -0.0804
vn 0.4778 -0.8653 -0.1513
vn -0.3078 -0.8253 -0.4734
vn -0.2996 -0.8060 -0.5106
vn -0.3010 -0.7648 -0.5697
vn -0.2455 -0.3961 -0.8848
vn -0.2559 -0.2732 -0.9273
vn 0.1613 0.7213 0.6736
vn -0.1482 0.9093 -0.3888
vn 0.2523 -0.5595 0.7895
vn 0.3384 -0.9041 -0.2610
vn -0.3243 -0.6783 -0.6593
vn -0.4513 -0.8878 -0.0909
vn -0.3636 -0.9268 -0.0940
vn -0.0359 -0.9625 -0.2688
vn -0.2481 0.4278 -0.8692
vn -0.1398 0.9160 -0.3761
vn -0.2584 0.3748 -0.8903
vn -0.3224 -0.8382 -0.4399
vn -0.1780 -0.9702 -0.1645
vn -0.4696 -0.5234 -0.7110
vn 0.3355 -0.9355 -0.1109
vn 0.4027 -0.9081 -0.1151
vn 0.3476 -0.9301 -0.1186
vn 0.3885 -0.9152 -0.1066
vn 0.5150 -0.8498 -0.1123
vn 0.3800 -0.9198 -0.0979
vn 0.4949 -0.8626 -0.1045
vn 0.3227 -0.9405 -0.1062
vn 0.5511 -0.8253 -0.1236
vn 0.5161 -0.8421 -0.1567
vn 0.0483 -0.7626 -0.6450
vn 0.1184 -0.6362 -0.7623
vn 0.0959 -0.7706 -0.6300
vn 0.5823 -0.8060 -0.1063
vn 0.6091 -0.7870 -0.0978
vn 0.5807 -0.8068 -0.1093
vn 0.4706 -0.8629 -0.1843
vn 0.0490 -0.9913 -0.1221
vn 0.4174 -0.8834 -0.2129
vn 0.0453 -0.8797 -0.4733
vn 0.0453 -0.9066 -0.4195
vn 0.3700 -0.8961 -0.2452
vn 0.0491 -0.9881 -0.1455
vn 0.3458 -0.8942 -0.2843
vn 0.0472 -0.9775 -0.2054
vn 0.3218 -0.8860 -0.3338
vn 0.0484 -0.9836 -0.1739
vn 0.2960 -0.8913 -0.3436
vn 0.2996 -0.8814 -0.3650
vn 0.3070 -0.8703 -0.3851
vn 0.2836 -0.8512 -0.4416
vn 0.2897 -0.8638 -0.4122
vn 0.2870 -0.8435 -0.4541
vn 0.2959 -0.8539 -0.4281
vn 0.2915 -0.8358 -0.4654
vn 0.2858 -0.8733 -0.3945
vn 0.2866 -0.8080 -0.5148
vn 0.2885 -0.8213 -0.4921
vn 0.2978 -0.7836 -0.5452
vn 0.2928 -0.8125 -0.5042
vn 0.3038 -0.7682 -0.5636
vn 0.2847 -0.8311 -0.4777
vn 0.0803 -0.9669 -0.2421
vn 0.0803 -0.9760 -0.2023
vn 0.0584 -0.6277 -0.7763
vn 0.0812 -0.9862 -0.1443
vn 0.0816 -0.9892 -0.1220
vn 0.0459 -0.9676 -0.2482
vn 0.0805 -0.9506 -0.2998
vn 0.0452 -0.9289 -0.3676
vn 0.0448 -0.9499 -0.3094
vn 0.0828 -0.9303 -0.3575
vn 0.0477 -0.9932 -0.1066
vn 0.0825 -0.9899 -0.1154
vn 0.0447 -0.9934 -0.1059
vn 0.0336 -0.9924 -0.1181
vn 0.0289 -0.9928 -0.1164
vn 0.0806 -0.9815 -0.1736
vn 0.0785 -0.9813 -0.1760
vn 0.3339 -0.7085 -0.6217
vn 0.3348 -0.6961 -0.6351
vn 0.4675 -0.3456 -0.8137
vn 0.3388 -0.6751 -0.6553
vn 0.4165 -0.4992 -0.7598
vn 0.1078 -0.9866 -0.1228
vn 0.1303 -0.9803 -0.1487
vn 0.1305 -0.9837 -0.1240
vn 0.1107 -0.9869 -0.1177
vn 0.1072 -0.9730 -0.2044
vn 0.1337 -0.9597 -0.2473
vn 0.1319 -0.9692 -0.2079
vn 0.0810 -0.9818 -0.1720
vn 0.1074 -0.9788 -0.1741
vn 0.1350 -0.6359 -0.7599
vn 0.0853 -0.8845 -0.4586
vn 0.0848 -0.9087 -0.4087
vn 0.1070 -0.9834 -0.1462
vn 0.0859 -0.8266 -0.5563
vn 0.0844 -0.8577 -0.5071
vn 0.1091 -0.9476 -0.3001
vn 0.1081 -0.9638 -0.2436
vn 0.1188 -0.9769 -0.1777
vn 0.1410 -0.9770 -0.1599
vn 0.1440 -0.9747 -0.1707
vn 0.1169 -0.9794 -0.1647
vn 0.1369 -0.9810 -0.1376
vn 0.0822 -0.9837 -0.1601
vn 0.1136 -0.9838 -0.1389
vn 0.1336 -0.9839 -0.1184
vn 0.3604 -0.9244 -0.1252
vn 0.4799 -0.8625 -0.1606
vn 0.5006 -0.8570 -0.1227
vn 0.0827 -0.9875 -0.1343
vn 0.5624 -0.5061 -0.6539
vn 0.2833 -0.9513 -0.1217
vn 0.6372 -0.4731 -0.6084
vn 0.3093 -0.9441 -0.1142
vn 0.6683 -0.4566 -0.5872
vn 0.2320 -0.9622 -0.1425
vn 0.3018 -0.9471 -0.1090
vn 0.1157 -0.8237 -0.5551
vn 0.1546 -0.7448 -0.6491
vn 0.1326 -0.8212 -0.5550
vn 0.1343 -0.7582 -0.6381
vn 0.1967 -0.5976 -0.7773
vn 0.1707 -0.6172 -0.7681
vn 0.3531 -0.9179 -0.1812
vn 0.4214 -0.8791 -0.2228
vn 0.4542 -0.8701 -0.1912
vn 0.1316 -0.9753 -0.1775
vn 0.1981 -0.9712 -0.1324
vn 0.3541 -0.9230 -0.1505
vn 0.3380 -0.8955 -0.2896
vn 0.3558 -0.8673 -0.3481
vn 0.3733 -0.8796 -0.2948
vn 0.1352 -0.9434 -0.3029
vn 0.2100 -0.9518 -0.2237
vn 0.3401 -0.9072 -0.2476
vn 0.1155 -0.8842 -0.4526
vn 0.1316 -0.8606 -0.4920
vn 0.1374 -0.8833 -0.4482
vn 0.1129 -0.8593 -0.4989
vn 0.0252 -0.9801 -0.1970
vn -0.0743 -0.4994 0.8632
vn 0.0244 0.9959 -0.0870
vn 0.0690 0.6592 -0.7488
vn 0.0746 -0.2887 -0.9545
vn 0.2168 -0.9003 -0.3774
vn 0.3042 -0.8453 -0.4392
vn 0.3237 -0.8578 -0.3994
vn 0.2087 -0.8827 -0.4210
vn 0.2806 -0.8362 -0.4712
vn 0.1399 -0.9024 -0.4075
vn 0.1943 -0.8682 -0.4565
vn 0.1387 -0.9226 -0.3600
vn 0.3402 -0.8510 -0.4000
vn 0.3334 -0.8771 -0.3459
vn 0.3323 -0.9083 -0.2542
vn -0.4545 -0.8782 -0.1487
vn -0.4352 -0.8915 -0.1258
vn 0.4140 -0.4720 -0.7783
vn 0.6281 0.0058 -0.7781
vn 0.5155 -0.1639 -0.8411
vn 0.6402 0.1797 -0.7469
vn 0.5547 0.0915 -0.8270
vn 0.7844 0.1895 -0.5906
vn 0.5260 -0.2311 -0.8185
vn 0.7729 0.0847 -0.6289
vn 0.5366 0.1438 -0.8315
vn 0.5404 0.1289 -0.8315
vn 0.5373 0.1507 -0.8298
vn 0.3659 -0.5944 -0.7161
vn 0.3758 -0.5882 -0.7161
vn 0.3515 -0.5535 -0.7550
vn 0.5387 0.0890 -0.8378
vn 0.5557 0.1479 -0.8182
vn 0.0562 0.9863 -0.1548
vn 0.1450 0.6029 -0.7845
vn 0.0313 0.9890 -0.1448
vn 0.8045 0.3215 -0.4994
vn 0.7624 0.2504 -0.5967
vn 0.4766 -0.3892 -0.7883
vn 0.3728 -0.3176 -0.8719
vn 0.7432 -0.0727 -0.6651
vn 0.8645 0.1091 -0.4907
vn 0.5729 0.6303 -0.5239
vn 0.0696 -0.4243 -0.9029
vn 0.0701 0.9745 -0.2132
vn -0.1127 0.5122 0.8515
vn 0.5281 0.0450 -0.8480
vn 0.5106 -0.1559 -0.8455
vn -0.1761 0.5653 0.8059
vn 0.6182 -0.1060 -0.7788
vn 0.8320 0.0151 -0.5546
vn 0.5805 0.6081 -0.5415
vn 0.2637 -0.7489 -0.6080
vn -0.9515 -0.1468 0.2705
vn 0.2348 -0.3992 -0.8863
vn 0.2056 -0.4116 -0.8879
vn 0.2509 -0.2690 -0.9299
vn 0.1414 -0.4287 -0.8923
vn 0.2214 -0.2725 -0.9363
vn 0.0191 -0.9595 -0.2810
vn -0.1384 -0.6147 0.7765
vn 0.6286 0.2208 -0.7457
vn 0.3396 -0.3995 -0.8515
vn -0.3569 -0.9300 -0.0874
vn 0.4714 -0.8704 -0.1422
vn 0.4130 -0.8958 -0.1643
vn -0.4162 -0.9038 -0.0998
vn 0.0395 -0.9927 -0.1138
vn 0.1520 -0.2859 -0.9461
vn 0.2143 -0.9401 -0.2650
vn 0.3590 -0.9107 -0.2044
vn 0.2078 -0.9593 -0.1915
vn 0.3009 0.3675 -0.8800
vn 0.0714 0.9300 -0.3605
vn 0.1464 0.9089 -0.3905
vn -0.1431 0.9647 -0.2211
vn 0.1520 0.9053 -0.3966
vn 0.3531 0.4632 -0.8129
vn 0.1156 -0.9059 -0.4074
vn 0.1129 -0.9269 -0.3578
vn 0.3893 -0.8853 -0.2545
vn 0.3486 -0.9123 -0.2147
vn 0.1081 0.9543 -0.2787
vn 0.0933 0.9678 -0.2338
vn 0.1380 0.9255 -0.3528
vn 0.2144 0.5215 -0.8259
vn 0.1262 0.9368 -0.3262
vn -0.2043 -0.6198 0.7577
vn -0.1850 0.6393 0.7464
vn -0.2417 -0.5893 0.7709
vn -0.1761 0.6913 0.7008
vn 0.0222 -0.9540 -0.2991
vn 0.0336 -0.9580 -0.2848
vn -0.3055 -0.5461 0.7800
vn 0.0317 -0.9654 -0.2589
vn -0.2563 -0.5409 0.8011
vn 0.0164 -0.9615 -0.2743
vn 0.2656 -0.2743 -0.9242
vn 0.3716 -0.2443 -0.8957
vn -0.4732 -0.7640 0.4385
vn 0.1808 -0.9710 -0.1562
vn 0.2877 -0.9512 -0.1118
vn 0.2474 -0.9603 -0.1292
vn 0.1898 -0.9712 -0.1442
vn 0.3373 -0.9353 -0.1070
vn 0.1980 -0.9717 -0.1288
vn 0.1996 -0.9724 -0.1212
vn 0.1670 -0.8130 -0.5578
vn 0.2545 -0.7068 -0.6601
vn 0.2464 -0.7859 -0.5672
vn 0.1793 -0.7345 -0.6545
vn 0.2778 -0.5623 -0.7788
vn 0.2146 -0.5866 -0.7810
vn 0.2025 -0.9661 -0.1600
vn 0.5230 -0.8435 -0.1221
vn -0.2973 -0.9514 -0.0806
vn -0.2430 -0.9667 -0.0804
vn 0.2171 -0.9216 -0.3216
vn -0.4336 0.6998 0.5677
vn -0.1832 0.7291 0.6594
vn 0.3839 -0.3492 -0.8548
vn 0.3647 -0.5232 -0.7702
vn 0.2789 -0.3870 -0.8789
vn 0.2593 -0.8217 -0.5075
vn 0.1771 -0.8503 -0.4956
vn -0.1521 -0.0690 -0.9860
vn 0.5349 0.1672 -0.8282
vn -0.2610 -0.0113 -0.9653
vn -0.0352 -0.4931 -0.8692
vn 0.3369 -0.5864 -0.7366
vn 0.5331 0.1643 -0.8299
vn 0.3493 -0.7803 -0.5187
vn 0.5812 -0.2268 -0.7815
vn -0.3527 -0.8786 -0.3219
vn 0.4172 -0.6248 -0.6599
vn 0.2940 -0.8270 -0.4792
vn -0.4489 -0.8479 -0.2820
vn 0.2788 -0.8557 -0.4360
vn -0.4757 -0.8466 -0.2387
vn 0.2795 -0.8795 -0.3851
vn -0.4805 -0.8531 -0.2034
vn 0.2896 -0.8975 -0.3327
vn -0.4723 -0.8646 -0.1714
vn 0.3062 -0.9062 -0.2917
vn 0.6159 -0.7828 -0.0885
vn 0.5780 -0.8093 -0.1044
vn -0.1361 -0.9854 -0.1025
vn -0.1776 -0.9799 -0.0906
vn 0.6476 -0.7576 -0.0821
vn 0.6961 -0.7154 -0.0604
vn 0.6866 -0.7235 -0.0716
vn 0.6653 -0.7432 -0.0699
vn -0.0173 -0.9938 -0.1097
vn -0.0756 -0.9910 -0.1106
vn -0.1815 -0.6404 -0.7463
vn 0.5350 0.1762 -0.8263
vn 0.3212 -0.9399 -0.1159
vn 0.3289 -0.9373 -0.1151
vn 0.6782 -0.4504 -0.5807
vn 0.3557 -0.5418 -0.7615
vn 0.1464 -0.9733 -0.1766
vn 0.4113 -0.5295 -0.7419
vn 0.1199 -0.9758 -0.1827
vn 0.2637 -0.5682 -0.7795
vn 0.6315 -0.7695 -0.0957
vn 0.6017 -0.7927 -0.0981
vn 0.5043 -0.8583 -0.0942
vn 0.5299 -0.8406 -0.1123
vn 0.1106 -0.7440 -0.6589
vn -0.0025 -0.7197 -0.6943
vn 0.6541 -0.7515 -0.0858
vn 0.1580 -0.7881 -0.5950
vn 0.7090 -0.7028 -0.0582
vn -0.0890 -0.7009 -0.7077
vn 0.3552 -0.9270 -0.1202
vn -0.1010 -0.7108 -0.6961
vn 0.6012 -0.4353 -0.6701
vn 0.3339 -0.9371 -0.1019
vn 0.1931 -0.5315 -0.8247
vn 0.0754 -0.8691 -0.4889
vn 0.7056 -0.7066 -0.0541
vn -0.0338 -0.9541 -0.2974
vn -0.0223 -0.9891 -0.1458
vn -0.0706 -0.7084 -0.7023
vn 0.4120 -0.9033 -0.1198
vn 0.3078 -0.8253 -0.4734
vn 0.2995 -0.8060 -0.5106
vn 0.3010 -0.7648 -0.5697
vn 0.2455 -0.3961 -0.8848
vn 0.2559 -0.2732 -0.9273
vn -0.1613 0.7212 0.6737
vn -0.2525 -0.5597 0.7893
vn 0.1482 0.9093 -0.3888
vn 0.3244 -0.6783 -0.6593
vn 0.4513 -0.8878 -0.0909
vn 0.3636 -0.9268 -0.0940
vn 0.0359 -0.9626 -0.2686
vn 0.2481 0.4278 -0.8692
vn 0.1398 0.9160 -0.3761
vn 0.2584 0.3748 -0.8903
vn 0.3224 -0.8382 -0.4399
vn 0.1780 -0.9702 -0.1645
vn 0.4696 -0.5234 -0.7110
vn -0.3370 -0.5863 -0.7367
vn -0.2256 0.8808 -0.4162
vn -0.4071 -0.8145 0.4134
vn 0.6861 -0.4487 -0.5726
vn -0.0000 0.0559 0.9984
vt 0.661153 0.547165
vt 0.666645 0.546457
vt 0.663242 0.550007
vt 0.659023 0.544358
vt 0.664654 0.541359
vt 0.662488 0.536039
vt 0.669226 0.534822
vt 0.670902 0.542331
vt 0.667497 0.487627
vt 0.665996 0.508928
vt 0.662039 0.487785
vt 0.677008 0.518393
vt 0.671001 0.508132
vt 0.675803 0.507420
vt 0.672580 0.519874
vt 0.531184 0.483992
vt 0.578830 0.467559
vt 0.581408 0.485170
vt 0.663864 0.469298
vt 0.658017 0.469570
vt 0.559388 0.354356
vt 0.585323 0.349239
vt 0.587237 0.355052
vt 0.659652 0.450555
vt 0.653320 0.450984
vt 0.530752 0.384875
vt 0.563359 0.376814
vt 0.564879 0.385653
vt 0.655352 0.433752
vt 0.648357 0.434012
vt 0.530954 0.431711
vt 0.569865 0.413684
vt 0.573180 0.432396
vt 0.650449 0.416785
vt 0.642698 0.416625
vt 0.531265 0.502230
vt 0.644359 0.398131
vt 0.635682 0.397713
vt 0.530791 0.393899
vt 0.566460 0.394777
vt 0.650482 0.389813
vt 0.641134 0.389183
vt 0.631918 0.388625
vt 0.645416 0.374559
vt 0.637934 0.380843
vt 0.634814 0.373039
vt 0.647928 0.381859
vt 0.628119 0.379917
vt 0.624416 0.371623
vt 0.641056 0.362817
vt 0.631886 0.365807
vt 0.629528 0.359919
vt 0.642969 0.367864
vt 0.620973 0.363890
vt 0.618104 0.357292
vt 0.530622 0.353695
vt 0.558390 0.348738
vt 0.600740 0.396338
vt 0.606512 0.415433
vt 0.611470 0.433659
vt 0.615739 0.451043
vt 0.619779 0.468891
vt 0.530871 0.412699
vt 0.530649 0.360323
vt 0.560578 0.360984
vt 0.576125 0.450169
vt 0.531107 0.466800
vt 0.531032 0.449761
vt 0.597787 0.387080
vt 0.531302 0.510654
vt 0.583771 0.503967
vt 0.584632 0.512971
vt 0.530715 0.376104
vt 0.561914 0.368507
vt 0.594865 0.378070
vt 0.531366 0.228001
vt 0.585449 0.231005
vt 0.585483 0.231944
vt 0.531361 0.523928
vt 0.585358 0.525452
vt 0.585449 0.527880
vt 0.629143 0.240154
vt 0.629170 0.241196
vt 0.583831 0.344702
vt 0.640072 0.360201
vt 0.628041 0.356055
vt 0.615931 0.352193
vt 0.627300 0.353796
vt 0.639813 0.359182
vt 0.626934 0.506565
vt 0.640265 0.487366
vt 0.644091 0.507723
vt 0.647876 0.469650
vt 0.651991 0.487711
vt 0.627129 0.434031
vt 0.631858 0.451252
vt 0.632221 0.416492
vt 0.638039 0.434202
vt 0.628268 0.517044
vt 0.629088 0.533746
vt 0.629143 0.537029
vt 0.623443 0.486802
vt 0.592072 0.369574
vt 0.636326 0.469369
vt 0.589506 0.361868
vt 0.615076 0.397006
vt 0.621662 0.416090
vt 0.643583 0.537808
vt 0.654927 0.532077
vt 0.652516 0.540799
vt 0.644637 0.529778
vt 0.628907 0.526678
vt 0.645121 0.519025
vt 0.656669 0.520495
vt 0.656049 0.508557
vt 0.662518 0.212114
vt 0.659296 0.190978
vt 0.663423 0.212155
vt 0.655352 0.251099
vt 0.656286 0.250303
vt 0.655846 0.251440
vt 0.655783 0.249954
vt 0.657882 0.246158
vt 0.659023 0.247483
vt 0.657387 0.251217
vt 0.656912 0.252268
vt 0.599087 0.355441
vt 0.605164 0.350197
vt 0.607367 0.355873
vt 0.596989 0.349632
vt 0.595431 0.345127
vt 0.603621 0.345846
vt 0.657099 0.190968
vt 0.654157 0.172867
vt 0.658363 0.190988
vt 0.643112 0.451308
vt 0.650210 0.154321
vt 0.655109 0.172828
vt 0.642799 0.434239
vt 0.637980 0.416615
vt 0.643980 0.434210
vt 0.625094 0.397440
vt 0.637980 0.119740
vt 0.631615 0.100684
vt 0.639002 0.119709
vt 0.604791 0.370219
vt 0.610282 0.362830
vt 0.613720 0.370767
vt 0.601727 0.362370
vt 0.530558 0.338415
vt 0.556802 0.338139
vt 0.556881 0.339151
vt 0.530598 0.348077
vt 0.557635 0.344344
vt 0.556802 0.041264
vt 0.530552 0.040049
vt 0.557152 0.040823
vt 0.136473 0.041500
vt 0.118021 0.041121
vt 0.136474 0.041089
vt 0.625528 0.388450
vt 0.622532 0.379537
vt 0.626579 0.388436
vt 0.621291 0.388269
vt 0.621526 0.379540
vt 0.617449 0.379326
vt 0.617628 0.370987
vt 0.618587 0.370993
vt 0.627639 0.091546
vt 0.630565 0.100703
vt 0.626579 0.091561
vt 0.631918 0.091750
vt 0.661849 0.417064
vt 0.658179 0.398932
vt 0.662699 0.417087
vt 0.635682 0.100838
vt 0.642698 0.119750
vt 0.613229 0.050712
vt 0.609369 0.046325
vt 0.615008 0.049985
vt 0.608567 0.046525
vt 0.608152 0.044349
vt 0.608677 0.044145
vt 0.610021 0.046012
vt 0.615790 0.049541
vt 0.058873 0.044848
vt 0.068923 0.043841
vt 0.058880 0.045303
vt 0.069031 0.043329
vt 0.079182 0.042369
vt 0.079015 0.042873
vt 0.068807 0.044337
vt 0.058852 0.045758
vt 0.117773 0.041507
vt 0.136472 0.041941
vt 0.117702 0.041921
vt 0.102141 0.041210
vt 0.086013 0.041140
vt 0.086470 0.041576
vt 0.085924 0.041498
vt 0.086605 0.041295
vt 0.086711 0.041609
vt 0.086578 0.041836
vt 0.086368 0.041837
vt 0.085856 0.041870
vt 0.101985 0.041543
vt 0.101881 0.041905
vt 0.530580 0.343674
vt 0.557150 0.341208
vt 0.530567 0.340507
vt 0.530550 0.039578
vt 0.627300 0.056921
vt 0.639875 0.061686
vt 0.639813 0.062307
vt 0.627508 0.055937
vt 0.627978 0.055393
vt 0.640117 0.061144
vt 0.558130 0.040402
vt 0.530548 0.039038
vt 0.558915 0.039936
vt 0.582010 0.041171
vt 0.607655 0.044469
vt 0.607807 0.043444
vt 0.607389 0.043537
vt 0.607559 0.043122
vt 0.607994 0.042922
vt 0.608281 0.043271
vt 0.602632 0.342709
vt 0.594394 0.341927
vt 0.582819 0.341523
vt 0.593793 0.339833
vt 0.602071 0.340633
vt 0.582347 0.040827
vt 0.582718 0.040408
vt 0.581964 0.041582
vt 0.079364 0.041833
vt 0.084366 0.041612
vt 0.084487 0.041149
vt 0.084250 0.042078
vt 0.650210 0.451196
vt 0.668873 0.153062
vt 0.666353 0.136485
vt 0.669558 0.153016
vt 0.672343 0.172029
vt 0.655109 0.469703
vt 0.556881 0.042276
vt 0.582225 0.339467
vt 0.399565 0.434668
vt 0.402402 0.451700
vt 0.396107 0.451334
vt 0.648022 0.451299
vt 0.665591 0.433386
vt 0.636835 0.416628
vt 0.087111 0.041875
vt 0.086969 0.041619
vt 0.087280 0.041630
vt 0.086810 0.041855
vt 0.086868 0.041357
vt 0.087136 0.041376
vt 0.087447 0.041389
vt 0.608133 0.378771
vt 0.611604 0.387771
vt 0.644973 0.434151
vt 0.649239 0.451264
vt 0.095272 0.041295
vt 0.095127 0.041589
vt 0.094992 0.041900
vt 0.090113 0.041630
vt 0.090266 0.041369
vt 0.593492 0.041539
vt 0.593676 0.041230
vt 0.593959 0.040827
vt 0.601981 0.042044
vt 0.601794 0.042345
vt 0.593511 0.041924
vt 0.601810 0.042729
vt 0.593793 0.042958
vt 0.582225 0.042592
vt 0.606963 0.043169
vt 0.606475 0.043429
vt 0.606489 0.043059
vt 0.607287 0.043250
vt 0.606959 0.043514
vt 0.607176 0.044472
vt 0.606683 0.044413
vt 0.656350 0.245337
vt 0.660485 0.236569
vt 0.657346 0.245778
vt 0.656350 0.542212
vt 0.659370 0.533137
vt 0.661677 0.521144
vt 0.662906 0.521306
vt 0.660485 0.533444
vt 0.662518 0.508989
vt 0.661246 0.508912
vt 0.661246 0.212037
vt 0.389507 0.488736
vt 0.391574 0.509387
vt 0.386766 0.508718
vt 0.610986 0.059191
vt 0.609606 0.053667
vt 0.611869 0.059207
vt 0.608733 0.350488
vt 0.610986 0.356066
vt 0.607198 0.346256
vt 0.608733 0.053613
vt 0.608083 0.049481
vt 0.652911 0.469746
vt 0.657099 0.487843
vt 0.675383 0.190516
vt 0.672971 0.172000
vt 0.675966 0.190499
vt 0.649239 0.154389
vt 0.652911 0.172871
vt 0.648022 0.154424
vt 0.398360 0.470484
vt 0.392570 0.470267
vt 0.630565 0.397578
vt 0.629476 0.397593
vt 0.408461 0.399684
vt 0.411298 0.417837
vt 0.403530 0.418097
vt 0.607070 0.042463
vt 0.607193 0.042933
vt 0.606705 0.042783
vt 0.607592 0.042671
vt 0.607720 0.046492
vt 0.608947 0.049633
vt 0.607172 0.046424
vt 0.614940 0.363022
vt 0.614025 0.363017
vt 0.611869 0.356082
vt 0.054111 0.045648
vt 0.053489 0.046590
vt 0.053119 0.046468
vt 0.054291 0.046050
vt 0.054416 0.046436
vt 0.053726 0.046642
vt 0.646415 0.067242
vt 0.645580 0.065009
vt 0.647817 0.067492
vt 0.645159 0.362103
vt 0.646415 0.364117
vt 0.645159 0.065228
vt 0.640072 0.063326
vt 0.647817 0.364367
vt 0.648222 0.368831
vt 0.649474 0.369059
vt 0.650433 0.375305
vt 0.651616 0.375485
vt 0.652643 0.382370
vt 0.653752 0.382494
vt 0.654878 0.390139
vt 0.655910 0.390220
vt 0.657217 0.398869
vt 0.658217 0.416973
vt 0.653115 0.398614
vt 0.662333 0.433502
vt 0.665943 0.450132
vt 0.668873 0.449937
vt 0.669651 0.469029
vt 0.672343 0.468904
vt 0.672881 0.487466
vt 0.659296 0.487853
vt 0.675383 0.487391
vt 0.679577 0.220097
vt 0.678020 0.210201
vt 0.678542 0.210072
vt 0.679034 0.220679
vt 0.675803 0.210545
vt 0.677723 0.528618
vt 0.679725 0.533780
vt 0.678062 0.536222
vt 0.677008 0.221518
vt 0.679536 0.230019
vt 0.677723 0.231743
vt 0.680187 0.228483
vt 0.679536 0.526894
vt 0.680521 0.531454
vt 0.647176 0.065410
vt 0.645643 0.064477
vt 0.645819 0.063938
vt 0.647277 0.064735
vt 0.659488 0.549925
vt 0.661562 0.551775
vt 0.658938 0.550775
vt 0.659488 0.253050
vt 0.657387 0.548092
vt 0.642892 0.245712
vt 0.651304 0.247897
vt 0.650971 0.249018
vt 0.643035 0.244621
vt 0.643035 0.541496
vt 0.651304 0.544772
vt 0.531352 0.521768
vt 0.585130 0.520380
vt 0.501860 0.354596
vt 0.500725 0.361234
vt 0.531332 0.517322
vt 0.674951 0.538947
vt 0.666754 0.523527
vt 0.673990 0.530874
vt 0.671638 0.248816
vt 0.675431 0.246847
vt 0.671817 0.249743
vt 0.675350 0.542634
vt 0.671638 0.545691
vt 0.678191 0.539875
vt 0.678221 0.541184
vt 0.675431 0.543722
vt 0.662894 0.256181
vt 0.664253 0.254549
vt 0.664549 0.255010
vt 0.662318 0.256513
vt 0.662576 0.255849
vt 0.661929 0.256370
vt 0.661562 0.254900
vt 0.664253 0.551424
vt 0.678191 0.243000
vt 0.679858 0.242245
vt 0.678221 0.244309
vt 0.678062 0.239347
vt 0.679818 0.240530
vt 0.679725 0.236905
vt 0.680704 0.238212
vt 0.680574 0.240388
vt 0.667837 0.252684
vt 0.667582 0.548870
vt 0.667582 0.251995
vt 0.663423 0.509030
vt 0.394893 0.488848
vt 0.619666 0.074172
vt 0.620973 0.067015
vt 0.624416 0.074748
vt 0.618587 0.074118
vt 0.616025 0.066234
vt 0.614940 0.066147
vt 0.612965 0.059342
vt 0.618104 0.060417
vt 0.606254 0.343177
vt 0.605740 0.341147
vt 0.606254 0.046302
vt 0.607198 0.049381
vt 0.602280 0.041674
vt 0.605723 0.042580
vt 0.606051 0.042228
vt 0.605519 0.042873
vt 0.639002 0.416584
vt 0.406549 0.434855
vt 0.612965 0.356217
vt 0.610684 0.053859
vt 0.610684 0.350734
vt 0.613229 0.347587
vt 0.663776 0.224705
vt 0.665996 0.212053
vt 0.666754 0.226652
vt 0.662906 0.224431
vt 0.657882 0.543033
vt 0.661133 0.236978
vt 0.662488 0.239164
vt 0.605518 0.043255
vt 0.606475 0.340304
vt 0.605518 0.340130
vt 0.602071 0.043758
vt 0.089961 0.041897
vt 0.087876 0.041643
vt 0.087713 0.041892
vt 0.088037 0.041397
vt 0.628119 0.083042
vt 0.623603 0.082677
vt 0.622532 0.082662
vt 0.650971 0.545893
vt 0.654842 0.546330
vt 0.654425 0.547466
vt 0.654842 0.249455
vt 0.654425 0.250591
vt 0.396278 0.547675
vt 0.401776 0.548333
vt 0.399713 0.551195
vt 0.391984 0.543588
vt 0.398223 0.542558
vt 0.393591 0.536063
vt 0.400341 0.537219
vt 0.398223 0.245683
vt 0.403882 0.248632
vt 0.401776 0.251458
vt 0.396587 0.510137
vt 0.502811 0.348969
vt 0.477336 0.345143
vt 0.503531 0.344569
vt 0.390102 0.521144
vt 0.385660 0.519702
vt 0.400353 0.488956
vt 0.480969 0.485616
vt 0.478774 0.504436
vt 0.404211 0.470703
vt 0.499451 0.368768
vt 0.498077 0.377088
vt 0.408740 0.452071
vt 0.483390 0.467981
vt 0.413549 0.435050
vt 0.488731 0.432763
vt 0.485942 0.450565
vt 0.417217 0.399117
vt 0.419051 0.417605
vt 0.411010 0.390853
vt 0.420361 0.390130
vt 0.425898 0.398617
vt 0.415930 0.375524
vt 0.423487 0.381749
vt 0.413487 0.382864
vt 0.426544 0.373899
vt 0.433309 0.380733
vt 0.429582 0.389486
vt 0.420206 0.363680
vt 0.429421 0.366626
vt 0.418321 0.368776
vt 0.431738 0.360718
vt 0.440334 0.364630
vt 0.436948 0.372398
vt 0.455242 0.416088
vt 0.491883 0.414020
vt 0.442449 0.469679
vt 0.460849 0.396934
vt 0.495127 0.395080
vt 0.530681 0.367833
vt 0.496630 0.385941
vt 0.463725 0.387646
vt 0.477994 0.513447
vt 0.435632 0.507421
vt 0.434391 0.517913
vt 0.477380 0.525936
vt 0.477310 0.528364
vt 0.477310 0.231489
vt 0.477285 0.232428
vt 0.475880 0.349692
vt 0.474014 0.355522
vt 0.433722 0.534624
vt 0.433696 0.537908
vt 0.421175 0.361060
vt 0.421430 0.360041
vt 0.433200 0.356841
vt 0.433927 0.354575
vt 0.445290 0.352888
vt 0.443154 0.358006
vt 0.422126 0.488341
vt 0.414354 0.470691
vt 0.425903 0.470305
vt 0.418483 0.508734
vt 0.434784 0.434877
vt 0.429531 0.417377
vt 0.440092 0.416879
vt 0.446329 0.451791
vt 0.430208 0.452145
vt 0.433696 0.241033
vt 0.433679 0.242075
vt 0.438945 0.487625
vt 0.469297 0.370086
vt 0.466573 0.378608
vt 0.450444 0.434364
vt 0.471800 0.362357
vt 0.446512 0.397725
vt 0.407866 0.533188
vt 0.419263 0.538817
vt 0.410357 0.541889
vt 0.406019 0.521620
vt 0.418137 0.530796
vt 0.417556 0.520046
vt 0.433839 0.527553
vt 0.406531 0.509677
vt 0.403097 0.192125
vt 0.400066 0.213292
vt 0.399162 0.213341
vt 0.410401 0.488791
vt 0.407585 0.252215
vt 0.406645 0.251427
vt 0.407144 0.251074
vt 0.407094 0.252560
vt 0.405551 0.252351
vt 0.405010 0.247297
vt 0.405543 0.246912
vt 0.456045 0.350810
vt 0.462164 0.356006
vt 0.453886 0.356504
vt 0.457554 0.346446
vt 0.464217 0.350179
vt 0.465739 0.345662
vt 0.411853 0.155380
vt 0.408073 0.173965
vt 0.407120 0.173934
vt 0.418952 0.452303
vt 0.408073 0.470840
vt 0.405294 0.488970
vt 0.404031 0.489001
vt 0.429966 0.101551
vt 0.423771 0.120677
vt 0.422748 0.120656
vt 0.436491 0.398248
vt 0.423771 0.417552
vt 0.419111 0.435227
vt 0.417930 0.435208
vt 0.451024 0.363486
vt 0.456577 0.370835
vt 0.447647 0.371455
vt 0.459579 0.362958
vt 0.504312 0.041481
vt 0.503958 0.041043
vt 0.155173 0.041615
vt 0.155241 0.042030
vt 0.504312 0.338356
vt 0.504241 0.339370
vt 0.438899 0.083431
vt 0.435977 0.092379
vt 0.434925 0.092375
vt 0.442777 0.074846
vt 0.439906 0.083425
vt 0.443737 0.371707
vt 0.443985 0.380052
vt 0.439906 0.380300
vt 0.440217 0.389036
vt 0.435977 0.389254
vt 0.431017 0.101561
vt 0.433864 0.092369
vt 0.425898 0.101742
vt 0.419051 0.120730
vt 0.399898 0.121348
vt 0.403398 0.103176
vt 0.404360 0.103103
vt 0.429582 0.092611
vt 0.447959 0.051386
vt 0.451786 0.046969
vt 0.452589 0.047163
vt 0.446174 0.050672
vt 0.451131 0.046661
vt 0.452461 0.044783
vt 0.452988 0.044984
vt 0.453485 0.045100
vt 0.214054 0.045293
vt 0.204009 0.044228
vt 0.203904 0.043716
vt 0.214044 0.045748
vt 0.204123 0.044725
vt 0.193923 0.043202
vt 0.193759 0.042697
vt 0.193580 0.042160
vt 0.170960 0.041741
vt 0.171062 0.042104
vt 0.154927 0.041228
vt 0.186935 0.041429
vt 0.186475 0.041863
vt 0.186343 0.041581
vt 0.187022 0.041788
vt 0.186577 0.042124
vt 0.186366 0.042122
vt 0.186234 0.041894
vt 0.186079 0.041641
vt 0.170807 0.041407
vt 0.502977 0.040631
vt 0.502188 0.040171
vt 0.503990 0.341429
vt 0.421365 0.062544
vt 0.433927 0.057700
vt 0.421430 0.063166
vt 0.433239 0.056175
vt 0.433712 0.056717
vt 0.445389 0.050233
vt 0.446174 0.347547
vt 0.447959 0.348261
vt 0.478763 0.041255
vt 0.478388 0.040839
vt 0.453325 0.044077
vt 0.453744 0.044166
vt 0.452850 0.043907
vt 0.453134 0.043556
vt 0.453571 0.043753
vt 0.453844 0.043879
vt 0.458519 0.343301
vt 0.459064 0.341220
vt 0.466750 0.342453
vt 0.467335 0.340354
vt 0.478322 0.341955
vt 0.479153 0.338882
vt 0.478899 0.339894
vt 0.479103 0.041597
vt 0.188580 0.041910
vt 0.188461 0.041447
vt 0.188693 0.042378
vt 0.187088 0.042160
vt 0.413549 0.138175
vt 0.408740 0.155196
vt 0.404211 0.173828
vt 0.389877 0.173291
vt 0.392489 0.154252
vt 0.393174 0.154290
vt 0.395543 0.137688
vt 0.396306 0.137707
vt 0.479153 0.042007
vt 0.477563 0.520861
vt 0.027479 0.124991
vt 0.029773 0.139107
vt 0.024574 0.138749
vt 0.424916 0.417554
vt 0.423872 0.435147
vt 0.399047 0.121378
vt 0.414041 0.452338
vt 0.185832 0.042158
vt 0.185976 0.041903
vt 0.186134 0.042140
vt 0.185665 0.041912
vt 0.185811 0.041659
vt 0.453304 0.379419
vt 0.449906 0.388455
vt 0.416935 0.138284
vt 0.412824 0.155439
vt 0.177675 0.041531
vt 0.182681 0.041634
vt 0.177819 0.041826
vt 0.182833 0.041896
vt 0.177952 0.042138
vt 0.467624 0.042058
vt 0.459329 0.042930
vt 0.467437 0.041750
vt 0.459140 0.042630
vt 0.467151 0.041350
vt 0.467608 0.339318
vt 0.459317 0.340189
vt 0.467608 0.042443
vt 0.454657 0.044051
vt 0.454167 0.043795
vt 0.454641 0.043682
vt 0.454456 0.045037
vt 0.454174 0.044140
vt 0.453964 0.045099
vt 0.402320 0.534605
vt 0.406535 0.543336
vt 0.405543 0.543787
vt 0.399790 0.522488
vt 0.403432 0.534288
vt 0.401017 0.522315
vt 0.400066 0.510167
vt 0.018875 0.169444
vt 0.020268 0.186398
vt 0.016352 0.185759
vt 0.401338 0.510078
vt 0.451605 0.351189
vt 0.450267 0.356725
vt 0.449383 0.356748
vt 0.453096 0.346990
vt 0.452477 0.351128
vt 0.453980 0.346884
vt 0.409319 0.470832
vt 0.026322 0.154560
vt 0.021556 0.154312
vt 0.412824 0.452314
vt 0.387004 0.191808
vt 0.389248 0.173268
vt 0.034971 0.095990
vt 0.037293 0.111114
vt 0.030826 0.111287
vt 0.431017 0.398436
vt 0.432107 0.398441
vt 0.454055 0.043090
vt 0.453935 0.043561
vt 0.453534 0.043302
vt 0.454422 0.043407
vt 0.453096 0.050115
vt 0.453436 0.047124
vt 0.453984 0.047051
vt 0.452233 0.050274
vt 0.446364 0.363715
vt 0.442777 0.371721
vt 0.447280 0.363703
vt 0.219424 0.047086
vt 0.218814 0.046121
vt 0.219820 0.046969
vt 0.219182 0.047132
vt 0.218628 0.046526
vt 0.214069 0.046203
vt 0.415643 0.065880
vt 0.414817 0.068164
vt 0.413399 0.068440
vt 0.416072 0.066100
vt 0.416072 0.362975
vt 0.413399 0.365315
vt 0.413052 0.369810
vt 0.411797 0.370055
vt 0.414817 0.365039
vt 0.410908 0.376327
vt 0.409726 0.376521
vt 0.409726 0.079646
vt 0.408772 0.086550
vt 0.407663 0.086686
vt 0.408772 0.383425
vt 0.406614 0.391223
vt 0.406614 0.094348
vt 0.405582 0.094438
vt 0.405582 0.391313
vt 0.404360 0.399978
vt 0.403398 0.400051
vt 0.399898 0.418223
vt 0.396306 0.434582
vt 0.393174 0.451165
vt 0.400353 0.192081
vt 0.389877 0.470166
vt 0.387004 0.488683
vt 0.383626 0.518882
vt 0.384546 0.508395
vt 0.384546 0.211520
vt 0.383078 0.221430
vt 0.384022 0.211395
vt 0.383083 0.535115
vt 0.385038 0.529935
vt 0.384767 0.537542
vt 0.382265 0.532797
vt 0.383209 0.528228
vt 0.382544 0.229822
vt 0.383626 0.222007
vt 0.383209 0.231353
vt 0.414010 0.066255
vt 0.413983 0.065574
vt 0.415586 0.065349
vt 0.415416 0.064814
vt 0.403467 0.551078
vt 0.401410 0.552947
vt 0.403467 0.254203
vt 0.406036 0.550273
vt 0.404025 0.551923
vt 0.402040 0.553585
vt 0.411604 0.248976
vt 0.419997 0.246714
vt 0.411948 0.250093
vt 0.419844 0.542500
vt 0.411604 0.545851
vt 0.433679 0.538950
vt 0.419997 0.543589
vt 0.112344 0.065489
vt 0.136271 0.071196
vt 0.111136 0.071575
vt 0.387904 0.540240
vt 0.388791 0.532157
vt 0.395961 0.524745
vt 0.387466 0.248145
vt 0.391278 0.250079
vt 0.391107 0.251008
vt 0.384654 0.245631
vt 0.387538 0.247055
vt 0.384672 0.541197
vt 0.387538 0.543930
vt 0.391278 0.546954
vt 0.398715 0.255745
vt 0.400089 0.257366
vt 0.398423 0.256210
vt 0.398715 0.552620
vt 0.400404 0.553906
vt 0.401410 0.256072
vt 0.401056 0.257546
vt 0.400404 0.257031
vt 0.400668 0.257692
vt 0.382998 0.243582
vt 0.384672 0.244322
vt 0.382264 0.241731
vt 0.383022 0.241867
vt 0.382115 0.239557
vt 0.383083 0.238240
vt 0.384767 0.240667
vt 0.395114 0.550788
vt 0.398423 0.553085
vt 0.395363 0.253222
vt 0.395114 0.253913
vt 0.395363 0.550097
vt 0.386421 0.191796
vt 0.404031 0.192126
vt 0.023295 0.169620
vt 0.396587 0.213262
vt 0.440334 0.067755
vt 0.441698 0.074908
vt 0.436948 0.075523
vt 0.445280 0.363810
vt 0.448288 0.356892
vt 0.445280 0.066935
vt 0.454901 0.343797
vt 0.453980 0.050009
vt 0.454901 0.046922
vt 0.455399 0.044888
vt 0.455399 0.341763
vt 0.458838 0.042263
vt 0.455403 0.043196
vt 0.455071 0.042847
vt 0.455609 0.043488
vt 0.417930 0.138333
vt 0.033273 0.125197
vt 0.450528 0.351389
vt 0.452233 0.347149
vt 0.398922 0.225895
vt 0.395961 0.227870
vt 0.399790 0.225613
vt 0.400341 0.240344
vt 0.401676 0.238145
vt 0.402320 0.237730
vt 0.459317 0.043314
vt 0.455612 0.340744
vt 0.455612 0.043869
vt 0.182982 0.042164
vt 0.185069 0.041921
vt 0.185231 0.042172
vt 0.184910 0.041674
vt 0.185499 0.041670
vt 0.434925 0.389250
vt 0.433864 0.389244
vt 0.437828 0.083455
vt 0.433309 0.083858
vt 0.408080 0.250566
vt 0.408508 0.251699
vt 0.406535 0.246461
vt 0.022679 0.217678
vt 0.027064 0.218490
vt 0.025235 0.220631
vt 0.024525 0.213611
vt 0.028960 0.216325
vt 0.021164 0.208144
vt 0.026501 0.209349
vt 0.019502 0.214141
vt 0.024343 0.187110
vt 0.015265 0.194695
vt 0.018833 0.195964
vt 0.136223 0.166960
vt 0.096617 0.153330
vt 0.136227 0.152643
vt 0.027775 0.169795
vt 0.092885 0.055584
vt 0.113421 0.060160
vt 0.090955 0.060234
vt 0.031140 0.154813
vt 0.109842 0.078332
vt 0.136261 0.084989
vt 0.108500 0.085553
vt 0.035012 0.139476
vt 0.136238 0.123524
vt 0.104186 0.108627
vt 0.136246 0.107806
vt 0.039085 0.125417
vt 0.094456 0.167998
vt 0.136220 0.182176
vt 0.092474 0.183696
vt 0.042305 0.095560
vt 0.043757 0.110972
vt 0.136256 0.092343
vt 0.037105 0.088621
vt 0.044972 0.088064
vt 0.049588 0.095207
vt 0.041271 0.075781
vt 0.047644 0.081058
vt 0.039193 0.081939
vt 0.052737 0.087605
vt 0.050285 0.074475
vt 0.055950 0.080303
vt 0.045005 0.065762
vt 0.052793 0.068359
vt 0.043338 0.070083
vt 0.059119 0.073333
vt 0.054818 0.063421
vt 0.062093 0.066825
vt 0.114319 0.055700
vt 0.136280 0.059900
vt 0.078706 0.094160
vt 0.073759 0.109987
vt 0.101369 0.124127
vt 0.069563 0.125114
vt 0.065964 0.139537
vt 0.062547 0.154337
vt 0.107129 0.093032
vt 0.136276 0.065175
vt 0.098888 0.138877
vt 0.081267 0.086503
vt 0.136219 0.189203
vt 0.091740 0.191231
vt 0.136266 0.077871
vt 0.083846 0.079068
vt 0.091026 0.203741
vt 0.136218 0.201075
vt 0.090995 0.204518
vt 0.136232 0.138489
vt 0.091111 0.201704
vt 0.136218 0.200283
vt 0.054062 0.211167
vt 0.054020 0.212036
vt 0.094425 0.052067
vt 0.114989 0.052306
vt 0.045881 0.063690
vt 0.056122 0.060247
vt 0.064592 0.061273
vt 0.056834 0.058511
vt 0.066508 0.057006
vt 0.046199 0.063058
vt 0.045455 0.169549
vt 0.056347 0.185605
vt 0.042087 0.186371
vt 0.039266 0.154860
vt 0.048819 0.154670
vt 0.056545 0.125393
vt 0.052582 0.139675
vt 0.052343 0.110812
vt 0.061136 0.110488
vt 0.055115 0.194357
vt 0.054169 0.208394
vt 0.059412 0.169194
vt 0.086369 0.072079
vt 0.088758 0.065771
vt 0.066714 0.094622
vt 0.032662 0.206355
vt 0.041901 0.211460
vt 0.034366 0.213673
vt 0.041237 0.204720
vt 0.041061 0.195749
vt 0.054441 0.202439
vt 0.031508 0.196741
vt 0.032213 0.186896
vt 0.035767 0.169748
vt 0.030001 0.169869
vt 0.027047 0.187185
vt 0.026408 0.187220
vt 0.031757 0.219622
vt 0.031050 0.218850
vt 0.031453 0.218597
vt 0.029951 0.215289
vt 0.030370 0.215008
vt 0.031334 0.219862
vt 0.030072 0.219528
vt 0.075758 0.055363
vt 0.080862 0.060029
vt 0.073715 0.060152
vt 0.082927 0.055219
vt 0.084554 0.051570
vt 0.077283 0.051712
vt 0.034234 0.154953
vt 0.031600 0.169830
vt 0.030672 0.169863
vt 0.043258 0.139704
vt 0.037588 0.139661
vt 0.033525 0.154935
vt 0.047684 0.110962
vt 0.043584 0.125575
vt 0.042697 0.125580
vt 0.058329 0.094947
vt 0.053019 0.095096
vt 0.046858 0.110946
vt 0.071102 0.066008
vt 0.075642 0.072338
vt 0.068082 0.072668
vt 0.078401 0.065800
vt 0.136290 0.048217
vt 0.115730 0.047767
vt 0.136291 0.047545
vt 0.136284 0.055488
vt 0.136287 0.052120
vt 0.136291 0.047187
vt 0.136470 0.042845
vt 0.118022 0.043154
vt 0.117773 0.042800
vt 0.060672 0.080021
vt 0.058046 0.087455
vt 0.057237 0.087472
vt 0.061454 0.080000
vt 0.061559 0.087300
vt 0.064805 0.072825
vt 0.064851 0.079831
vt 0.064054 0.072848
vt 0.053881 0.095107
vt 0.056360 0.087460
vt 0.027802 0.111373
vt 0.030739 0.096277
vt 0.031541 0.096222
vt 0.068923 0.053224
vt 0.072482 0.049593
vt 0.073095 0.049640
vt 0.073691 0.047817
vt 0.073981 0.047819
vt 0.073284 0.047739
vt 0.067485 0.052820
vt 0.071978 0.049462
vt 0.059215 0.047256
vt 0.069152 0.045428
vt 0.069395 0.045858
vt 0.079422 0.043951
vt 0.079751 0.044369
vt 0.079107 0.043510
vt 0.059099 0.046839
vt 0.068899 0.044984
vt 0.136471 0.042411
vt 0.102150 0.043039
vt 0.101991 0.042746
vt 0.086433 0.043002
vt 0.086692 0.042517
vt 0.086949 0.042734
vt 0.086819 0.042581
vt 0.087060 0.042789
vt 0.086583 0.042323
vt 0.086196 0.042733
vt 0.086444 0.042290
vt 0.117702 0.042395
vt 0.115416 0.049963
vt 0.136289 0.049770
vt 0.115656 0.048433
vt 0.136291 0.046812
vt 0.114902 0.047425
vt 0.112937 0.047100
vt 0.046258 0.062764
vt 0.056766 0.057903
vt 0.066885 0.052601
vt 0.056441 0.057590
vt 0.136292 0.046396
vt 0.096283 0.047285
vt 0.095901 0.047069
vt 0.074064 0.047004
vt 0.074310 0.046952
vt 0.074240 0.046936
vt 0.074401 0.046926
vt 0.073830 0.046997
vt 0.073650 0.047058
vt 0.078370 0.049107
vt 0.085690 0.049061
vt 0.086379 0.047427
vt 0.095474 0.049695
vt 0.079069 0.047352
vt 0.112153 0.046775
vt 0.096364 0.047491
vt 0.084630 0.043145
vt 0.084908 0.043498
vt 0.085972 0.042433
vt 0.084347 0.042746
vt 0.022150 0.138583
vt 0.024140 0.124873
vt 0.024773 0.124896
vt 0.019336 0.154196
vt 0.021583 0.138544
vt 0.096097 0.048171
vt 0.244920 0.125061
vt 0.242630 0.139162
vt 0.239132 0.125267
vt 0.039242 0.139706
vt 0.027094 0.111393
vt 0.048550 0.110941
vt 0.047486 0.125528
vt 0.087071 0.042409
vt 0.086983 0.042659
vt 0.086749 0.042405
vt 0.087274 0.042656
vt 0.087197 0.042865
vt 0.072699 0.079457
vt 0.069690 0.086944
vt 0.041909 0.125542
vt 0.038336 0.139704
vt 0.095281 0.042960
vt 0.095132 0.042701
vt 0.101885 0.042393
vt 0.090118 0.042660
vt 0.094994 0.042395
vt 0.090276 0.042896
vt 0.086798 0.046562
vt 0.086651 0.046414
vt 0.095569 0.046827
vt 0.079337 0.046352
vt 0.086440 0.046202
vt 0.079485 0.046474
vt 0.086708 0.046700
vt 0.079414 0.046564
vt 0.074898 0.046916
vt 0.074557 0.046904
vt 0.074942 0.046841
vt 0.074520 0.046957
vt 0.074247 0.047760
vt 0.074637 0.047698
vt 0.028158 0.207290
vt 0.031159 0.214699
vt 0.027426 0.197171
vt 0.029006 0.207087
vt 0.026518 0.197276
vt 0.027980 0.187123
vt 0.253520 0.169474
vt 0.252129 0.186418
vt 0.249104 0.169650
vt 0.071936 0.055614
vt 0.070618 0.060266
vt 0.069913 0.060291
vt 0.072646 0.055555
vt 0.074069 0.051985
vt 0.073324 0.052079
vt 0.035155 0.154933
vt 0.016818 0.169360
vt 0.018817 0.154168
vt 0.247824 0.138804
vt 0.246078 0.154602
vt 0.054712 0.095088
vt 0.237432 0.096107
vt 0.235117 0.111203
vt 0.230117 0.095679
vt 0.074458 0.046566
vt 0.074440 0.046835
vt 0.074080 0.046915
vt 0.074792 0.046752
vt 0.073751 0.049557
vt 0.074166 0.049477
vt 0.072625 0.052232
vt 0.067215 0.066142
vt 0.067938 0.066124
vt 0.040047 0.065246
vt 0.041019 0.064401
vt 0.041272 0.064689
vt 0.054440 0.047806
vt 0.054478 0.047424
vt 0.058945 0.046412
vt 0.040218 0.064587
vt 0.040136 0.064833
vt 0.041316 0.065146
vt 0.040412 0.066921
vt 0.039173 0.067189
vt 0.041572 0.065200
vt 0.038835 0.070965
vt 0.037779 0.071170
vt 0.037017 0.076447
vt 0.036018 0.076604
vt 0.035212 0.082395
vt 0.034277 0.082502
vt 0.033409 0.088920
vt 0.032544 0.088990
vt 0.014541 0.185450
vt 0.013185 0.193505
vt 0.014111 0.185338
vt 0.013634 0.193983
vt 0.013030 0.207062
vt 0.014612 0.202970
vt 0.014299 0.208970
vt 0.013174 0.201553
vt 0.012646 0.200308
vt 0.012390 0.205205
vt 0.039942 0.065561
vt 0.041355 0.064974
vt 0.028198 0.220835
vt 0.026413 0.222052
vt 0.028550 0.221574
vt 0.026799 0.222621
vt 0.030362 0.220446
vt 0.035234 0.217036
vt 0.042338 0.215483
vt 0.035478 0.217979
vt 0.042251 0.214572
vt 0.091312 0.197446
vt 0.136218 0.198479
vt 0.159139 0.060197
vt 0.160207 0.065528
vt 0.136218 0.194767
vt 0.016562 0.211216
vt 0.017538 0.204846
vt 0.023460 0.199026
vt 0.015864 0.214991
vt 0.018725 0.216849
vt 0.018515 0.217600
vt 0.016026 0.214117
vt 0.014081 0.211738
vt 0.013960 0.212751
vt 0.024402 0.221717
vt 0.025415 0.222882
vt 0.024175 0.222080
vt 0.025631 0.222637
vt 0.025778 0.223018
vt 0.026015 0.222980
vt 0.012892 0.211075
vt 0.012970 0.209818
vt 0.012284 0.208076
vt 0.012392 0.209706
vt 0.021602 0.220167
vt 0.021831 0.219616
vt 0.016337 0.169340
vt 0.250841 0.154354
vt 0.063160 0.072892
vt 0.066319 0.066215
vt 0.069008 0.060408
vt 0.074981 0.049374
vt 0.075529 0.047612
vt 0.079092 0.046137
vt 0.075712 0.046631
vt 0.075437 0.046418
vt 0.075866 0.046734
vt 0.241574 0.111375
vt 0.071047 0.055788
vt 0.025888 0.197484
vt 0.027677 0.207597
vt 0.075814 0.046811
vt 0.089963 0.042394
vt 0.087875 0.042643
vt 0.087707 0.042395
vt 0.087458 0.042876
vt 0.088043 0.042870
vt 0.059785 0.080032
vt 0.032229 0.218233
vt 0.032548 0.219225
vt 0.245339 0.218493
vt 0.249722 0.217680
vt 0.247168 0.220632
vt 0.247877 0.213615
vt 0.252896 0.214146
vt 0.245901 0.209357
vt 0.251235 0.208151
vt 0.243444 0.216329
vt 0.248056 0.187129
vt 0.244626 0.169826
vt 0.158249 0.055736
vt 0.178149 0.052137
vt 0.179683 0.055658
vt 0.253564 0.195978
vt 0.257129 0.194710
vt 0.256043 0.185779
vt 0.241263 0.154855
vt 0.177983 0.168016
vt 0.237395 0.139531
vt 0.161404 0.071616
vt 0.162687 0.078373
vt 0.233328 0.125487
vt 0.175829 0.153353
vt 0.228665 0.111062
vt 0.171100 0.124160
vt 0.222852 0.095326
vt 0.173569 0.138905
vt 0.235300 0.088759
vt 0.227461 0.088204
vt 0.219719 0.087740
vt 0.231160 0.075981
vt 0.224807 0.081222
vt 0.222195 0.074664
vt 0.216528 0.080453
vt 0.213386 0.073491
vt 0.233219 0.082103
vt 0.227504 0.066039
vt 0.219719 0.068561
vt 0.217717 0.063613
vt 0.210437 0.066981
vt 0.207959 0.061421
vt 0.229133 0.070329
vt 0.198706 0.110059
vt 0.202885 0.125173
vt 0.157584 0.052341
vt 0.209881 0.154374
vt 0.213010 0.169222
vt 0.168299 0.108665
vt 0.193782 0.094244
vt 0.164018 0.085594
vt 0.165377 0.093073
vt 0.191235 0.086590
vt 0.179960 0.183709
vt 0.216071 0.185624
vt 0.180691 0.191242
vt 0.181319 0.201712
vt 0.181403 0.203749
vt 0.218246 0.208402
vt 0.218354 0.211174
vt 0.226638 0.063951
vt 0.216429 0.060430
vt 0.226324 0.063314
vt 0.206058 0.057147
vt 0.215727 0.058690
vt 0.226958 0.169579
vt 0.233144 0.154901
vt 0.236640 0.169779
vt 0.230323 0.186391
vt 0.215889 0.125459
vt 0.220094 0.110899
vt 0.224937 0.125597
vt 0.206473 0.139585
vt 0.219842 0.139727
vt 0.181434 0.204526
vt 0.186163 0.072165
vt 0.188672 0.079155
vt 0.223598 0.154710
vt 0.181604 0.060312
vt 0.183789 0.065853
vt 0.205759 0.094724
vt 0.211313 0.110570
vt 0.230508 0.211468
vt 0.239743 0.206365
vt 0.238040 0.213679
vt 0.231172 0.204730
vt 0.240895 0.196755
vt 0.217974 0.202450
vt 0.231348 0.195764
vt 0.240191 0.186916
vt 0.245354 0.187204
vt 0.242402 0.169899
vt 0.245993 0.187239
vt 0.217301 0.194372
vt 0.240649 0.219625
vt 0.241355 0.218853
vt 0.241071 0.219865
vt 0.242333 0.219531
vt 0.242043 0.220448
vt 0.240953 0.218600
vt 0.242453 0.215294
vt 0.191697 0.060129
vt 0.196813 0.055476
vt 0.198843 0.060271
vt 0.189643 0.055314
vt 0.195298 0.051819
vt 0.188024 0.051661
vt 0.238173 0.154994
vt 0.234822 0.139716
vt 0.238880 0.154977
vt 0.229157 0.139758
vt 0.240804 0.169860
vt 0.241731 0.169893
vt 0.224745 0.111051
vt 0.219429 0.095212
vt 0.225569 0.111035
vt 0.214130 0.095059
vt 0.228834 0.125644
vt 0.229720 0.125649
vt 0.196884 0.072448
vt 0.201438 0.066134
vt 0.204436 0.072798
vt 0.194143 0.065906
vt 0.156851 0.047801
vt 0.157679 0.047460
vt 0.155165 0.042908
vt 0.155238 0.042503
vt 0.156924 0.048467
vt 0.214423 0.087583
vt 0.211816 0.080160
vt 0.215229 0.087601
vt 0.211037 0.080137
vt 0.208459 0.072990
vt 0.207645 0.079961
vt 0.207709 0.072965
vt 0.210917 0.087423
vt 0.216105 0.087591
vt 0.218568 0.095223
vt 0.244594 0.111459
vt 0.241655 0.096390
vt 0.245301 0.111479
vt 0.203657 0.053356
vt 0.200106 0.049712
vt 0.205096 0.052957
vt 0.200612 0.049582
vt 0.205697 0.052740
vt 0.199309 0.047854
vt 0.199493 0.049757
vt 0.198902 0.047932
vt 0.213698 0.047699
vt 0.203772 0.045814
vt 0.213816 0.047283
vt 0.204027 0.045371
vt 0.213972 0.046856
vt 0.193827 0.043839
vt 0.203526 0.046243
vt 0.193510 0.044278
vt 0.170948 0.042944
vt 0.171056 0.042592
vt 0.154914 0.043260
vt 0.136468 0.043230
vt 0.186504 0.043289
vt 0.186248 0.042802
vt 0.186743 0.043021
vt 0.186497 0.042577
vt 0.186968 0.042722
vt 0.186359 0.042609
vt 0.185990 0.043018
vt 0.186121 0.042866
vt 0.157160 0.049998
vt 0.170787 0.043236
vt 0.159644 0.047138
vt 0.160429 0.046814
vt 0.226267 0.063018
vt 0.216125 0.057772
vt 0.226411 0.062678
vt 0.215797 0.058083
vt 0.176683 0.047136
vt 0.177015 0.046894
vt 0.198611 0.047933
vt 0.198530 0.047116
vt 0.198945 0.047171
vt 0.198765 0.047110
vt 0.198284 0.047064
vt 0.198354 0.047048
vt 0.194216 0.049210
vt 0.186893 0.049148
vt 0.193521 0.047453
vt 0.177105 0.049763
vt 0.186207 0.047512
vt 0.176219 0.047557
vt 0.176300 0.047351
vt 0.193178 0.044694
vt 0.188307 0.043442
vt 0.188592 0.043044
vt 0.188026 0.043793
vt 0.250812 0.138599
vt 0.253059 0.154238
vt 0.250246 0.138638
vt 0.248256 0.124942
vt 0.181118 0.197455
vt 0.176485 0.048238
vt 0.020874 0.138414
vt 0.223880 0.111030
vt 0.247623 0.124965
vt 0.233169 0.139760
vt 0.185870 0.042692
vt 0.185957 0.042942
vt 0.185666 0.042938
vt 0.185741 0.043148
vt 0.185481 0.043157
vt 0.185878 0.043072
vt 0.186192 0.042689
vt 0.199808 0.079569
vt 0.202799 0.087052
vt 0.230507 0.125612
vt 0.234075 0.139759
vt 0.177657 0.043196
vt 0.177807 0.042937
vt 0.182662 0.043160
vt 0.177946 0.042632
vt 0.182822 0.042926
vt 0.185790 0.046647
vt 0.185937 0.046498
vt 0.193107 0.046574
vt 0.186148 0.046287
vt 0.193256 0.046451
vt 0.185880 0.046784
vt 0.193177 0.046664
vt 0.198038 0.047015
vt 0.197696 0.047026
vt 0.197652 0.046952
vt 0.198074 0.047068
vt 0.197956 0.047810
vt 0.198345 0.047873
vt 0.198194 0.047037
vt 0.241245 0.214704
vt 0.244244 0.207299
vt 0.242034 0.215013
vt 0.243397 0.207096
vt 0.245884 0.197290
vt 0.244975 0.197185
vt 0.013397 0.185248
vt 0.244422 0.187142
vt 0.201938 0.060394
vt 0.200635 0.055737
vt 0.202643 0.060421
vt 0.199925 0.055676
vt 0.199257 0.052197
vt 0.198512 0.052100
vt 0.237252 0.154975
vt 0.018107 0.154048
vt 0.255576 0.169391
vt 0.253577 0.154210
vt 0.256056 0.169370
vt 0.030033 0.096104
vt 0.026388 0.111226
vt 0.217740 0.095203
vt 0.198137 0.046677
vt 0.198154 0.046946
vt 0.197802 0.046862
vt 0.198515 0.047027
vt 0.198837 0.049672
vt 0.199956 0.052353
vt 0.198422 0.049592
vt 0.205321 0.066280
vt 0.204599 0.066260
vt 0.219676 0.047797
vt 0.218428 0.047886
vt 0.219331 0.047569
vt 0.219101 0.047455
vt 0.218419 0.047485
vt 0.218469 0.048275
vt 0.232061 0.067222
vt 0.231195 0.065471
vt 0.233268 0.067493
vt 0.230940 0.065522
vt 0.233582 0.071207
vt 0.234625 0.071410
vt 0.235380 0.076641
vt 0.236372 0.076795
vt 0.237181 0.082554
vt 0.238111 0.082659
vt 0.238984 0.089053
vt 0.239846 0.089122
vt 0.240855 0.096335
vt 0.258760 0.193998
vt 0.257852 0.185470
vt 0.259208 0.193520
vt 0.258282 0.185358
vt 0.257783 0.202980
vt 0.259365 0.207069
vt 0.258096 0.208977
vt 0.259220 0.201563
vt 0.260004 0.205213
vt 0.259748 0.200319
vt 0.232565 0.065917
vt 0.231158 0.065298
vt 0.232485 0.065612
vt 0.231249 0.064997
vt 0.244206 0.220837
vt 0.245990 0.222053
vt 0.243854 0.221576
vt 0.230072 0.215489
vt 0.237173 0.217040
vt 0.236929 0.217983
vt 0.230159 0.214577
vt 0.218395 0.212044
vt 0.136218 0.201846
vt 0.255835 0.211221
vt 0.254859 0.204855
vt 0.248939 0.199039
vt 0.253673 0.216852
vt 0.256533 0.214994
vt 0.253884 0.217603
vt 0.256371 0.214121
vt 0.258435 0.212756
vt 0.258314 0.211743
vt 0.246988 0.222882
vt 0.248000 0.221718
vt 0.248227 0.222081
vt 0.246388 0.222981
vt 0.246772 0.222638
vt 0.246625 0.223018
vt 0.259503 0.211080
vt 0.259425 0.209824
vt 0.260002 0.209711
vt 0.260111 0.208083
vt 0.250799 0.220169
vt 0.250570 0.219618
vt 0.015626 0.169232
vt 0.209352 0.073036
vt 0.206217 0.066355
vt 0.203547 0.060542
vt 0.197607 0.049486
vt 0.197063 0.047722
vt 0.193500 0.046237
vt 0.196882 0.046740
vt 0.196728 0.046842
vt 0.197158 0.046526
vt 0.023427 0.124734
vt 0.201524 0.055914
vt 0.246513 0.197498
vt 0.244725 0.207606
vt 0.196780 0.046919
vt 0.182978 0.042660
vt 0.185064 0.042922
vt 0.184895 0.043148
vt 0.185234 0.042675
vt 0.212703 0.080173
vt 0.240176 0.218236
vt 0.239858 0.219228
vt 0.012245 0.211380
vt 0.013401 0.213168
vt 0.023785 0.222668
vt 0.018042 0.218147
vt 0.021162 0.220739
vt 0.012470 0.193432
vt 0.258995 0.185268
vt 0.256767 0.169263
vt 0.254286 0.154089
vt 0.251520 0.138469
vt 0.248968 0.124803
vt 0.246006 0.111312
vt 0.242359 0.096216
vt 0.033561 0.082305
vt 0.031826 0.088809
vt 0.035304 0.076388
vt 0.091095 0.205267
vt 0.037067 0.070937
vt 0.038491 0.066958
vt 0.039934 0.064418
vt 0.039734 0.064557
vt 0.039393 0.064745
vt 0.039122 0.065236
vt 0.035743 0.218651
vt 0.042567 0.216188
vt 0.054191 0.212751
vt 0.181333 0.205274
vt 0.032874 0.219885
vt 0.015353 0.215485
vt 0.053797 0.046965
vt 0.054491 0.047013
vt 0.011681 0.205172
vt 0.011934 0.200256
vt 0.028921 0.222189
vt 0.030733 0.221072
vt 0.025750 0.223647
vt 0.025193 0.223515
vt 0.011569 0.208098
vt 0.011734 0.209846
vt 0.026109 0.223623
vt 0.027090 0.223244
vt 0.031692 0.220524
vt 0.032123 0.220286
vt 0.260149 0.211385
vt 0.260660 0.209852
vt 0.248617 0.222669
vt 0.251238 0.220740
vt 0.254357 0.218149
vt 0.259922 0.193447
vt 0.240562 0.088941
vt 0.238824 0.082462
vt 0.237081 0.076580
vt 0.218224 0.212758
vt 0.235327 0.071180
vt 0.233925 0.067272
vt 0.233064 0.065198
vt 0.233312 0.065628
vt 0.236664 0.218654
vt 0.229843 0.216193
vt 0.239532 0.219888
vt 0.240283 0.220288
vt 0.257044 0.215488
vt 0.258994 0.213172
vt 0.218498 0.046912
vt 0.260712 0.205180
vt 0.260459 0.200267
vt 0.243483 0.222190
vt 0.245604 0.222621
vt 0.245313 0.223244
vt 0.246653 0.223647
vt 0.247210 0.223515
vt 0.260825 0.208105
vt 0.246293 0.223623
vt 0.241672 0.221074
vt 0.240714 0.220526
vt 0.531361 0.227053
vt 0.530554 0.337385
vt 0.530554 0.040510
vt 0.665591 0.136511
vt 0.666353 0.433360
vt 0.659370 0.236262
vt 0.678020 0.507076
vt 0.680187 0.525358
vt 0.660938 0.552419
vt 0.658938 0.253900
vt 0.675350 0.245759
vt 0.660938 0.255544
vt 0.662576 0.552724
vt 0.680521 0.234579
vt 0.605740 0.044272
vt 0.608947 0.346508
vt 0.661133 0.533853
vt 0.606683 0.341288
vt 0.406036 0.253398
vt 0.443737 0.074832
vt 0.421121 0.062002
vt 0.433712 0.353592
vt 0.421175 0.064185
vt 0.410908 0.079452
vt 0.382544 0.526697
vt 0.405551 0.549226
vt 0.419844 0.245625
vt 0.402040 0.256710
vt 0.382265 0.235922
vt 0.446364 0.066840
vt 0.437828 0.380330
vt 0.408080 0.547441
vt 0.046117 0.062423
vt 0.040727 0.064112
s 1
g off
g CofreTextura_Car_Paint_-_All_Colors
usemtl Car_Paint_-_All_Colors
f 331/1/1 340/2/2 71/3/3
f 63/4/4 544/5/5 331/1/1
f 185/6/6 333/7/7 544/5/5
f 544/5/5 68/8/8 340/2/2
f 546/9/9 188/10/10 189/11/11
f 55/12/12 545/13/13 318/14/14
f 186/15/15 188/10/10 545/13/13
f 203/16/16 218/17/17 210/18/18
f 547/19/19 189/11/11 190/20/20
f 18/21/21 267/22/22 36/23/23
f 548/24/24 190/20/20 191/25/25
f 98/26/26 214/27/27 17/28/28
f 549/29/29 191/25/25 192/30/30
f 206/31/31 219/32/32 211/33/33
f 550/34/34 192/30/30 193/35/35
f 210/18/18 202/36/36 203/16/16
f 551/37/37 193/35/35 194/38/38
f 208/39/39 17/28/28 216/40/40
f 56/41/41 551/37/37 195/42/42
f 195/42/42 194/38/38 10/43/43
f 58/44/44 552/45/45 199/46/46
f 311/47/47 195/42/42 552/45/45
f 552/45/45 10/43/43 198/48/48
f 199/46/46 198/48/48 12/49/49
f 59/50/50 553/51/51 223/52/52
f 310/53/53 199/46/46 553/51/51
f 553/51/51 12/49/49 222/54/54
f 223/52/52 222/54/54 19/55/55
f 106/56/56 217/57/57 18/21/21
f 219/32/32 260/58/58 257/59/59
f 211/33/33 257/59/59 265/60/60
f 218/17/17 261/61/61 258/62/62
f 216/40/40 207/63/63 208/39/39
f 221/64/64 18/21/21 220/65/65
f 215/66/66 204/67/67 205/68/68
f 216/40/40 35/69/69 260/58/58
f 95/70/70 213/71/71 14/72/72
f 209/73/73 13/74/74 214/27/27
f 17/28/28 262/75/75 35/69/69
f 96/76/76 326/77/77 15/78/78
f 211/33/33 205/68/68 206/31/31
f 325/79/79 64/80/80 326/81/77
f 15/78/78 327/82/81 39/83/82
f 217/57/57 34/84/83 267/22/22
f 223/52/52 309/85/84 59/50/50
f 19/55/55 554/86/85 223/52/52
f 187/87/86 196/88/87 554/86/85
f 554/86/85 57/89/88 309/85/84
f 263/90/89 581/91/90 556/92/91
f 581/91/90 284/93/92 280/94/93
f 261/61/61 577/95/94 575/96/95
f 577/95/94 283/97/96 276/98/97
f 14/72/72 263/90/89 38/99/98
f 326/81/77 65/100/99 327/101/81
f 213/71/71 266/102/100 263/90/89
f 215/66/66 265/60/60 261/61/61
f 214/27/27 37/103/101 262/75/75
f 258/62/62 575/96/95 559/104/102
f 13/74/74 259/105/103 37/103/101
f 257/59/59 576/106/104 560/107/105
f 210/18/18 258/62/62 266/102/100
f 220/65/65 36/23/23 259/105/103
f 330/108/106 287/109/107 66/110/108
f 65/100/99 555/111/109 330/108/106
f 264/112/110 250/113/111 555/111/109
f 555/111/109 46/114/112 287/109/107
f 250/113/111 286/115/113 46/114/112
f 38/99/98 556/92/91 250/113/111
f 556/92/91 280/94/93 286/115/113
f 359/116/114 612/117/115 619/118/116
f 80/119/117 557/120/118 349/121/119
f 367/122/120 329/123/121 557/120/118
f 557/120/118 63/124/4 324/125/122
f 349/121/119 324/125/122 8/126/123
f 248/127/124 285/128/125 44/129/126
f 36/23/23 558/130/127 248/127/124
f 267/22/22 268/131/128 558/130/127
f 558/130/127 49/132/129 285/128/125
f 266/102/100 559/104/102 581/91/90
f 611/133/130 357/134/131 352/135/132
f 559/104/102 274/136/133 284/93/92
f 357/134/131 571/137/134 617/138/135
f 265/60/60 560/107/105 577/95/94
f 572/139/136 356/140/137 363/141/138
f 560/107/105 275/142/139 283/97/96
f 356/143/137 563/144/140 616/145/141
f 249/146/142 282/147/143 45/148/144
f 37/103/101 561/149/145 249/146/142
f 259/105/103 248/127/124 561/149/145
f 561/149/145 44/129/126 282/147/143
f 117/150/146 238/151/147 27/152/148
f 201/153/149 16/154/150 217/57/57
f 238/155/147 109/156/151 21/157/152
f 242/158/153 31/159/154 123/160/155
f 342/161/156 366/162/157 73/163/158
f 50/164/159 562/165/160 342/161/156
f 273/166/161 294/167/162 562/165/160
f 562/165/160 78/168/163 366/162/157
f 289/169/164 365/170/165 73/171/158
f 10/172/43 563/144/140 289/169/164
f 596/173/166 183/174/167 182/175/168
f 616/145/141 194/176/38 193/177/35
f 9/178/169 564/179/170 235/180/171
f 225/181/172 230/182/173 564/179/170
f 564/179/170 29/183/174 247/184/175
f 235/180/171 247/184/175 33/185/176
f 61/186/177 565/187/178 308/188/179
f 306/189/180 240/190/181 565/187/178
f 565/187/178 23/191/182 228/192/183
f 308/188/179 228/192/183 60/193/184
f 232/194/185 114/195/186 25/196/187
f 232/194/185 43/197/188 31/159/154
f 29/198/174 566/199/189 245/200/190
f 246/201/191 244/202/192 566/199/189
f 566/199/189 24/203/193 239/204/194
f 245/200/190 239/204/194 28/205/195
f 255/206/196 25/196/187 41/207/197
f 97/208/198 227/209/199 16/154/150
f 237/210/200 27/152/148 227/209/199
f 233/211/201 21/157/152 109/156/151
f 196/212/87 307/213/202 57/214/88
f 196/212/87 235/180/171 567/215/203
f 567/215/203 33/185/176 306/216/180
f 307/213/202 306/216/180 61/217/177
f 243/218/204 123/219/155 31/220/154
f 243/218/204 40/221/205 21/157/152
f 26/222/206 568/223/207 230/182/173
f 236/224/208 231/225/209 568/223/207
f 568/223/207 30/226/210 246/227/191
f 230/182/173 246/227/191 29/183/174
f 268/131/128 281/228/211 49/132/129
f 34/84/83 569/229/212 268/131/128
f 256/230/213 252/231/214 569/229/212
f 569/229/212 48/232/215 281/228/211
f 253/233/216 31/220/154 43/234/188
f 21/157/152 254/235/217 238/155/147
f 33/236/176 570/237/218 240/190/181
f 247/238/175 245/200/190 570/237/218
f 570/237/218 28/205/195 229/239/219
f 240/190/181 229/239/219 23/191/182
f 571/240/134 192/30/30 191/25/25
f 598/241/220 184/242/221 179/243/222
f 179/243/222 599/244/223 598/241/220
f 617/245/135 191/25/25 190/20/20
f 254/235/217 27/246/148 238/155/147
f 42/247/224 227/209/199 27/152/148
f 256/230/213 16/154/150 227/209/199
f 64/80/80 264/112/110 65/100/99
f 491/248/225 632/249/226 492/250/227
f 363/141/138 624/251/228 572/139/136
f 182/175/168 597/252/229 596/173/166
f 276/98/97 587/253/230 572/139/136
f 75/254/231 573/255/232 362/256/233
f 291/257/234 244/202/192 573/255/232
f 573/255/232 30/258/210 292/259/235
f 362/256/233 292/259/235 76/260/236
f 35/69/69 574/261/237 269/262/238
f 262/75/75 249/146/142 574/261/237
f 574/261/237 45/148/144 273/166/161
f 269/262/238 273/166/161 50/164/159
f 575/96/95 276/98/97 274/136/133
f 623/263/239 364/264/240 363/141/138
f 260/58/58 269/262/238 576/106/104
f 576/106/104 50/164/159 275/142/139
f 255/206/196 272/265/241 43/197/188
f 41/207/197 578/266/242 255/206/196
f 271/267/243 277/268/244 578/266/242
f 578/266/242 53/269/245 272/265/241
f 253/233/216 270/270/246 40/221/205
f 43/234/188 579/271/247 253/233/216
f 272/272/241 278/273/248 579/271/247
f 579/271/247 51/274/249 270/270/246
f 270/270/246 254/235/217 40/221/205
f 51/274/249 580/275/250 270/270/246
f 279/276/251 252/277/214 580/275/250
f 580/275/250 42/278/224 254/235/217
f 290/279/252 361/280/253 74/281/254
f 20/282/255 582/283/256 290/279/252
f 236/224/208 350/284/257 582/283/256
f 582/283/256 81/285/258 361/280/253
f 351/286/259 360/287/260 82/288/261
f 351/289/259 287/109/107 583/290/262
f 287/109/107 295/291/263 583/290/262
f 583/290/262 79/292/264 360/293/260
f 295/291/263 359/294/114 79/292/264
f 46/114/112 584/295/265 295/291/263
f 584/296/265 352/135/132 359/116/114
f 494/297/266 629/298/267 495/299/268
f 293/300/269 358/301/270 77/302/271
f 44/129/126 585/303/272 293/304/269
f 285/128/125 341/305/273 585/303/272
f 585/306/272 72/307/274 358/301/270
f 280/94/93 586/308/275 611/309/130
f 600/310/276 181/311/277 180/312/278
f 364/313/240 586/314/275 624/315/228
f 492/250/227 631/316/279 493/317/280
f 365/318/165 587/253/230 625/319/281
f 489/320/282 634/321/283 490/322/284
f 76/323/236 588/324/285 355/325/286
f 292/326/235 231/225/209 588/324/285
f 588/324/285 20/282/255 290/279/252
f 355/325/286 290/279/252 74/281/254
f 72/307/274 589/327/287 288/328/288
f 354/329/289 350/284/257 589/327/287
f 589/327/287 26/222/206 225/181/172
f 288/328/288 225/181/172 9/178/169
f 294/167/162 353/330/290 78/168/163
f 45/148/144 590/331/291 294/167/162
f 282/147/143 293/304/269 590/331/291
f 590/331/291 77/332/271 353/330/290
f 298/333/292 234/334/293 32/335/294
f 298/333/292 308/188/179 591/336/295
f 591/336/295 60/193/184 305/337/296
f 591/336/295 22/338/297 234/334/293
f 304/339/298 302/340/299 5/341/300
f 59/50/50 592/342/301 304/343/298
f 57/214/88 592/344/301 309/345/84
f 5/346/300 593/347/302 304/343/298
f 224/348/303 303/349/304 593/347/302
f 593/347/302 58/44/44 310/53/53
f 304/343/298 310/53/53 59/50/50
f 11/350/305 594/351/306 303/349/304
f 197/352/307 301/353/308 594/351/306
f 594/351/306 56/41/41 311/47/47
f 303/349/304 311/47/47 58/44/44
f 4/354/309 595/355/310 301/353/308
f 595/355/310 313/356/311 312/357/312
f 625/319/281 283/97/96 275/142/139
f 301/353/308 312/357/312 56/41/41
f 596/173/166 314/358/313 313/356/311
f 623/263/239 193/35/35 192/30/30
f 597/252/229 315/359/314 314/358/313
f 572/139/136 274/136/133 276/98/97
f 598/360/220 316/361/315 315/359/314
f 624/251/228 284/93/92 274/136/133
f 599/362/223 317/363/316 316/361/315
f 612/364/115 190/20/20 189/11/11
f 600/365/276 318/14/14 317/363/316
f 611/309/130 286/115/113 280/94/93
f 6/366/317 601/367/318 178/368/319
f 300/369/320 318/370/14 601/367/318
f 335/371/321 339/372/322 70/373/323
f 55/374/12 602/375/324 335/376/321
f 300/369/320 319/377/325 602/375/324
f 602/378/324 67/379/326 339/372/322
f 302/340/299 241/380/327 5/341/300
f 57/214/88 603/381/328 302/340/299
f 307/213/202 298/382/292 603/381/328
f 603/381/328 32/383/294 241/380/327
f 71/3/3 604/384/329 331/1/1
f 338/385/330 321/386/331 604/384/329
f 604/387/329 8/126/123 324/125/122
f 331/1/1 324/388/122 63/4/4
f 251/389/332 328/390/333 47/391/334
f 39/83/82 605/392/335 251/389/332
f 327/101/81 330/108/106 605/393/335
f 605/393/335 66/110/108 328/394/333
f 156/395/336 212/396/337 64/80/80
f 212/396/337 38/99/98 264/112/110
f 105/397/338 221/64/64 402/398/339
f 200/399/340 14/72/72 212/396/337
f 333/7/7 337/400/341 68/8/8
f 7/401/342 606/402/343 333/7/7
f 186/15/15 335/371/321 606/402/343
f 606/402/343 70/373/323 337/400/341
f 320/403/344 299/404/345 3/405/346
f 68/8/8 607/406/347 320/407/344
f 337/400/341 322/408/348 607/406/347
f 607/406/347 54/409/349 299/410/345
f 323/411/350 336/412/351 62/413/352
f 2/414/353 608/415/354 323/411/350
f 334/416/355 338/417/330 608/415/354
f 336/418/351 338/385/330 71/3/3
f 322/419/348 176/420/356 54/421/349
f 70/422/323 609/423/357 322/419/348
f 339/424/322 332/425/358 609/423/357
f 609/423/357 1/426/359 176/420/356
f 336/412/351 177/427/360 62/413/352
f 71/3/3 610/428/361 336/418/351
f 340/2/2 320/407/344 610/428/361
f 610/429/361 3/405/346 177/427/360
f 178/368/319 600/310/276 180/312/278
f 619/430/116 189/11/11 188/10/10
f 493/317/280 630/431/362 494/297/266
f 352/135/132 617/138/135 612/117/115
f 347/432/363 222/433/54 12/434/49
f 78/435/163 613/436/364 347/432/363
f 353/437/290 346/438/365 613/436/364
f 613/436/364 19/439/55 222/433/54
f 49/132/129 614/440/366 341/305/273
f 281/228/211 297/441/367 614/440/366
f 614/442/366 81/285/258 354/329/289
f 341/443/273 354/329/289 72/307/274
f 53/444/245 615/445/368 278/273/248
f 345/446/369 355/325/286 615/445/368
f 615/445/368 74/281/254 343/447/370
f 278/273/248 343/447/370 51/274/249
f 363/141/138 616/448/141 623/263/239
f 490/322/284 633/449/371 491/248/225
f 346/450/365 187/87/86 19/55/55
f 77/302/271 618/451/372 346/438/365
f 358/301/270 288/328/288 618/451/372
f 618/452/372 9/453/169 187/87/86
f 348/454/373 188/455/10 7/456/342
f 79/457/264 619/118/116 348/454/373
f 329/458/121 185/6/6 63/4/4
f 82/288/261 620/459/374 329/123/121
f 360/287/260 348/454/373 620/459/374
f 620/459/374 7/456/342 185/460/6
f 343/447/370 279/276/251 51/274/249
f 74/281/254 621/461/375 343/447/370
f 361/462/253 297/441/367 621/463/375
f 621/461/375 48/464/215 279/276/251
f 52/465/376 622/466/377 277/268/244
f 344/467/378 362/256/233 622/466/377
f 622/466/377 76/260/236 345/468/369
f 277/268/244 345/468/369 53/269/245
f 342/161/156 275/142/139 50/164/159
f 73/163/158 625/319/281 342/161/156
f 289/169/164 198/469/48 10/172/43
f 73/171/158 626/470/379 289/169/164
f 366/471/157 347/432/363 626/470/379
f 626/470/379 12/434/49 198/469/48
f 47/472/334 627/473/380 296/474/381
f 328/394/333 351/289/259 627/473/380
f 627/475/380 82/288/261 367/122/120
f 296/476/381 367/122/120 80/119/117
f 516/477/382 507/478/383 164/479/384
f 161/480/385 628/481/386 516/477/382
f 509/482/387 377/483/388 628/481/386
f 628/484/386 155/485/389 507/486/383
f 630/431/362 380/487/390 629/298/267
f 399/488/391 126/489/392 103/490/393
f 380/487/390 378/491/394 629/298/267
f 629/298/267 147/492/395 495/299/268
f 631/316/279 381/493/396 630/431/362
f 392/494/397 202/36/36 395/495/398
f 632/249/226 382/496/399 631/316/279
f 100/497/400 209/73/73 396/498/401
f 633/449/371 383/499/402 632/249/226
f 203/16/16 400/500/403 204/67/67
f 634/321/283 384/501/404 633/449/371
f 393/502/405 205/68/68 397/503/406
f 635/504/407 385/505/408 634/321/283
f 397/503/406 204/67/67 400/500/403
f 148/506/409 635/504/407 489/320/282
f 387/507/410 386/508/411 635/504/407
f 150/509/412 636/510/413 488/511/414
f 391/512/415 390/513/416 636/510/413
f 636/510/413 92/514/417 387/507/410
f 488/511/414 387/507/410 148/506/409
f 151/515/418 637/516/419 487/517/420
f 404/518/421 403/519/422 637/516/419
f 637/516/419 94/520/423 391/512/415
f 487/517/420 391/512/415 150/509/412
f 393/502/405 434/521/424 401/522/425
f 201/153/149 103/490/393 97/208/198
f 392/494/397 435/523/426 400/500/403
f 401/522/425 437/524/427 398/525/428
f 402/398/339 99/526/429 100/497/400
f 208/39/39 104/527/430 98/26/26
f 398/525/428 207/63/63 401/522/425
f 398/525/428 127/528/431 104/527/430
f 396/498/401 98/26/26 104/527/430
f 395/495/398 95/70/70 101/529/432
f 440/530/433 101/529/432 130/531/434
f 157/532/435 325/79/79 502/533/436
f 502/534/436 96/76/76 102/535/437
f 206/31/31 401/522/425 207/63/63
f 444/536/438 105/397/338 128/537/439
f 158/538/440 502/533/436 503/539/441
f 486/540/442 404/518/421 151/515/418
f 149/541/443 638/542/444 486/540/442
f 388/543/445 379/544/446 638/542/444
f 638/542/444 107/545/447 404/518/421
f 665/546/448 461/547/449 643/548/450
f 665/546/448 440/530/433 640/549/451
f 661/550/452 460/551/453 644/552/454
f 661/550/452 438/553/455 659/554/456
f 503/555/441 102/535/437 131/556/457
f 395/495/398 443/557/458 392/494/397
f 129/558/459 396/498/401 439/559/460
f 439/559/460 104/527/430 127/528/431
f 397/503/406 442/560/461 393/502/405
f 659/554/456 435/523/426 643/548/450
f 128/537/439 402/398/339 436/561/462
f 660/562/463 434/521/424 644/552/454
f 436/561/462 100/497/400 129/558/459
f 400/500/403 438/553/455 397/503/406
f 464/563/464 506/564/465 159/565/466
f 138/566/467 639/567/468 464/563/464
f 427/568/469 441/569/470 639/567/468
f 639/567/468 158/538/440 506/564/465
f 463/570/471 427/568/469 138/566/467
f 696/571/472 535/572/473 703/573/474
f 457/574/475 640/549/451 463/570/471
f 640/549/451 130/531/434 427/568/469
f 173/575/476 641/576/477 543/577/478
f 525/578/479 501/579/480 641/576/477
f 641/576/477 155/485/389 505/580/481
f 543/577/478 505/580/481 175/581/482
f 462/582/483 425/583/484 136/584/485
f 141/585/486 642/586/487 462/582/483
f 445/587/488 444/536/438 642/586/487
f 642/586/487 128/537/439 425/583/484
f 443/557/458 643/548/450 435/523/426
f 655/588/489 533/589/490 701/590/491
f 451/591/492 643/548/450 461/547/449
f 533/592/490 695/593/493 528/594/494
f 442/560/461 644/552/454 434/521/424
f 647/595/495 532/596/496 700/597/497
f 452/598/498 644/552/454 460/551/453
f 532/599/496 656/600/499 539/601/500
f 459/602/501 426/603/502 137/604/503
f 136/584/485 645/605/504 459/602/501
f 425/583/484 436/561/462 645/605/504
f 645/605/504 129/558/459 426/603/502
f 399/488/391 106/56/56 105/397/338
f 109/156/151 416/606/505 110/607/506
f 114/195/186 412/608/507 115/609/508
f 416/610/505 117/150/146 118/611/509
f 542/612/510 518/613/511 166/614/512
f 171/615/513 646/616/514 542/612/510
f 471/617/515 450/618/516 646/619/514
f 646/619/514 142/620/517 518/621/511
f 541/622/518 466/623/519 166/614/512
f 386/624/411 700/597/497 385/625/408
f 680/626/520 375/627/521 679/628/522
f 647/595/495 92/629/417 466/623/519
f 91/630/523 648/631/524 406/632/525
f 414/633/526 424/634/527 648/631/524
f 648/631/524 120/635/528 410/636/529
f 406/632/525 410/636/529 116/637/530
f 153/638/531 649/639/532 483/640/533
f 485/641/534 408/642/535 649/639/532
f 649/639/532 112/643/536 418/644/537
f 483/640/533 418/644/537 125/645/538
f 115/609/508 432/646/539 133/647/540
f 242/158/153 122/648/541 412/608/507
f 120/649/528 650/650/542 423/651/543
f 422/652/544 417/653/545 650/650/542
f 650/650/542 113/654/546 421/655/547
f 423/651/543 421/655/547 121/656/548
f 237/210/200 118/611/509 117/150/146
f 412/608/507 135/657/549 432/646/539
f 123/219/155 420/658/550 122/659/541
f 407/660/551 97/208/198 103/490/393
f 484/661/552 388/662/445 149/663/443
f 484/661/552 483/664/533 651/665/553
f 651/665/553 125/666/538 414/633/526
f 388/543/445 414/667/526 91/668/523
f 122/659/541 430/669/554 135/670/549
f 233/211/201 110/607/506 420/658/550
f 116/637/530 652/671/555 415/672/556
f 410/636/529 423/673/543 652/671/555
f 652/671/555 121/674/548 411/675/557
f 415/672/556 411/675/557 108/676/558
f 458/677/559 445/587/488 141/585/486
f 140/678/560 653/679/561 458/677/559
f 429/680/562 433/681/563 653/679/561
f 653/679/561 126/489/392 445/587/488
f 431/682/564 118/611/509 134/683/565
f 420/658/550 132/684/566 430/669/554
f 125/645/538 654/685/567 424/686/527
f 418/644/537 409/687/568 654/685/567
f 654/685/567 119/688/569 422/652/544
f 424/686/527 422/652/544 120/649/528
f 384/689/404 655/588/489 383/690/402
f 383/690/402 701/590/491 382/691/399
f 683/692/570 371/693/571 682/694/572
f 682/694/572 376/695/573 681/696/574
f 103/490/393 433/681/563 407/660/551
f 431/697/564 110/607/506 416/606/505
f 130/531/434 394/698/575 441/569/470
f 407/660/551 134/683/565 118/611/509
f 1025/699/576 1259/700/577 1026/701/578
f 671/702/579 453/703/580 656/600/499
f 681/696/574 374/704/581 680/626/520
f 708/705/582 539/601/500 656/600/499
f 168/706/583 657/707/584 468/708/585
f 538/709/586 469/710/587 657/707/584
f 657/707/584 121/656/548 421/655/547
f 468/708/585 421/655/547 113/654/546
f 127/528/431 658/711/588 439/559/460
f 446/712/589 450/618/516 658/711/588
f 658/711/588 137/604/503 426/603/502
f 439/559/460 426/603/502 129/558/459
f 707/713/590 540/714/591 655/588/489
f 453/703/580 659/554/456 451/591/492
f 660/562/463 142/620/517 446/712/589
f 437/524/427 446/712/589 127/528/431
f 449/715/592 432/646/539 135/657/549
f 145/716/593 662/717/594 449/715/592
f 454/718/595 448/719/596 662/717/594
f 662/717/594 133/647/540 432/646/539
f 447/720/597 430/669/554 132/684/566
f 143/721/598 663/722/599 447/720/597
f 455/723/600 449/724/592 663/722/599
f 663/722/599 135/670/549 430/669/554
f 431/697/564 447/720/597 132/684/566
f 134/683/565 664/725/601 431/682/564
f 429/680/562 456/726/602 664/725/601
f 664/727/601 143/721/598 447/720/597
f 537/728/603 467/729/604 167/730/605
f 174/731/606 666/732/607 537/728/603
f 526/733/608 415/672/556 666/732/607
f 666/732/607 108/676/558 467/729/604
f 536/734/609 527/735/610 175/736/482
f 172/737/611 667/738/612 536/734/609
f 472/739/613 464/563/464 667/738/612
f 527/735/610 464/563/464 159/565/466
f 535/740/473 472/739/613 172/737/611
f 1028/741/614 1256/742/615 1029/743/616
f 528/594/494 668/744/617 535/740/473
f 668/744/617 138/566/467 472/739/613
f 534/745/618 470/746/619 170/747/620
f 165/748/621 669/749/622 534/745/618
f 517/750/623 462/582/483 669/749/622
f 669/749/622 136/584/485 470/746/619
f 670/751/624 457/574/475 695/593/493
f 1026/701/578 1258/752/625 1027/753/626
f 670/751/624 540/754/591 708/705/582
f 684/755/627 373/756/628 683/692/570
f 1023/757/629 1261/758/630 1024/759/631
f 671/702/579 541/760/518 709/761/632
f 169/762/633 672/763/634 469/764/587
f 531/765/635 467/729/604 672/763/634
f 672/763/634 108/676/558 411/675/557
f 469/764/587 411/675/557 121/674/548
f 165/766/621 673/767/636 530/768/637
f 465/769/638 406/632/525 673/767/636
f 673/767/636 116/637/530 526/733/608
f 530/768/637 526/733/608 174/731/606
f 529/770/639 471/617/515 171/771/513
f 170/747/620 674/772/640 529/770/639
f 470/746/619 459/602/501 674/772/640
f 674/772/640 137/604/503 471/617/515
f 413/773/641 475/774/642 124/775/643
f 111/776/644 675/777/645 413/773/641
f 675/777/645 152/778/646 485/641/534
f 475/774/642 485/641/534 153/638/531
f 479/779/647 481/780/648 87/781/649
f 149/663/443 676/782/650 479/779/647
f 151/515/418 676/783/650 486/540/442
f 87/784/649 677/785/651 405/786/652
f 481/787/648 487/517/420 677/785/651
f 677/785/651 150/509/412 480/788/653
f 405/786/652 480/788/653 93/789/654
f 93/790/654 678/791/655 389/792/656
f 480/788/653 488/511/414 678/793/655
f 678/793/655 148/506/409 478/794/657
f 389/792/656 478/795/657 86/796/658
f 86/797/658 679/798/522 375/799/521
f 478/794/657 489/320/282 679/798/522
f 460/551/453 709/761/632 452/598/498
f 490/322/284 679/798/522 489/320/282
f 385/625/408 707/713/590 384/689/404
f 491/248/225 680/800/520 490/322/284
f 451/591/492 656/600/499 453/703/580
f 492/250/227 681/801/574 491/248/225
f 461/547/449 708/705/582 451/591/492
f 493/317/280 682/802/572 492/250/227
f 382/691/399 696/571/472 381/803/396
f 494/297/266 683/804/570 493/317/280
f 695/593/493 463/570/471 668/744/617
f 495/299/268 684/805/627 494/297/266
f 495/299/268 477/806/659 685/807/660
f 685/808/660 88/809/661 370/810/662
f 515/811/663 511/812/664 163/813/665
f 160/814/666 686/815/667 515/811/663
f 496/816/668 477/817/659 686/818/667
f 686/815/667 147/492/395 511/812/664
f 419/819/669 479/779/647 87/781/649
f 124/820/643 687/821/670 419/819/669
f 475/822/642 484/661/552 687/821/670
f 687/821/670 149/663/443 479/779/647
f 164/479/384 688/823/671 514/824/672
f 507/486/383 501/579/480 688/825/671
f 688/823/671 90/826/673 498/827/674
f 514/824/672 498/827/674 162/828/675
f 504/829/676 428/830/677 139/831/678
f 159/565/466 689/832/679 504/833/676
f 506/564/465 503/539/441 689/832/679
f 689/832/679 131/834/457 428/835/677
f 441/569/470 157/532/435 158/538/440
f 101/529/432 200/399/340 394/698/575
f 394/698/575 156/395/336 157/532/435
f 931/836/680 810/837/681 724/838/682
f 513/839/683 509/482/387 161/480/385
f 163/813/665 690/840/684 513/839/683
f 511/812/664 378/491/394 690/840/684
f 690/840/684 89/841/685 509/482/387
f 476/842/686 497/843/687 85/844/688
f 146/845/689 691/846/690 476/842/686
f 499/847/691 513/839/683 691/848/690
f 691/848/690 161/480/385 497/849/687
f 512/850/692 500/851/693 154/852/694
f 512/853/692 514/824/672 692/854/695
f 514/855/672 510/856/696 692/857/695
f 692/857/695 84/858/697 500/851/693
f 368/859/698 499/860/691 146/845/689
f 83/861/699 693/862/700 368/859/698
f 508/863/701 515/864/663 693/862/700
f 693/862/700 163/865/665 499/860/691
f 369/866/702 512/853/692 154/867/694
f 85/844/688 694/868/703 369/869/702
f 497/849/687 516/477/382 694/870/703
f 694/870/703 164/479/384 512/853/692
f 684/755/627 370/810/662 372/871/704
f 701/590/491 528/872/494 696/571/472
f 1027/753/626 1257/873/705 1028/741/614
f 381/803/396 703/573/474 380/874/390
f 403/875/422 523/876/706 94/877/423
f 107/545/447 697/878/707 403/519/422
f 522/879/708 529/770/639 697/878/707
f 697/880/707 171/615/513 523/876/706
f 141/585/486 698/881/709 458/677/559
f 517/882/623 530/768/637 698/883/709
f 698/883/709 174/731/606 474/884/710
f 458/677/559 474/885/710 140/678/560
f 145/886/593 699/887/711 521/888/712
f 455/723/600 519/889/713 699/887/711
f 699/887/711 167/730/605 531/765/635
f 521/888/712 531/765/635 169/762/633
f 700/597/497 539/890/500 707/713/590
f 1024/759/631 1260/891/714 1025/699/576
f 379/544/446 522/879/708 107/545/447
f 91/668/523 702/892/715 379/544/446
f 465/893/638 534/745/618 702/892/715
f 702/892/715 170/747/620 522/879/708
f 380/874/390 524/894/716 89/895/685
f 703/573/474 172/896/611 524/894/716
f 377/897/388 505/580/481 155/485/389
f 89/895/685 704/898/717 377/897/388
f 524/894/716 536/899/609 704/898/717
f 704/898/717 175/581/482 505/580/481
f 456/900/602 519/889/713 143/721/598
f 140/678/560 705/901/718 456/726/602
f 474/884/710 537/728/603 705/902/718
f 705/902/718 167/730/605 519/889/713
f 144/903/719 706/904/720 520/905/721
f 454/718/595 521/906/712 706/904/720
f 706/904/720 169/907/633 538/709/586
f 520/905/721 538/709/586 168/706/583
f 452/598/498 518/621/511 142/620/517
f 709/761/632 166/908/512 518/621/511
f 390/513/416 466/909/519 92/514/417
f 94/877/423 710/910/722 390/911/416
f 523/876/706 542/612/510 710/910/722
f 710/910/722 166/614/512 466/623/519
f 139/831/678 711/912/723 504/829/676
f 473/913/724 543/577/478 711/912/723
f 711/912/723 175/581/482 527/914/610
f 504/833/676 527/735/610 159/565/466
f 1051/915/725 1042/916/726 782/917/727
f 1255/918/728 774/919/729 1042/916/726
f 1044/920/730 896/921/731 1255/918/728
f 779/922/732 1255/918/728 1051/915/725
f 1257/873/705 899/923/733 1256/742/615
f 1256/742/615 766/924/734 1029/743/616
f 899/923/733 897/925/735 1256/742/615
f 914/926/736 929/927/737 915/928/738
f 1258/752/625 900/929/739 1257/873/705
f 978/930/740 729/931/741 747/932/742
f 1259/700/577 901/933/743 1258/752/625
f 925/934/744 809/935/745 728/936/746
f 1260/891/714 902/937/747 1259/700/577
f 917/938/748 930/939/749 918/940/750
f 1261/758/630 903/941/751 1260/891/714
f 921/942/752 913/943/753 924/944/754
f 1262/945/755 904/946/756 1261/758/630
f 919/947/757 728/936/746 809/935/745
f 767/948/758 1262/945/755 1023/757/629
f 906/949/759 905/950/760 1262/945/755
f 769/951/761 1263/952/762 1022/953/763
f 1022/953/763 906/949/759 767/948/758
f 1263/952/762 721/954/764 906/949/759
f 910/955/765 909/956/766 1263/952/762
f 770/957/767 1264/958/768 1021/959/769
f 1021/959/769 910/955/765 769/951/761
f 1264/958/768 723/960/770 910/955/765
f 934/961/771 933/962/772 1264/958/768
f 928/963/773 817/964/774 729/931/741
f 971/965/775 930/939/749 968/966/776
f 968/966/776 922/967/777 976/968/778
f 972/969/779 929/927/737 969/970/780
f 927/971/781 918/940/750 930/939/749
f 729/931/741 932/972/782 931/836/680
f 926/973/783 915/928/738 929/927/737
f 927/971/781 746/974/784 728/936/746
f 924/944/754 806/975/785 725/976/786
f 724/838/682 920/977/787 925/934/744
f 973/978/788 728/936/746 746/974/784
f 1037/979/789 807/980/790 726/981/791
f 922/967/777 916/982/792 926/973/783
f 775/983/793 1036/984/794 1037/979/789
f 1038/985/795 726/981/791 750/986/796
f 928/963/773 745/987/797 727/988/798
f 1020/989/799 934/961/771 770/957/767
f 1265/990/800 730/991/801 934/961/771
f 907/992/802 898/993/803 1265/990/800
f 768/994/804 1265/990/800 1020/989/799
f 1292/995/805 974/996/806 1267/997/807
f 1292/995/805 995/998/808 1270/999/809
f 1288/1000/810 972/969/779 1286/1001/811
f 1288/1000/810 994/1002/812 1271/1003/813
f 974/996/806 725/976/786 749/1004/814
f 776/1005/815 1037/979/789 1038/985/795
f 977/1006/816 924/944/754 974/996/806
f 976/968/778 926/973/783 972/969/779
f 748/1007/817 925/934/744 973/978/788
f 1286/1001/811 969/970/780 1270/999/809
f 970/1008/818 724/838/682 748/1007/817
f 1287/1009/819 968/966/776 1271/1003/813
f 969/970/780 921/942/752 977/1006/816
f 747/932/742 931/836/680 970/1008/818
f 998/1010/820 1041/1011/821 777/1012/822
f 1266/1013/823 776/1005/815 1041/1011/821
f 961/1014/824 975/1015/825 1266/1013/823
f 757/1016/826 1266/1013/823 998/1010/820
f 997/1017/827 961/1014/824 757/1016/826
f 1267/997/807 749/1004/814 961/1014/824
f 991/1018/828 1267/997/807 997/1017/827
f 1323/1019/829 1070/1020/830 1330/1021/831
f 791/1022/832 1268/1023/833 1078/1024/834
f 1078/1024/834 1040/1025/835 793/1026/836
f 1268/1023/833 774/919/729 1040/1025/835
f 1060/1027/837 1035/1028/838 1268/1023/833
f 996/1029/839 959/1030/840 755/1031/841
f 1269/1032/842 747/932/742 959/1030/840
f 979/1033/843 978/930/740 1269/1032/842
f 760/1034/844 1269/1032/842 996/1029/839
f 977/1006/816 1270/999/809 969/970/780
f 1068/1035/845 1322/1036/846 1063/1037/847
f 985/1038/848 1270/999/809 995/998/808
f 1282/1039/849 1068/1035/845 1328/1040/850
f 976/968/778 1271/1003/813 968/966/776
f 1067/1041/851 1283/1042/852 1074/1043/853
f 986/1044/854 1271/1003/813 994/1002/812
f 1274/1045/855 1067/1041/851 1327/1046/856
f 993/1047/857 960/1048/858 756/1049/859
f 1272/1050/860 748/1007/817 960/1048/858
f 959/1030/840 970/1008/818 1272/1050/860
f 755/1031/841 1272/1050/860 993/1047/857
f 828/1051/861 949/1052/862 937/1053/863
f 912/1054/864 727/988/798 808/1055/865
f 949/1052/862 820/1056/866 937/1053/863
f 953/1057/867 742/1058/868 943/1059/869
f 1077/1060/870 1053/1061/871 784/1062/872
f 1273/1063/873 761/1064/874 1053/1061/871
f 1005/1065/875 984/1066/876 1273/1063/873
f 789/1067/877 1273/1063/873 1077/1060/870
f 1076/1068/878 1000/1069/879 784/1062/872
f 1274/1045/855 721/954/764 1000/1069/879
f 1307/1070/880 894/1071/881 1306/1072/882
f 905/950/760 1327/1046/856 904/946/756
f 720/1073/883 1275/1074/884 936/1075/885
f 936/1075/885 941/1076/886 737/1077/887
f 1275/1074/884 740/1078/888 941/1076/886
f 946/1079/889 958/1080/890 1275/1074/884
f 772/1081/891 1276/1082/892 1017/1083/893
f 1017/1083/893 951/1084/894 744/1085/895
f 1276/1082/892 734/1086/896 951/1084/894
f 1019/1087/897 939/1088/898 1276/1082/892
f 943/1059/869 825/1089/899 953/1057/867
f 943/1059/869 754/1090/900 966/1091/901
f 740/1092/888 1277/1093/902 957/1094/903
f 957/1094/903 955/1095/904 741/1096/905
f 1277/1093/902 735/1097/906 955/1095/904
f 956/1098/907 950/1099/908 1277/1093/902
f 966/1091/901 736/1100/909 943/1059/869
f 808/1055/865 938/1101/910 948/1102/911
f 738/1103/912 948/1102/911 938/1101/910
f 944/1104/913 732/1105/914 954/1106/915
f 1018/1107/916 907/992/802 768/994/804
f 907/992/802 946/1079/889 720/1073/883
f 1278/1108/917 744/1109/895 946/1079/889
f 1018/1107/916 1017/1110/893 1278/1108/917
f 954/1106/915 834/1111/918 944/1104/913
f 954/1106/915 751/1112/919 964/1113/920
f 737/1077/887 1279/1114/921 947/1115/922
f 947/1115/922 942/1116/923 731/1117/924
f 1279/1114/921 741/1118/905 942/1116/923
f 941/1076/886 957/1119/903 1279/1114/921
f 992/1120/925 979/1033/843 760/1034/844
f 1280/1121/926 745/987/797 979/1033/843
f 963/1122/927 967/1123/928 1280/1121/926
f 759/1124/929 1280/1121/926 992/1120/925
f 964/1113/920 742/1125/868 954/1106/915
f 965/1126/930 732/1105/914 949/1052/862
f 744/1085/895 1281/1127/931 958/1128/890
f 958/1128/890 956/1098/907 740/1092/888
f 1281/1127/931 739/1129/932 956/1098/907
f 951/1084/894 940/1130/933 1281/1127/931
f 903/941/751 1282/1039/849 902/937/747
f 1309/1131/934 895/1132/935 1308/1133/936
f 1310/1134/937 890/1135/938 1309/1131/934
f 902/937/747 1328/1040/850 901/933/743
f 738/1103/912 965/1126/930 949/1052/862
f 753/1136/939 938/1101/910 967/1123/928
f 727/988/798 967/1123/928 938/1101/910
f 975/1015/825 775/983/793 776/1005/815
f 1202/1137/940 1343/1138/941 1344/1139/942
f 1335/1140/943 1074/1043/853 1283/1042/852
f 1308/1133/936 893/1141/944 1307/1070/880
f 1298/1142/945 987/1143/946 1283/1042/852
f 786/1144/947 1284/1145/948 1002/1146/949
f 1002/1146/949 955/1095/904 735/1097/906
f 1284/1145/948 741/1096/905 955/1095/904
f 1073/1147/950 1003/1148/951 1284/1145/948
f 746/974/784 1285/1149/952 973/978/788
f 973/978/788 960/1048/858 748/1007/817
f 1285/1149/952 756/1049/859 960/1048/858
f 980/1150/953 984/1066/876 1285/1149/952
f 987/1143/946 1286/1001/811 985/1038/848
f 1334/1151/954 1075/1152/955 1282/1039/849
f 971/965/775 980/1150/953 746/974/784
f 1287/1009/819 761/1064/874 980/1150/953
f 983/1153/956 966/1091/901 754/1090/900
f 1289/1154/957 752/1155/958 966/1091/901
f 988/1156/959 982/1157/960 1289/1154/957
f 764/1158/961 1289/1154/957 983/1153/956
f 981/1159/962 964/1113/920 751/1112/919
f 1290/1160/963 754/1161/900 964/1113/920
f 989/1162/964 983/1163/956 1290/1160/963
f 762/1164/965 1290/1160/963 981/1159/962
f 965/1126/930 981/1159/962 751/1112/919
f 1291/1165/966 762/1164/965 981/1159/962
f 963/1122/927 990/1166/967 1291/1165/966
f 753/1136/939 1291/1165/966 965/1126/930
f 1072/1167/968 1001/1168/969 785/1169/970
f 1293/1170/971 731/1117/924 1001/1168/969
f 1061/1171/972 947/1115/922 1293/1170/971
f 792/1172/973 1293/1170/971 1072/1167/968
f 1071/1173/974 1062/1174/975 793/1026/836
f 1062/1174/975 998/1010/820 777/1012/822
f 1006/1175/976 998/1010/820 1294/1176/977
f 790/1177/978 1294/1176/977 1071/1173/974
f 1070/1020/830 1006/1175/976 790/1177/978
f 1295/1178/979 757/1016/826 1006/1175/976
f 1063/1037/847 1295/1178/979 1070/1020/830
f 1205/1179/980 1340/1180/981 1341/1181/982
f 1069/1182/983 1004/1183/984 788/1184/985
f 1296/1185/986 755/1031/841 1004/1183/984
f 1052/1186/987 996/1029/839 1296/1185/986
f 783/1187/988 1296/1185/986 1069/1182/983
f 1297/1188/989 991/1018/828 1322/1036/846
f 1311/1189/990 892/1190/991 1310/1134/937
f 1297/1188/989 1075/1152/955 1335/1140/943
f 1203/1191/992 1342/1192/993 1343/1138/941
f 1298/1142/945 1076/1068/878 1336/1193/994
f 1200/1194/995 1345/1195/996 1346/1196/997
f 787/1197/998 1299/1198/999 1003/1199/951
f 1003/1199/951 942/1116/923 741/1118/905
f 1299/1198/999 731/1117/924 942/1116/923
f 1066/1200/1000 1001/1168/969 1299/1198/999
f 783/1187/988 1300/1201/1001 1065/1202/1002
f 1065/1202/1002 1061/1171/972 792/1172/973
f 1300/1201/1001 737/1077/887 1061/1171/972
f 999/1203/1003 936/1075/885 1300/1201/1001
f 1064/1204/1004 1005/1065/875 789/1067/877
f 1301/1205/1005 756/1049/859 1005/1065/875
f 1004/1183/984 993/1047/857 1301/1205/1005
f 788/1184/985 1301/1205/1005 1064/1204/1004
f 743/1206/1006 1302/1207/1007 1009/1208/1008
f 1009/1209/1008 1019/1087/897 772/1081/891
f 1302/1210/1007 771/1211/1009 1019/1087/897
f 733/1212/1010 1302/1207/1007 945/1213/1011
f 1013/1214/1012 1015/1215/1013 716/1216/1014
f 770/957/767 1303/1217/1015 1020/989/799
f 768/994/804 1303/1217/1015 1013/1214/1012
f 716/1216/1014 1304/1218/1016 935/1219/1017
f 935/1219/1017 1014/1220/1018 722/1221/1019
f 1304/1218/1016 769/951/761 1014/1220/1018
f 1015/1215/1013 1021/959/769 1304/1218/1016
f 722/1221/1019 1305/1222/1020 908/1223/1021
f 908/1223/1021 1012/1224/1022 715/1225/1023
f 1305/1222/1020 767/948/758 1012/1224/1022
f 1014/1220/1018 1022/953/763 1305/1222/1020
f 715/1225/1023 1306/1072/882 894/1071/881
f 1024/759/631 1306/1072/882 1023/757/629
f 994/1002/812 1336/1193/994 986/1044/854
f 1012/1224/1022 1023/757/629 1306/1072/882
f 1025/699/576 1307/1070/880 1024/759/631
f 904/946/756 1334/1151/954 903/941/751
f 1026/701/578 1308/1133/936 1025/699/576
f 985/1038/848 1283/1042/852 987/1143/946
f 1027/753/626 1309/1131/934 1026/701/578
f 995/998/808 1335/1140/943 985/1038/848
f 1028/741/614 1310/1134/937 1027/753/626
f 901/933/743 1323/1019/829 900/929/739
f 1029/743/616 1311/1189/990 1028/741/614
f 1322/1036/846 997/1017/827 1295/1178/979
f 1312/1226/1024 717/1227/1025 889/1228/1026
f 1029/743/616 1011/1229/1027 1312/1226/1024
f 1050/1230/1028 1046/1231/1029 781/1232/1030
f 1313/1233/1031 766/924/734 1046/1231/1029
f 1030/1234/1032 1011/1229/1027 1313/1233/1031
f 778/1235/1033 1313/1233/1031 1050/1230/1028
f 952/1236/1034 1013/1214/1012 716/1216/1014
f 1314/1237/1035 768/994/804 1013/1214/1012
f 1009/1208/1008 1018/1107/916 1314/1237/1035
f 743/1206/1006 1314/1237/1035 952/1236/1034
f 782/917/727 1315/1238/1036 1049/1239/1037
f 1049/1239/1037 1032/1240/1038 780/1241/1039
f 1315/1238/1036 719/1242/1040 1032/1240/1038
f 1042/916/726 1035/1028/838 1315/1238/1036
f 1039/1243/1041 962/1244/1042 758/1245/1043
f 1316/1246/1044 750/986/796 962/1244/1042
f 1041/1011/821 1038/985/795 1316/1246/1044
f 777/1012/822 1316/1246/1044 1039/1243/1041
f 923/1247/1045 867/1248/1046 775/983/793
f 749/1004/814 923/1247/1045 975/1015/825
f 932/972/782 816/1249/1047 1113/1250/1048
f 725/976/786 911/1251/1049 923/1247/1045
f 1048/1252/1050 1044/920/730 779/922/732
f 1317/1253/1051 718/1254/1052 1044/920/730
f 1046/1231/1029 897/925/735 1317/1253/1051
f 781/1232/1030 1317/1253/1051 1048/1252/1050
f 1010/1255/1053 1031/1256/1054 714/1257/1055
f 1318/1258/1056 779/922/732 1031/1256/1054
f 1033/1259/1057 1048/1252/1050 1318/1258/1056
f 765/1260/1058 1318/1258/1056 1010/1255/1053
f 1047/1261/1059 1034/1262/1060 773/1263/1061
f 1319/1264/1062 713/1265/1063 1034/1262/1060
f 1049/1239/1037 1045/1266/1064 1319/1264/1062
f 1047/1261/1059 1049/1239/1037 1319/1264/1062
f 887/1267/1065 1033/1259/1057 765/1260/1058
f 1320/1268/1066 781/1232/1030 1033/1259/1057
f 1043/1269/1067 1050/1230/1028 1320/1268/1066
f 712/1270/1068 1320/1268/1066 887/1267/1065
f 888/1271/1069 1047/1261/1059 773/1263/1061
f 1321/1272/1070 782/917/727 1047/1261/1059
f 1031/1256/1054 1051/915/725 1321/1272/1070
f 714/1257/1055 1321/1272/1070 888/1271/1069
f 1311/1189/990 889/1228/1026 891/1273/1071
f 900/929/739 1330/1021/831 899/923/733
f 1204/1274/1072 1341/1181/982 1342/1192/993
f 1328/1040/850 1063/1037/847 1323/1019/829
f 933/962/772 1058/1275/1073 723/960/770
f 1324/1276/1074 789/1067/877 1058/1275/1073
f 1057/1277/1075 1064/1204/1004 1324/1276/1074
f 730/991/801 1324/1276/1074 933/962/772
f 760/1034/844 1325/1278/1076 992/1120/925
f 992/1120/925 1008/1279/1077 759/1124/929
f 1325/1278/1076 792/1172/973 1008/1279/1077
f 1052/1186/987 1065/1202/1002 1325/1278/1076
f 764/1280/961 1326/1281/1078 1056/1282/1079
f 1056/1282/1079 1066/1200/1000 787/1197/998
f 1326/1281/1078 785/1169/970 1066/1200/1000
f 989/1162/964 1054/1283/1080 1326/1281/1078
f 1327/1046/856 1074/1043/853 1334/1151/954
f 1201/1284/1081 1344/1139/942 1345/1195/996
f 898/993/803 1057/1277/1075 730/991/801
f 1329/1285/1082 788/1184/985 1057/1277/1075
f 999/1203/1003 1069/1182/983 1329/1285/1082
f 720/1073/883 1329/1285/1082 898/993/803
f 899/923/733 1059/1286/1083 718/1254/1052
f 1330/1021/831 790/1177/978 1059/1286/1083
f 896/921/731 1040/1025/835 774/919/729
f 1331/1287/1084 793/1026/836 1040/1025/835
f 1059/1286/1083 1071/1173/974 1331/1287/1084
f 718/1254/1052 1331/1287/1084 896/921/731
f 990/1166/967 1054/1283/1080 762/1164/965
f 1332/1288/1085 785/1169/970 1054/1283/1080
f 1008/1279/1077 1072/1167/968 1332/1288/1085
f 759/1124/929 1332/1288/1085 990/1166/967
f 763/1289/1086 1333/1290/1087 1055/1291/1088
f 1055/1291/1088 1073/1147/950 786/1144/947
f 1333/1290/1087 787/1292/998 1073/1147/950
f 988/1156/959 1056/1293/1079 1333/1290/1087
f 986/1044/854 1053/1061/871 761/1064/874
f 1336/1193/994 784/1062/872 1053/1061/871
f 909/956/766 1000/1069/879 721/954/764
f 1337/1294/1089 784/1062/872 1000/1069/879
f 1058/1275/1073 1077/1060/870 1337/1294/1089
f 723/960/770 1337/1294/1089 909/956/766
f 758/1245/1043 1338/1295/1090 1039/1243/1041
f 1039/1243/1041 1062/1174/975 777/1012/822
f 1338/1295/1090 793/1026/836 1062/1174/975
f 1007/1296/1091 1078/1024/834 1338/1295/1090
f 1218/1297/1092 1227/1298/1093 875/1299/1094
f 1339/1300/1095 872/1301/1096 1227/1298/1093
f 1088/1302/1097 1220/1303/1098 1339/1300/1095
f 866/1304/1099 1339/1300/1095 1218/1297/1092
f 1341/1181/982 1091/1305/1100 1092/1306/1101
f 1110/1307/1102 837/1308/1103 1155/1309/1104
f 1089/1310/1105 1091/1305/1100 1340/1180/981
f 858/1311/1106 1340/1180/981 1206/1312/1107
f 1342/1192/993 1092/1306/1101 1093/1313/1108
f 1103/1314/1109 913/943/753 914/926/736
f 1343/1138/941 1093/1313/1108 1094/1315/1110
f 920/977/787 811/1316/1111 1107/1317/1112
f 1344/1139/942 1094/1315/1110 1095/1318/1113
f 914/926/736 1111/1319/1114 1103/1314/1109
f 1345/1195/996 1095/1318/1113 1096/1320/1115
f 1104/1321/1116 916/982/792 917/938/748
f 1346/1196/997 1096/1320/1115 1097/1322/1117
f 1108/1323/1118 915/928/738 916/982/792
f 859/1324/1119 1346/1196/997 1098/1325/1120
f 1098/1325/1120 1097/1322/1117 803/1326/1121
f 861/1327/1122 1347/1328/1123 1102/1329/1124
f 1102/1329/1124 1101/1330/1125 805/1331/1126
f 1347/1328/1123 803/1326/1121 1101/1330/1125
f 1199/1332/1127 1098/1325/1120 1347/1328/1123
f 862/1333/1128 1348/1334/1129 1115/1335/1130
f 1115/1335/1130 1114/1336/1131 818/1337/1132
f 1348/1334/1129 805/1331/1126 1114/1336/1131
f 1198/1338/1133 1102/1329/1124 1348/1334/1129
f 1104/1321/1116 1145/1339/1134 1153/1340/1135
f 912/1054/864 814/1341/1136 1110/1307/1102
f 1103/1314/1109 1146/1342/1137 1154/1343/1138
f 1112/1344/1139 1148/1345/1140 1145/1339/1134
f 1113/1250/1048 810/837/681 932/972/782
f 919/947/757 815/1346/1141 1109/1347/1142
f 1109/1347/1142 918/940/750 919/947/757
f 1109/1347/1142 838/1348/1143 1148/1345/1140
f 1107/1317/1112 809/935/745 920/977/787
f 1106/1349/1144 806/975/785 913/943/753
f 1151/1350/1145 812/1351/1146 1106/1349/1144
f 1036/984/794 868/1352/1147 1213/1353/1148
f 1213/1353/1148 807/980/790 1036/984/794
f 917/938/748 1112/1344/1139 1104/1321/1116
f 1155/1309/1104 816/1249/1047 1110/1307/1102
f 1213/1353/1148 869/1354/1149 1214/1355/1150
f 1115/1335/1130 1197/1356/1151 862/1333/1128
f 1349/1357/1152 860/1358/1153 1197/1356/1151
f 1090/1359/1154 1099/1360/1155 1349/1357/1152
f 818/1337/1132 1349/1357/1152 1115/1335/1130
f 1376/1361/1156 1172/1362/1157 1168/1363/1158
f 1151/1350/1145 1376/1361/1156 1351/1364/1159
f 1372/1365/1160 1171/1366/1161 1164/1367/1162
f 1149/1368/1163 1372/1365/1160 1370/1369/1164
f 1214/1355/1150 813/1370/1165 1213/1353/1148
f 1106/1349/1144 1154/1343/1138 1151/1350/1145
f 1107/1317/1112 840/1371/1166 1150/1372/1167
f 1150/1372/1167 815/1346/1141 1107/1317/1112
f 1108/1323/1118 1153/1340/1135 1149/1368/1163
f 1146/1342/1137 1370/1369/1164 1354/1373/1168
f 1113/1250/1048 839/1374/1169 1147/1375/1170
f 1145/1339/1134 1371/1376/1171 1355/1377/1172
f 1147/1375/1170 811/1316/1111 1113/1250/1048
f 1111/1319/1114 1149/1368/1163 1146/1342/1137
f 1217/1378/1173 1175/1379/1174 870/1380/1175
f 1350/1381/1176 849/1382/1177 1175/1379/1174
f 1152/1383/1178 1138/1384/1179 1350/1381/1176
f 869/1354/1149 1350/1381/1176 1217/1378/1173
f 1138/1384/1179 1174/1385/1180 849/1382/1177
f 1246/1386/1181 1407/1387/1182 1414/1388/1183
f 1351/1364/1159 1168/1363/1158 1174/1385/1180
f 841/1389/1184 1351/1364/1159 1138/1384/1179
f 884/1390/1185 1352/1391/1186 1236/1392/1187
f 1236/1392/1187 1212/1393/1188 801/1394/1189
f 1352/1391/1186 866/1304/1099 1212/1393/1188
f 1254/1395/1190 1216/1396/1191 1352/1391/1186
f 1136/1397/1192 1173/1398/1193 847/1399/1194
f 1353/1400/1195 852/1401/1196 1173/1398/1193
f 1155/1309/1104 1156/1402/1197 1353/1400/1195
f 839/1374/1169 1353/1400/1195 1136/1397/1192
f 1154/1343/1138 1354/1373/1168 1376/1361/1156
f 1244/1403/1198 1366/1404/1199 1412/1405/1200
f 1354/1373/1168 1162/1406/1201 1172/1362/1157
f 1406/1407/1202 1244/1403/1198 1239/1408/1203
f 1153/1340/1135 1355/1377/1172 1372/1365/1160
f 1243/1409/1204 1358/1410/1205 1411/1411/1206
f 1355/1377/1172 1163/1412/1207 1171/1366/1161
f 1367/1413/1208 1243/1409/1204 1250/1414/1209
f 1137/1415/1210 1170/1416/1211 848/1417/1212
f 1356/1418/1213 847/1399/1194 1170/1416/1211
f 1147/1375/1170 1136/1397/1192 1356/1418/1213
f 840/1371/1166 1356/1418/1213 1137/1415/1210
f 1110/1307/1102 817/964/774 912/1054/864
f 1127/1419/1214 820/1056/866 821/1420/1215
f 1123/1421/1216 825/1089/899 826/1422/1217
f 828/1051/861 1127/1419/1214 829/1423/1218
f 1229/1424/1219 1253/1425/1220 877/1426/1221
f 1357/1427/1222 882/1428/1223 1253/1425/1220
f 1161/1429/1224 1182/1430/1225 1357/1427/1222
f 853/1431/1226 1357/1427/1222 1229/1424/1219
f 1177/1432/1227 1252/1433/1228 877/1426/1221
f 1411/1411/1206 1097/1322/1117 1096/1320/1115
f 1391/1434/1229 1086/1435/1230 1085/1436/1231
f 803/1326/1121 1358/1410/1205 1177/1432/1227
f 802/1437/1232 1359/1438/1233 1125/1439/1234
f 1125/1439/1234 1135/1440/1235 836/1441/1236
f 1359/1438/1233 831/1442/1237 1135/1440/1235
f 1117/1443/1238 1121/1444/1239 1359/1438/1233
f 864/1445/1240 1360/1446/1241 1196/1447/1242
f 1196/1447/1242 1119/1448/1243 863/1449/1244
f 1360/1446/1241 823/1450/1245 1119/1448/1243
f 1194/1451/1246 1129/1452/1247 1360/1446/1241
f 1143/1453/1248 826/1422/1217 844/1454/1249
f 953/1057/867 833/1455/1250 834/1456/918
f 831/1457/1237 1361/1458/1251 1133/1459/1252
f 1133/1459/1252 1128/1460/1253 830/1461/1254
f 1361/1458/1251 824/1462/1255 1128/1460/1253
f 1134/1463/1256 1132/1464/1257 1361/1458/1251
f 948/1102/911 829/1423/1218 1118/1465/1258
f 1123/1421/1216 846/1466/1259 833/1455/1250
f 1131/1467/1260 834/1111/918 833/1468/1250
f 808/1055/865 1118/1465/1258 814/1341/1136
f 1099/1360/1155 1195/1469/1261 860/1358/1153
f 1195/1469/1261 1194/1470/1246 864/1471/1240
f 1362/1472/1262 836/1441/1236 1194/1470/1246
f 1099/1360/1155 1125/1439/1234 1362/1472/1262
f 1141/1473/1263 833/1468/1250 846/1474/1259
f 944/1104/913 821/1420/1215 820/1056/866
f 827/1475/1264 1363/1476/1265 1121/1444/1239
f 1121/1444/1239 1134/1477/1256 831/1442/1237
f 1363/1476/1265 832/1478/1266 1134/1477/1256
f 1126/1479/1267 1122/1480/1268 1363/1476/1265
f 1156/1402/1197 1169/1481/1269 852/1401/1196
f 1364/1482/1270 851/1483/1271 1169/1481/1269
f 1144/1484/1272 1140/1485/1273 1364/1482/1270
f 837/1308/1103 1364/1482/1270 1156/1402/1197
f 1142/1486/1274 829/1423/1218 1127/1419/1214
f 1131/1467/1260 843/1487/1275 821/1420/1215
f 836/1488/1236 1365/1489/1276 1129/1452/1247
f 1129/1452/1247 1120/1490/1277 823/1450/1245
f 1365/1489/1276 830/1461/1254 1120/1490/1277
f 1135/1491/1235 1133/1459/1252 1365/1489/1276
f 1366/1404/1199 1095/1318/1113 1094/1315/1110
f 1412/1405/1200 1094/1315/1110 1093/1313/1108
f 1082/1492/1278 1394/1493/1279 1393/1494/1280
f 1393/1494/1280 1087/1495/1281 1082/1492/1278
f 1144/1484/1272 814/1341/1136 1118/1465/1258
f 821/1420/1215 1142/1486/1274 1127/1419/1214
f 1105/1496/1282 841/1389/1184 1152/1383/1178
f 845/1497/1283 1118/1465/1258 829/1423/1218
f 179/1498/222 895/1132/935 890/1135/938
f 1164/1367/1162 1382/1499/1284 1367/1413/1208
f 1085/1436/1231 1392/1500/1285 1391/1434/1229
f 1250/1414/1209 1419/1501/1286 1367/1413/1208
f 879/1502/1287 1368/1503/1288 1249/1504/1289
f 1249/1504/1289 1180/1505/1290 880/1506/1291
f 1368/1503/1288 832/1507/1266 1180/1505/1290
f 1179/1508/1292 1132/1464/1257 1368/1503/1288
f 838/1348/1143 1369/1509/1293 1157/1510/1294
f 1157/1510/1294 1161/1429/1224 853/1431/1226
f 1369/1509/1293 848/1417/1212 1161/1429/1224
f 1150/1372/1167 1137/1415/1210 1369/1509/1293
f 1418/1511/1295 1251/1512/1296 1250/1414/1209
f 1370/1369/1164 1164/1367/1162 1162/1406/1201
f 1371/1376/1171 853/1431/1226 1163/1412/1207
f 1148/1345/1140 1157/1510/1294 1371/1376/1171
f 1143/1453/1248 1160/1513/1297 846/1466/1259
f 1373/1514/1298 856/1515/1299 1160/1513/1297
f 1159/1516/1300 1165/1517/1301 1373/1514/1298
f 844/1454/1249 1373/1514/1298 1143/1453/1248
f 1141/1473/1263 1158/1518/1302 843/1487/1275
f 1374/1519/1303 854/1520/1304 1158/1518/1302
f 1160/1521/1297 1166/1522/1305 1374/1519/1303
f 846/1474/1259 1374/1519/1303 1141/1473/1263
f 1158/1518/1302 1142/1486/1274 843/1487/1275
f 1375/1523/1306 845/1497/1283 1142/1486/1274
f 1167/1524/1307 1140/1485/1273 1375/1523/1306
f 854/1520/1304 1375/1523/1306 1158/1518/1302
f 1178/1525/1308 1248/1526/1309 878/1527/1310
f 1377/1528/1311 885/1529/1312 1248/1526/1309
f 1126/1479/1267 1237/1530/1313 1377/1528/1311
f 819/1531/1314 1377/1528/1311 1178/1525/1308
f 1238/1532/1315 1247/1533/1316 886/1534/1317
f 1378/1535/1318 883/1536/1319 1247/1533/1316
f 1175/1379/1174 1183/1537/1320 1378/1535/1318
f 1238/1532/1315 1175/1379/1174 1378/1535/1318
f 1183/1537/1320 1246/1386/1181 883/1536/1319
f 178/1538/319 891/1273/1071 889/1228/1026
f 1379/1539/1321 1239/1408/1203 1246/1386/1181
f 849/1382/1177 1379/1539/1321 1183/1537/1320
f 1181/1540/1322 1245/1541/1323 881/1542/1324
f 1380/1543/1325 876/1544/1326 1245/1541/1323
f 1173/1398/1193 1228/1545/1327 1380/1543/1325
f 847/1399/1194 1380/1543/1325 1181/1540/1322
f 1168/1363/1158 1381/1546/1328 1406/1407/1202
f 181/1547/277 890/1135/938 892/1190/991
f 1251/1512/1296 1381/1546/1328 1419/1501/1286
f 1395/1548/1329 1084/1549/1330 1083/1550/1331
f 183/1551/167 893/1141/944 182/1552/168
f 1252/1433/1228 1382/1499/1284 1420/1553/1332
f 880/1554/1291 1383/1555/1333 1242/1556/1334
f 1242/1556/1334 1178/1525/1308 878/1527/1310
f 1383/1555/1333 819/1531/1314 1178/1525/1308
f 1180/1557/1290 1122/1480/1268 1383/1555/1333
f 876/1544/1326 1384/1558/1335 1176/1559/1336
f 1176/1559/1336 1117/1443/1238 802/1437/1232
f 1384/1558/1335 827/1475/1264 1117/1443/1238
f 1241/1560/1337 1237/1530/1313 1384/1558/1335
f 1182/1430/1225 1240/1561/1338 882/1428/1223
f 1385/1562/1339 881/1542/1324 1240/1561/1338
f 1170/1416/1211 1181/1540/1322 1385/1562/1339
f 848/1417/1212 1385/1562/1339 1182/1430/1225
f 835/1563/1340 1386/1564/1341 1124/1565/1342
f 1386/1564/1341 822/1566/1343 1124/1565/1342
f 1386/1564/1341 863/1449/1244 1193/1567/1344
f 1186/1568/1345 1196/1447/1242 1386/1564/1341
f 1192/1569/1346 1190/1570/1347 798/1571/1348
f 860/1358/1153 1387/1572/1349 1197/1356/1151
f 862/1333/1128 1387/1572/1349 1192/1569/1346
f 798/1571/1348 1388/1573/1350 1192/1569/1346
f 1192/1569/1346 1198/1338/1133 862/1333/1128
f 1388/1573/1350 861/1327/1122 1198/1338/1133
f 1116/1574/1351 1191/1575/1352 1388/1573/1350
f 804/1576/1353 1389/1577/1354 1191/1575/1352
f 1191/1575/1352 1199/1332/1127 861/1327/1122
f 1389/1577/1354 859/1324/1119 1199/1332/1127
f 1100/1578/1355 1189/1579/1356 1389/1577/1354
f 797/1580/1357 1390/1581/1358 1189/1579/1356
f 1189/1579/1356 1200/1194/995 859/1324/1119
f 1420/1553/1332 1171/1366/1161 1163/1412/1207
f 1390/1581/1358 1201/1284/1081 1200/1194/995
f 1418/1511/1295 1096/1320/1115 1095/1318/1113
f 1391/1434/1229 1202/1137/940 1201/1284/1081
f 1367/1413/1208 1162/1406/1201 1164/1367/1162
f 1392/1500/1285 1203/1191/992 1202/1137/940
f 1419/1501/1286 1172/1362/1157 1162/1406/1201
f 1393/1494/1280 1204/1274/1072 1203/1191/992
f 1407/1387/1182 1093/1313/1108 1092/1306/1101
f 1394/1493/1279 1205/1179/980 1204/1274/1072
f 1406/1407/1202 1174/1385/1180 1168/1363/1158
f 1395/1548/1329 1206/1312/1107 1205/1179/980
f 1188/1582/1359 1206/1312/1107 1396/1583/1360
f 799/1584/1361 1396/1583/1360 1081/1585/1362
f 1222/1586/1363 1226/1587/1364 874/1588/1365
f 1397/1589/1366 871/1590/1367 1226/1587/1364
f 1188/1582/1359 1207/1591/1368 1397/1589/1366
f 858/1311/1106 1397/1589/1366 1222/1586/1363
f 1190/1570/1347 1130/1592/1369 798/1571/1348
f 1398/1593/1370 835/1594/1340 1130/1592/1369
f 1195/1469/1261 1186/1595/1345 1398/1593/1370
f 860/1358/1153 1398/1593/1370 1190/1570/1347
f 875/1299/1094 1399/1596/1371 1218/1297/1092
f 1218/1297/1092 1212/1393/1188 866/1304/1099
f 1399/1596/1371 801/1394/1189 1212/1393/1188
f 1225/1597/1372 1209/1598/1373 1399/1596/1371
f 1139/1599/1374 1215/1600/1375 850/1601/1376
f 1400/1602/1377 870/1380/1175 1215/1600/1375
f 1214/1355/1150 1217/1378/1173 1400/1602/1377
f 842/1603/1378 1400/1602/1377 1139/1599/1374
f 1152/1383/1178 868/1352/1147 1105/1496/1282
f 911/1251/1049 812/1351/1146 1105/1496/1282
f 1105/1496/1282 867/1248/1046 911/1251/1049
f 96/1604/76 726/981/791 807/980/790
f 1220/1303/1098 1224/1605/1379 872/1301/1096
f 1401/1606/1380 874/1588/1365 1224/1605/1379
f 1089/1310/1105 1222/1586/1363 1401/1606/1380
f 800/1607/1381 1401/1606/1380 1220/1303/1098
f 1208/1608/1382 1187/1609/1383 796/1610/1384
f 1402/1611/1385 857/1612/1386 1187/1609/1383
f 1224/1605/1379 1210/1613/1387 1402/1611/1385
f 872/1301/1096 1402/1611/1385 1208/1608/1382
f 1211/1614/1388 1223/1615/1389 865/1616/1390
f 1223/1615/1389 1225/1597/1372 875/1299/1094
f 1221/1617/1391 1225/1597/1372 1403/1618/1392
f 795/1619/1393 1403/1618/1392 1211/1614/1388
f 1210/1613/1387 1079/1620/1394 857/1612/1386
f 1404/1621/1395 794/1622/1396 1079/1620/1394
f 1226/1587/1364 1219/1623/1397 1404/1621/1395
f 874/1588/1365 1404/1621/1395 1210/1613/1387
f 1223/1615/1389 1080/1624/1398 865/1616/1390
f 1405/1625/1399 796/1610/1384 1080/1624/1398
f 1227/1298/1093 1208/1608/1382 1405/1625/1399
f 875/1299/1094 1405/1625/1399 1223/1615/1389
f 1081/1585/1362 1395/1548/1329 1083/1550/1331
f 1239/1408/1203 1412/1405/1200 1407/1387/1182
f 180/1626/278 892/1190/991 891/1273/1071
f 1414/1388/1183 1092/1306/1101 1091/1305/1100
f 1234/1627/1400 1114/1336/1131 805/1331/1126
f 1408/1628/1401 818/1337/1132 1114/1336/1131
f 1240/1561/1338 1233/1629/1402 1408/1628/1401
f 882/1428/1223 1408/1628/1401 1234/1627/1400
f 852/1401/1196 1409/1630/1403 1228/1545/1327
f 1228/1545/1327 1241/1560/1337 876/1544/1326
f 1409/1630/1403 885/1529/1312 1241/1560/1337
f 1169/1481/1269 1185/1631/1404 1409/1630/1403
f 856/1632/1299 1410/1633/1405 1166/1522/1305
f 1166/1522/1305 1230/1634/1406 854/1520/1304
f 1410/1633/1405 878/1527/1310 1230/1634/1406
f 1232/1635/1407 1242/1556/1334 1410/1633/1405
f 1250/1414/1209 1411/1411/1206 1418/1511/1295
f 182/1552/168 895/1132/935 184/1636/221
f 1233/1629/1402 1090/1359/1154 818/1337/1132
f 1413/1637/1408 802/1437/1232 1090/1359/1154
f 1245/1541/1323 1176/1559/1336 1413/1637/1408
f 881/1542/1324 1413/1637/1408 1233/1629/1402
f 1235/1638/1409 1091/1305/1100 800/1607/1381
f 883/1536/1319 1414/1388/1183 1235/1638/1409
f 1216/1396/1191 1088/1302/1097 866/1304/1099
f 1415/1639/1410 800/1607/1381 1088/1302/1097
f 1247/1533/1316 1235/1638/1409 1415/1639/1410
f 886/1534/1317 1415/1639/1410 1216/1396/1191
f 1230/1634/1406 1167/1524/1307 854/1520/1304
f 1416/1640/1411 851/1483/1271 1167/1524/1307
f 1248/1526/1309 1185/1631/1404 1416/1640/1411
f 878/1527/1310 1416/1640/1411 1230/1634/1406
f 855/1641/1412 1417/1642/1413 1165/1517/1301
f 1165/1517/1301 1232/1643/1407 856/1515/1299
f 1417/1642/1413 880/1506/1291 1232/1643/1407
f 1231/1644/1414 1249/1504/1289 1417/1642/1413
f 1229/1424/1219 1163/1412/1207 853/1431/1226
f 877/1426/1221 1420/1553/1332 1229/1424/1219
f 1177/1432/1227 1101/1330/1125 803/1326/1121
f 1421/1645/1415 805/1331/1126 1101/1330/1125
f 1253/1425/1220 1234/1627/1400 1421/1645/1415
f 877/1426/1221 1421/1645/1415 1177/1432/1227
f 850/1601/1376 1422/1646/1416 1184/1647/1417
f 1184/1647/1417 1254/1395/1190 884/1390/1185
f 1422/1646/1416 886/1534/1317 1254/1395/1190
f 1215/1600/1375 1238/1532/1315 1422/1646/1416
f 176/1648/356 765/1260/1058 54/1649/349
f 176/1648/356 712/1270/1068 887/1267/1065
f 62/1650/352 888/1271/1069 773/1263/1061
f 3/1651/346 888/1271/1069 177/1652/360
f 6/1653/317 889/1228/1026 717/1227/1025
f 370/1654/662 1083/1550/1331 372/1655/704
f 373/1656/628 1082/1492/1278 371/1657/571
f 371/1657/571 1087/1495/1281 376/1658/573
f 372/1655/704 1084/1549/1330 373/1656/628
f 374/1659/581 1087/1495/1281 1085/1436/1231
f 375/1660/521 1085/1436/1231 1086/1435/1230
f 183/1551/167 715/1225/1023 894/1071/881
f 197/1661/307 715/1225/1023 4/1662/309
f 11/1663/305 908/1223/1021 197/1661/307
f 15/1664/78 750/986/796 726/981/791
f 114/195/186 736/1100/909 25/196/187
f 224/1665/303 722/1221/1019 11/1663/305
f 5/1666/300 935/1219/1017 224/1665/303
f 228/192/183 771/1211/1009 60/193/184
f 23/191/182 939/1088/898 228/192/183
f 25/196/187 752/1155/958 41/207/197
f 28/205/195 940/1130/933 229/239/219
f 229/239/219 734/1086/896 23/191/182
f 22/1667/297 945/1213/1011 234/1668/293
f 234/1668/293 743/1206/1006 32/1669/294
f 24/203/193 950/1099/908 239/204/194
f 28/205/195 950/1099/908 739/1129/932
f 32/1669/294 952/1236/1034 241/1670/327
f 5/1666/300 952/1236/1034 716/1216/1014
f 47/1671/334 962/1244/1042 251/1672/332
f 39/1673/82 962/1244/1042 750/986/796
f 96/1604/76 813/1370/1165 102/1674/437
f 41/207/197 982/1157/960 271/267/243
f 271/267/243 763/1289/1086 52/465/376
f 75/254/231 1002/1146/949 291/257/234
f 291/257/234 735/1097/906 24/203/193
f 296/1675/381 791/1022/832 1007/1296/1091
f 47/1671/334 1007/1296/1091 758/1245/1043
f 299/1676/345 714/1257/1055 3/1651/346
f 54/1649/349 1010/1255/1053 299/1676/345
f 305/337/296 733/1677/1010 22/338/297
f 305/337/296 771/1211/1009 1016/1678/1418
f 67/1679/326 1030/1234/1032 778/1235/1033
f 319/1680/325 717/1227/1025 1030/1234/1032
f 321/1681/331 780/1241/1039 1032/1240/1038
f 321/1681/331 719/1242/1040 8/1682/123
f 2/1683/353 1034/1262/1060 713/1265/1063
f 323/1684/350 773/1263/1061 1034/1262/1060
f 332/1685/358 712/1270/1068 1/1686/359
f 332/1685/358 778/1235/1033 1043/1269/1067
f 2/1683/353 1045/1266/1064 334/1687/355
f 334/1687/355 780/1241/1039 69/1688/1419
f 52/465/376 1055/1291/1088 344/467/378
f 344/467/378 786/1144/947 75/254/231
f 8/1682/123 1060/1027/837 349/1689/119
f 80/1690/117 1060/1027/837 791/1022/832
f 368/1691/698 857/1612/1386 1079/1620/1394
f 368/1691/698 794/1622/1396 83/1692/699
f 154/1693/694 1080/1624/1398 369/1694/702
f 85/1695/688 1080/1624/1398 796/1610/1384
f 88/1696/661 1081/1585/1362 370/1654/662
f 316/361/315 546/9/9 547/19/19
f 315/359/314 547/19/19 548/24/24
f 317/363/316 545/13/13 546/9/9
f 314/358/313 548/24/24 549/29/29
f 313/356/311 549/29/29 550/34/34
f 375/1660/521 797/1580/1357 86/1697/658
f 389/1698/656 797/1580/1357 1100/1578/1355
f 93/1699/654 1100/1578/1355 804/1576/1353
f 102/1674/437 842/1603/1378 131/1700/457
f 114/195/186 826/1422/1217 825/1089/899
f 405/1701/652 804/1576/1353 1116/1574/1351
f 87/1702/649 1116/1574/1351 798/1571/1348
f 408/642/535 863/1449/1244 1119/1448/1243
f 112/643/536 1119/1448/1243 823/1450/1245
f 115/609/508 844/1454/1249 826/1422/1217
f 119/688/569 1120/1490/1277 830/1461/1254
f 409/687/568 823/1450/1245 1120/1490/1277
f 111/776/644 1124/1565/1342 822/1566/1343
f 413/773/641 835/1563/1340 1124/1565/1342
f 113/654/546 1128/1460/1253 824/1462/1255
f 119/688/569 1128/1460/1253 417/653/545
f 124/1703/643 1130/1592/1369 835/1594/1340
f 87/1702/649 1130/1592/1369 419/1704/669
f 139/1705/678 1139/1599/1374 850/1601/1376
f 131/1700/457 1139/1599/1374 428/1706/677
f 133/647/540 1159/1516/1300 844/1454/1249
f 448/719/596 855/1641/1412 1159/1516/1300
f 168/706/583 1179/1508/1292 879/1502/1287
f 468/708/585 824/1462/1255 1179/1508/1292
f 473/1707/724 884/1390/1185 173/1708/476
f 139/1705/678 1184/1647/1417 473/1707/724
f 476/1709/686 796/1610/1384 1187/1609/1383
f 146/1710/689 1187/1609/1383 857/1612/1386
f 482/1711/1420 822/1566/1343 1193/1567/1344
f 482/1711/1420 863/1449/1244 152/778/646
f 160/1712/666 1207/1591/1368 496/1713/668
f 496/1713/668 799/1584/1361 88/1696/661
f 498/1714/674 873/1715/1421 162/1716/675
f 498/1714/674 801/1394/1189 1209/1598/1373
f 84/1717/697 1211/1614/1388 500/1718/693
f 500/1718/693 865/1616/1390 154/1693/694
f 508/1719/701 794/1622/1396 1219/1623/1397
f 508/1719/701 871/1590/1367 160/1712/666
f 84/1717/697 1221/1617/1391 795/1619/1393
f 510/1720/696 873/1715/1421 1221/1617/1391
f 144/903/719 1231/1644/1414 855/1641/1412
f 520/905/721 879/1502/1287 1231/1644/1414
f 90/1721/673 1236/1392/1187 801/1394/1189
f 173/1708/476 1236/1392/1187 525/1722/479
f 312/357/312 550/34/34 551/37/37
f 99/526/429 220/65/65 13/74/74
f 331/1/1 544/5/5 340/2/2
f 63/4/4 185/6/6 544/5/5
f 185/6/6 7/401/342 333/7/7
f 544/5/5 333/7/7 68/8/8
f 546/9/9 545/13/13 188/10/10
f 55/12/12 186/15/15 545/13/13
f 186/15/15 7/401/342 188/10/10
f 203/16/16 204/67/67 218/17/17
f 547/19/19 546/9/9 189/11/11
f 18/21/21 217/57/57 267/22/22
f 548/24/24 547/19/19 190/20/20
f 98/26/26 209/73/73 214/27/27
f 549/29/29 548/24/24 191/25/25
f 206/31/31 207/63/63 219/32/32
f 550/34/34 549/29/29 192/30/30
f 210/18/18 213/71/71 202/36/36
f 551/37/37 550/34/34 193/35/35
f 208/39/39 98/26/26 17/28/28
f 56/41/41 312/357/312 551/37/37
f 195/42/42 551/37/37 194/38/38
f 58/44/44 311/47/47 552/45/45
f 311/47/47 56/41/41 195/42/42
f 552/45/45 195/42/42 10/43/43
f 199/46/46 552/45/45 198/48/48
f 59/50/50 310/53/53 553/51/51
f 310/53/53 58/44/44 199/46/46
f 553/51/51 199/46/46 12/49/49
f 223/52/52 553/51/51 222/54/54
f 106/56/56 201/153/149 217/57/57
f 219/32/32 216/40/40 260/58/58
f 211/33/33 219/32/32 257/59/59
f 218/17/17 215/66/66 261/61/61
f 216/40/40 219/32/32 207/63/63
f 221/64/64 106/56/56 18/21/21
f 215/66/66 218/17/17 204/67/67
f 216/40/40 17/28/28 35/69/69
f 95/70/70 202/36/36 213/71/71
f 209/73/73 99/526/429 13/74/74
f 17/28/28 214/27/27 262/75/75
f 96/76/76 325/1723/79 326/77/77
f 211/33/33 215/66/66 205/68/68
f 325/79/79 156/395/336 64/80/80
f 15/78/78 326/77/77 327/82/81
f 217/57/57 16/154/150 34/84/83
f 223/52/52 554/86/85 309/85/84
f 19/55/55 187/87/86 554/86/85
f 187/87/86 9/453/169 196/88/87
f 554/86/85 196/88/87 57/89/88
f 263/90/89 266/102/100 581/91/90
f 581/91/90 559/104/102 284/93/92
f 261/61/61 265/60/60 577/95/94
f 577/95/94 560/107/105 283/97/96
f 14/72/72 213/71/71 263/90/89
f 326/81/77 64/80/80 65/100/99
f 213/71/71 210/18/18 266/102/100
f 215/66/66 211/33/33 265/60/60
f 214/27/27 13/74/74 37/103/101
f 258/62/62 261/61/61 575/96/95
f 13/74/74 220/65/65 259/105/103
f 257/59/59 260/58/58 576/106/104
f 210/18/18 218/17/17 258/62/62
f 220/65/65 18/21/21 36/23/23
f 330/108/106 555/111/109 287/109/107
f 65/100/99 264/112/110 555/111/109
f 264/112/110 38/99/98 250/113/111
f 555/111/109 250/113/111 46/114/112
f 250/113/111 556/92/91 286/115/113
f 38/99/98 263/90/89 556/92/91
f 556/92/91 581/91/90 280/94/93
f 359/116/114 352/135/132 612/117/115
f 80/119/117 367/122/120 557/120/118
f 367/122/120 82/288/261 329/123/121
f 557/120/118 329/123/121 63/124/4
f 349/121/119 557/120/118 324/125/122
f 248/127/124 558/130/127 285/128/125
f 36/23/23 267/22/22 558/130/127
f 267/22/22 34/84/83 268/131/128
f 558/130/127 268/131/128 49/132/129
f 266/102/100 258/62/62 559/104/102
f 611/133/130 586/314/275 357/134/131
f 559/104/102 575/96/95 274/136/133
f 357/134/131 364/313/240 571/137/134
f 265/60/60 257/59/59 560/107/105
f 572/139/136 587/253/230 356/140/137
f 560/107/105 576/106/104 275/142/139
f 356/143/137 365/170/165 563/144/140
f 249/146/142 561/149/145 282/147/143
f 37/103/101 259/105/103 561/149/145
f 259/105/103 36/23/23 248/127/124
f 561/149/145 248/127/124 44/129/126
f 117/150/146 226/1724/1422 238/151/147
f 201/153/149 97/208/198 16/154/150
f 238/155/147 226/1725/1422 109/156/151
f 242/158/153 232/194/185 31/159/154
f 342/161/156 562/165/160 366/162/157
f 50/164/159 273/166/161 562/165/160
f 273/166/161 45/148/144 294/167/162
f 562/165/160 294/167/162 78/168/163
f 289/169/164 563/144/140 365/170/165
f 10/172/43 194/176/38 563/144/140
f 596/173/166 595/355/310 183/174/167
f 616/145/141 563/144/140 194/176/38
f 9/178/169 225/181/172 564/179/170
f 225/181/172 26/222/206 230/182/173
f 564/179/170 230/182/173 29/183/174
f 235/180/171 564/179/170 247/184/175
f 61/186/177 306/189/180 565/187/178
f 306/189/180 33/236/176 240/190/181
f 565/187/178 240/190/181 23/191/182
f 308/188/179 565/187/178 228/192/183
f 232/194/185 242/158/153 114/195/186
f 232/194/185 255/206/196 43/197/188
f 29/198/174 246/201/191 566/199/189
f 246/201/191 30/258/210 244/202/192
f 566/199/189 244/202/192 24/203/193
f 245/200/190 566/199/189 239/204/194
f 255/206/196 232/194/185 25/196/187
f 97/208/198 237/210/200 227/209/199
f 237/210/200 117/150/146 27/152/148
f 233/211/201 243/218/204 21/157/152
f 196/212/87 567/215/203 307/213/202
f 196/212/87 9/178/169 235/180/171
f 567/215/203 235/180/171 33/185/176
f 307/213/202 567/215/203 306/216/180
f 243/218/204 233/211/201 123/219/155
f 243/218/204 253/233/216 40/221/205
f 26/222/206 236/224/208 568/223/207
f 236/224/208 20/282/255 231/225/209
f 568/223/207 231/225/209 30/226/210
f 230/182/173 568/223/207 246/227/191
f 268/131/128 569/229/212 281/228/211
f 34/84/83 256/230/213 569/229/212
f 256/230/213 42/247/224 252/231/214
f 569/229/212 252/231/214 48/232/215
f 253/233/216 243/218/204 31/220/154
f 21/157/152 40/221/205 254/235/217
f 33/236/176 247/238/175 570/237/218
f 247/238/175 29/198/174 245/200/190
f 570/237/218 245/200/190 28/205/195
f 240/190/181 570/237/218 229/239/219
f 571/240/134 623/263/239 192/30/30
f 598/241/220 597/1726/229 184/242/221
f 179/243/222 181/311/277 599/244/223
f 617/245/135 571/240/134 191/25/25
f 254/235/217 42/278/224 27/246/148
f 42/247/224 256/230/213 227/209/199
f 256/230/213 34/84/83 16/154/150
f 64/80/80 212/396/337 264/112/110
f 491/248/225 633/449/371 632/249/226
f 363/141/138 364/264/240 624/251/228
f 182/175/168 184/1727/221 597/252/229
f 276/98/97 283/97/96 587/253/230
f 75/254/231 291/257/234 573/255/232
f 291/257/234 24/203/193 244/202/192
f 573/255/232 244/202/192 30/258/210
f 362/256/233 573/255/232 292/259/235
f 35/69/69 262/75/75 574/261/237
f 262/75/75 37/103/101 249/146/142
f 574/261/237 249/146/142 45/148/144
f 269/262/238 574/261/237 273/166/161
f 575/96/95 577/95/94 276/98/97
f 623/263/239 571/240/134 364/264/240
f 260/58/58 35/69/69 269/262/238
f 576/106/104 269/262/238 50/164/159
f 255/206/196 578/266/242 272/265/241
f 41/207/197 271/267/243 578/266/242
f 271/267/243 52/465/376 277/268/244
f 578/266/242 277/268/244 53/269/245
f 253/233/216 579/271/247 270/270/246
f 43/234/188 272/272/241 579/271/247
f 272/272/241 53/444/245 278/273/248
f 579/271/247 278/273/248 51/274/249
f 270/270/246 580/275/250 254/235/217
f 51/274/249 279/276/251 580/275/250
f 279/276/251 48/464/215 252/277/214
f 580/275/250 252/277/214 42/278/224
f 290/279/252 582/283/256 361/280/253
f 20/282/255 236/224/208 582/283/256
f 236/224/208 26/222/206 350/284/257
f 582/283/256 350/284/257 81/285/258
f 351/286/259 583/1728/262 360/287/260
f 351/289/259 66/110/108 287/109/107
f 287/109/107 46/114/112 295/291/263
f 583/290/262 295/291/263 79/292/264
f 295/291/263 584/295/265 359/294/114
f 46/114/112 286/115/113 584/295/265
f 584/296/265 611/133/130 352/135/132
f 494/297/266 630/431/362 629/298/267
f 293/300/269 585/306/272 358/301/270
f 44/129/126 285/128/125 585/303/272
f 285/128/125 49/132/129 341/305/273
f 585/306/272 341/443/273 72/307/274
f 280/94/93 284/93/92 586/308/275
f 600/310/276 599/244/223 181/311/277
f 364/313/240 357/134/131 586/314/275
f 492/250/227 632/249/226 631/316/279
f 365/318/165 356/140/137 587/253/230
f 489/320/282 635/504/407 634/321/283
f 76/323/236 292/326/235 588/324/285
f 292/326/235 30/226/210 231/225/209
f 588/324/285 231/225/209 20/282/255
f 355/325/286 588/324/285 290/279/252
f 72/307/274 354/329/289 589/327/287
f 354/329/289 81/285/258 350/284/257
f 589/327/287 350/284/257 26/222/206
f 288/328/288 589/327/287 225/181/172
f 294/167/162 590/331/291 353/330/290
f 45/148/144 282/147/143 590/331/291
f 282/147/143 44/129/126 293/304/269
f 590/331/291 293/304/269 77/332/271
f 298/333/292 591/336/295 234/334/293
f 298/333/292 61/186/177 308/188/179
f 591/336/295 308/188/179 60/193/184
f 591/336/295 305/337/296 22/338/297
f 304/339/298 592/344/301 302/340/299
f 59/50/50 309/85/84 592/342/301
f 57/214/88 302/340/299 592/344/301
f 5/346/300 224/348/303 593/347/302
f 224/348/303 11/350/305 303/349/304
f 593/347/302 303/349/304 58/44/44
f 304/343/298 593/347/302 310/53/53
f 11/350/305 197/352/307 594/351/306
f 197/352/307 4/354/309 301/353/308
f 594/351/306 301/353/308 56/41/41
f 303/349/304 594/351/306 311/47/47
f 4/354/309 183/174/167 595/355/310
f 595/355/310 596/173/166 313/356/311
f 625/319/281 587/253/230 283/97/96
f 301/353/308 595/355/310 312/357/312
f 596/173/166 597/252/229 314/358/313
f 623/263/239 616/448/141 193/35/35
f 597/252/229 598/360/220 315/359/314
f 572/139/136 624/251/228 274/136/133
f 598/360/220 599/362/223 316/361/315
f 624/251/228 586/308/275 284/93/92
f 599/362/223 600/365/276 317/363/316
f 612/364/115 617/245/135 190/20/20
f 600/365/276 601/1729/318 318/14/14
f 611/309/130 584/295/265 286/115/113
f 6/366/317 300/369/320 601/367/318
f 300/369/320 55/374/12 318/370/14
f 335/371/321 602/378/324 339/372/322
f 55/374/12 300/369/320 602/375/324
f 300/369/320 6/366/317 319/377/325
f 602/378/324 319/1730/325 67/379/326
f 302/340/299 603/381/328 241/380/327
f 57/214/88 307/213/202 603/381/328
f 307/213/202 61/217/177 298/382/292
f 603/381/328 298/382/292 32/383/294
f 71/3/3 338/385/330 604/384/329
f 338/385/330 69/1731/1419 321/386/331
f 604/387/329 321/1732/331 8/126/123
f 331/1/1 604/384/329 324/388/122
f 251/389/332 605/392/335 328/390/333
f 39/83/82 327/82/81 605/392/335
f 327/101/81 65/100/99 330/108/106
f 605/393/335 330/108/106 66/110/108
f 156/395/336 200/399/340 212/396/337
f 212/396/337 14/72/72 38/99/98
f 105/397/338 106/56/56 221/64/64
f 200/399/340 95/70/70 14/72/72
f 333/7/7 606/402/343 337/400/341
f 7/401/342 186/15/15 606/402/343
f 186/15/15 55/12/12 335/371/321
f 606/402/343 335/371/321 70/373/323
f 320/403/344 607/1733/347 299/404/345
f 68/8/8 337/400/341 607/406/347
f 337/400/341 70/373/323 322/408/348
f 607/406/347 322/408/348 54/409/349
f 323/411/350 608/415/354 336/412/351
f 2/414/353 334/416/355 608/415/354
f 334/416/355 69/1734/1419 338/417/330
f 336/418/351 608/1735/354 338/385/330
f 322/419/348 609/423/357 176/420/356
f 70/422/323 339/424/322 609/423/357
f 339/424/322 67/1736/326 332/425/358
f 609/423/357 332/425/358 1/426/359
f 336/412/351 610/429/361 177/427/360
f 71/3/3 340/2/2 610/428/361
f 340/2/2 68/8/8 320/407/344
f 610/429/361 320/403/344 3/405/346
f 178/368/319 601/367/318 600/310/276
f 619/430/116 612/364/115 189/11/11
f 493/317/280 631/316/279 630/431/362
f 352/135/132 357/134/131 617/138/135
f 347/432/363 613/436/364 222/433/54
f 78/435/163 353/437/290 613/436/364
f 353/437/290 77/302/271 346/438/365
f 613/436/364 346/438/365 19/439/55
f 49/132/129 281/228/211 614/440/366
f 281/228/211 48/232/215 297/441/367
f 614/442/366 297/1737/367 81/285/258
f 341/443/273 614/442/366 354/329/289
f 53/444/245 345/446/369 615/445/368
f 345/446/369 76/323/236 355/325/286
f 615/445/368 355/325/286 74/281/254
f 278/273/248 615/445/368 343/447/370
f 363/141/138 356/140/137 616/448/141
f 490/322/284 634/321/283 633/449/371
f 346/450/365 618/452/372 187/87/86
f 77/302/271 358/301/270 618/451/372
f 358/301/270 72/307/274 288/328/288
f 618/452/372 288/1738/288 9/453/169
f 348/454/373 619/118/116 188/455/10
f 79/457/264 359/116/114 619/118/116
f 329/458/121 620/1739/374 185/6/6
f 82/288/261 360/287/260 620/459/374
f 360/287/260 79/457/264 348/454/373
f 620/459/374 348/454/373 7/456/342
f 343/447/370 621/461/375 279/276/251
f 74/281/254 361/280/253 621/461/375
f 361/462/253 81/1740/258 297/441/367
f 621/461/375 297/1737/367 48/464/215
f 52/465/376 344/467/378 622/466/377
f 344/467/378 75/254/231 362/256/233
f 622/466/377 362/256/233 76/260/236
f 277/268/244 622/466/377 345/468/369
f 342/161/156 625/319/281 275/142/139
f 73/163/158 365/318/165 625/319/281
f 289/169/164 626/470/379 198/469/48
f 73/171/158 366/471/157 626/470/379
f 366/471/157 78/435/163 347/432/363
f 626/470/379 347/432/363 12/434/49
f 47/472/334 328/394/333 627/473/380
f 328/394/333 66/110/108 351/289/259
f 627/475/380 351/286/259 82/288/261
f 296/476/381 627/475/380 367/122/120
f 516/477/382 628/481/386 507/478/383
f 161/480/385 509/482/387 628/481/386
f 509/482/387 89/841/685 377/483/388
f 628/484/386 377/897/388 155/485/389
f 630/431/362 381/493/396 380/487/390
f 399/488/391 444/536/438 126/489/392
f 380/487/390 89/841/685 378/491/394
f 629/298/267 378/491/394 147/492/395
f 631/316/279 382/496/399 381/493/396
f 392/494/397 203/16/16 202/36/36
f 632/249/226 383/499/402 382/496/399
f 100/497/400 99/526/429 209/73/73
f 633/449/371 384/501/404 383/499/402
f 203/16/16 392/494/397 400/500/403
f 634/321/283 385/505/408 384/501/404
f 393/502/405 206/31/31 205/68/68
f 635/504/407 386/508/411 385/505/408
f 397/503/406 205/68/68 204/67/67
f 148/506/409 387/507/410 635/504/407
f 387/507/410 92/514/417 386/508/411
f 150/509/412 391/512/415 636/510/413
f 391/512/415 94/520/423 390/513/416
f 636/510/413 390/513/416 92/514/417
f 488/511/414 636/510/413 387/507/410
f 151/515/418 404/518/421 637/516/419
f 404/518/421 107/545/447 403/519/422
f 637/516/419 403/519/422 94/520/423
f 487/517/420 637/516/419 391/512/415
f 393/502/405 442/560/461 434/521/424
f 201/153/149 399/488/391 103/490/393
f 392/494/397 443/557/458 435/523/426
f 401/522/425 434/521/424 437/524/427
f 402/398/339 221/64/64 99/526/429
f 208/39/39 398/525/428 104/527/430
f 398/525/428 208/39/39 207/63/63
f 398/525/428 437/524/427 127/528/431
f 396/498/401 209/73/73 98/26/26
f 395/495/398 202/36/36 95/70/70
f 440/530/433 395/495/398 101/529/432
f 157/532/435 156/395/336 325/79/79
f 502/534/436 325/1723/79 96/76/76
f 206/31/31 393/502/405 401/522/425
f 444/536/438 399/488/391 105/397/338
f 158/538/440 157/532/435 502/533/436
f 486/540/442 638/542/444 404/518/421
f 149/541/443 388/543/445 638/542/444
f 388/543/445 91/668/523 379/544/446
f 638/542/444 379/544/446 107/545/447
f 665/546/448 457/574/475 461/547/449
f 665/546/448 443/557/458 440/530/433
f 661/550/452 453/703/580 460/551/453
f 661/550/452 442/560/461 438/553/455
f 503/555/441 502/534/436 102/535/437
f 395/495/398 440/530/433 443/557/458
f 129/558/459 100/497/400 396/498/401
f 439/559/460 396/498/401 104/527/430
f 397/503/406 438/553/455 442/560/461
f 659/554/456 438/553/455 435/523/426
f 128/537/439 105/397/338 402/398/339
f 660/562/463 437/524/427 434/521/424
f 436/561/462 402/398/339 100/497/400
f 400/500/403 435/523/426 438/553/455
f 464/563/464 639/567/468 506/564/465
f 138/566/467 427/568/469 639/567/468
f 427/568/469 130/531/434 441/569/470
f 639/567/468 441/569/470 158/538/440
f 463/570/471 640/549/451 427/568/469
f 696/571/472 528/872/494 535/572/473
f 457/574/475 665/546/448 640/549/451
f 640/549/451 440/530/433 130/531/434
f 173/575/476 525/578/479 641/576/477
f 525/578/479 90/1741/673 501/579/480
f 641/576/477 501/579/480 155/485/389
f 543/577/478 641/576/477 505/580/481
f 462/582/483 642/586/487 425/583/484
f 141/585/486 445/587/488 642/586/487
f 445/587/488 126/489/392 444/536/438
f 642/586/487 444/536/438 128/537/439
f 443/557/458 665/546/448 643/548/450
f 655/588/489 540/714/591 533/589/490
f 451/591/492 659/554/456 643/548/450
f 533/592/490 670/751/624 695/593/493
f 442/560/461 661/550/452 644/552/454
f 647/595/495 541/622/518 532/596/496
f 452/598/498 660/562/463 644/552/454
f 532/599/496 671/702/579 656/600/499
f 459/602/501 645/605/504 426/603/502
f 136/584/485 425/583/484 645/605/504
f 425/583/484 128/537/439 436/561/462
f 645/605/504 436/561/462 129/558/459
f 399/488/391 201/153/149 106/56/56
f 109/156/151 226/1725/1422 416/606/505
f 114/195/186 242/158/153 412/608/507
f 416/610/505 226/1724/1422 117/150/146
f 542/612/510 646/616/514 518/613/511
f 171/615/513 471/1742/515 646/616/514
f 471/617/515 137/604/503 450/618/516
f 646/619/514 450/618/516 142/620/517
f 541/622/518 647/595/495 466/623/519
f 386/624/411 647/595/495 700/597/497
f 680/626/520 374/704/581 375/627/521
f 647/595/495 386/624/411 92/629/417
f 91/630/523 414/633/526 648/631/524
f 414/633/526 125/666/538 424/634/527
f 648/631/524 424/634/527 120/635/528
f 406/632/525 648/631/524 410/636/529
f 153/638/531 485/641/534 649/639/532
f 485/641/534 152/778/646 408/642/535
f 649/639/532 408/642/535 112/643/536
f 483/640/533 649/639/532 418/644/537
f 115/609/508 412/608/507 432/646/539
f 242/158/153 123/160/155 122/648/541
f 120/649/528 422/652/544 650/650/542
f 422/652/544 119/688/569 417/653/545
f 650/650/542 417/653/545 113/654/546
f 423/651/543 650/650/542 421/655/547
f 237/210/200 407/660/551 118/611/509
f 412/608/507 122/648/541 135/657/549
f 123/219/155 233/211/201 420/658/550
f 407/660/551 237/210/200 97/208/198
f 484/661/552 651/665/553 388/662/445
f 484/661/552 153/1743/531 483/664/533
f 651/665/553 483/664/533 125/666/538
f 388/543/445 651/1744/553 414/667/526
f 122/659/541 420/658/550 430/669/554
f 233/211/201 109/156/151 110/607/506
f 116/637/530 410/636/529 652/671/555
f 410/636/529 120/635/528 423/673/543
f 652/671/555 423/673/543 121/674/548
f 415/672/556 652/671/555 411/675/557
f 458/677/559 653/679/561 445/587/488
f 140/678/560 429/680/562 653/679/561
f 429/680/562 134/683/565 433/681/563
f 653/679/561 433/681/563 126/489/392
f 431/682/564 416/610/505 118/611/509
f 420/658/550 110/607/506 132/684/566
f 125/645/538 418/644/537 654/685/567
f 418/644/537 112/643/536 409/687/568
f 654/685/567 409/687/568 119/688/569
f 424/686/527 654/685/567 422/652/544
f 384/689/404 707/713/590 655/588/489
f 383/690/402 655/588/489 701/590/491
f 683/692/570 373/756/628 371/693/571
f 682/694/572 371/693/571 376/695/573
f 103/490/393 126/489/392 433/681/563
f 431/697/564 132/684/566 110/607/506
f 130/531/434 101/529/432 394/698/575
f 407/660/551 433/681/563 134/683/565
f 1025/699/576 1260/891/714 1259/700/577
f 671/702/579 460/551/453 453/703/580
f 681/696/574 376/695/573 374/704/581
f 708/705/582 540/754/591 539/601/500
f 168/706/583 538/709/586 657/707/584
f 538/709/586 169/907/633 469/710/587
f 657/707/584 469/710/587 121/656/548
f 468/708/585 657/707/584 421/655/547
f 127/528/431 446/712/589 658/711/588
f 446/712/589 142/620/517 450/618/516
f 658/711/588 450/618/516 137/604/503
f 439/559/460 658/711/588 426/603/502
f 707/713/590 539/890/500 540/714/591
f 453/703/580 661/550/452 659/554/456
f 660/562/463 452/598/498 142/620/517
f 437/524/427 660/562/463 446/712/589
f 449/715/592 662/717/594 432/646/539
f 145/716/593 454/718/595 662/717/594
f 454/718/595 144/903/719 448/719/596
f 662/717/594 448/719/596 133/647/540
f 447/720/597 663/722/599 430/669/554
f 143/721/598 455/723/600 663/722/599
f 455/723/600 145/886/593 449/724/592
f 663/722/599 449/724/592 135/670/549
f 431/697/564 664/727/601 447/720/597
f 134/683/565 429/680/562 664/725/601
f 429/680/562 140/678/560 456/726/602
f 664/727/601 456/900/602 143/721/598
f 537/728/603 666/732/607 467/729/604
f 174/731/606 526/733/608 666/732/607
f 526/733/608 116/637/530 415/672/556
f 666/732/607 415/672/556 108/676/558
f 536/734/609 667/738/612 527/735/610
f 172/737/611 472/739/613 667/738/612
f 472/739/613 138/566/467 464/563/464
f 527/735/610 667/738/612 464/563/464
f 535/740/473 668/744/617 472/739/613
f 1028/741/614 1257/873/705 1256/742/615
f 528/594/494 695/593/493 668/744/617
f 668/744/617 463/570/471 138/566/467
f 534/745/618 669/749/622 470/746/619
f 165/748/621 517/750/623 669/749/622
f 517/750/623 141/585/486 462/582/483
f 669/749/622 462/582/483 136/584/485
f 670/751/624 461/547/449 457/574/475
f 1026/701/578 1259/700/577 1258/752/625
f 670/751/624 533/592/490 540/754/591
f 684/755/627 372/871/704 373/756/628
f 1023/757/629 1262/945/755 1261/758/630
f 671/702/579 532/599/496 541/760/518
f 169/762/633 531/765/635 672/763/634
f 531/765/635 167/730/605 467/729/604
f 672/763/634 467/729/604 108/676/558
f 469/764/587 672/763/634 411/675/557
f 165/766/621 465/769/638 673/767/636
f 465/769/638 91/630/523 406/632/525
f 673/767/636 406/632/525 116/637/530
f 530/768/637 673/767/636 526/733/608
f 529/770/639 674/772/640 471/617/515
f 170/747/620 470/746/619 674/772/640
f 470/746/619 136/584/485 459/602/501
f 674/772/640 459/602/501 137/604/503
f 413/773/641 675/777/645 475/774/642
f 111/776/644 482/1711/1420 675/777/645
f 675/777/645 482/1711/1420 152/778/646
f 475/774/642 675/777/645 485/641/534
f 479/779/647 676/782/650 481/780/648
f 149/663/443 486/1745/442 676/782/650
f 151/515/418 481/787/648 676/783/650
f 87/784/649 481/787/648 677/785/651
f 481/787/648 151/515/418 487/517/420
f 677/785/651 487/517/420 150/509/412
f 405/786/652 677/785/651 480/788/653
f 93/790/654 480/1746/653 678/791/655
f 480/788/653 150/509/412 488/511/414
f 678/793/655 488/511/414 148/506/409
f 389/792/656 678/791/655 478/795/657
f 86/797/658 478/794/657 679/798/522
f 478/794/657 148/506/409 489/320/282
f 460/551/453 671/702/579 709/761/632
f 490/322/284 680/800/520 679/798/522
f 385/625/408 700/597/497 707/713/590
f 491/248/225 681/801/574 680/800/520
f 451/591/492 708/705/582 656/600/499
f 492/250/227 682/802/572 681/801/574
f 461/547/449 670/751/624 708/705/582
f 493/317/280 683/804/570 682/802/572
f 382/691/399 701/590/491 696/571/472
f 494/297/266 684/805/627 683/804/570
f 695/593/493 457/574/475 463/570/471
f 495/299/268 685/807/660 684/805/627
f 495/299/268 147/492/395 477/806/659
f 685/808/660 477/817/659 88/809/661
f 515/811/663 686/815/667 511/812/664
f 160/814/666 496/1747/668 686/815/667
f 496/816/668 88/809/661 477/817/659
f 686/815/667 477/806/659 147/492/395
f 419/819/669 687/821/670 479/779/647
f 124/820/643 475/822/642 687/821/670
f 475/822/642 153/1743/531 484/661/552
f 687/821/670 484/661/552 149/663/443
f 164/479/384 507/478/383 688/823/671
f 507/486/383 155/485/389 501/579/480
f 688/823/671 501/1748/480 90/826/673
f 514/824/672 688/823/671 498/827/674
f 504/829/676 689/1749/679 428/830/677
f 159/565/466 506/564/465 689/832/679
f 506/564/465 158/538/440 503/539/441
f 689/832/679 503/539/441 131/834/457
f 441/569/470 394/698/575 157/532/435
f 101/529/432 95/70/70 200/399/340
f 394/698/575 200/399/340 156/395/336
f 931/836/680 932/972/782 810/837/681
f 513/839/683 690/840/684 509/482/387
f 163/813/665 511/812/664 690/840/684
f 511/812/664 147/492/395 378/491/394
f 690/840/684 378/491/394 89/841/685
f 476/842/686 691/846/690 497/843/687
f 146/845/689 499/860/691 691/846/690
f 499/847/691 163/813/665 513/839/683
f 691/848/690 513/839/683 161/480/385
f 512/850/692 692/857/695 500/851/693
f 512/853/692 164/479/384 514/824/672
f 514/855/672 162/1750/675 510/856/696
f 692/857/695 510/856/696 84/858/697
f 368/859/698 693/862/700 499/860/691
f 83/861/699 508/863/701 693/862/700
f 508/863/701 160/1751/666 515/864/663
f 693/862/700 515/864/663 163/865/665
f 369/866/702 694/870/703 512/853/692
f 85/844/688 497/843/687 694/868/703
f 497/849/687 161/480/385 516/477/382
f 694/870/703 516/477/382 164/479/384
f 684/755/627 685/808/660 370/810/662
f 701/590/491 533/589/490 528/872/494
f 1027/753/626 1258/752/625 1257/873/705
f 381/803/396 696/571/472 703/573/474
f 403/875/422 697/880/707 523/876/706
f 107/545/447 522/879/708 697/878/707
f 522/879/708 170/747/620 529/770/639
f 697/880/707 529/1752/639 171/615/513
f 141/585/486 517/750/623 698/881/709
f 517/882/623 165/766/621 530/768/637
f 698/883/709 530/768/637 174/731/606
f 458/677/559 698/881/709 474/885/710
f 145/886/593 455/723/600 699/887/711
f 455/723/600 143/721/598 519/889/713
f 699/887/711 519/889/713 167/730/605
f 521/888/712 699/887/711 531/765/635
f 700/597/497 532/596/496 539/890/500
f 1024/759/631 1261/758/630 1260/891/714
f 379/544/446 702/892/715 522/879/708
f 91/668/523 465/893/638 702/892/715
f 465/893/638 165/748/621 534/745/618
f 702/892/715 534/745/618 170/747/620
f 380/874/390 703/573/474 524/894/716
f 703/573/474 535/572/473 172/896/611
f 377/897/388 704/898/717 505/580/481
f 89/895/685 524/894/716 704/898/717
f 524/894/716 172/896/611 536/899/609
f 704/898/717 536/899/609 175/581/482
f 456/900/602 705/902/718 519/889/713
f 140/678/560 474/885/710 705/901/718
f 474/884/710 174/731/606 537/728/603
f 705/902/718 537/728/603 167/730/605
f 144/903/719 454/718/595 706/904/720
f 454/718/595 145/716/593 521/906/712
f 706/904/720 521/906/712 169/907/633
f 520/905/721 706/904/720 538/709/586
f 452/598/498 709/761/632 518/621/511
f 709/761/632 541/760/518 166/908/512
f 390/513/416 710/1753/722 466/909/519
f 94/877/423 523/876/706 710/910/722
f 523/876/706 171/615/513 542/612/510
f 710/910/722 542/612/510 166/614/512
f 139/831/678 473/913/724 711/912/723
f 473/913/724 173/575/476 543/577/478
f 711/912/723 543/577/478 175/581/482
f 504/833/676 711/1754/723 527/735/610
f 1051/915/725 1255/918/728 1042/916/726
f 1255/918/728 896/921/731 774/919/729
f 1044/920/730 718/1254/1052 896/921/731
f 779/922/732 1044/920/730 1255/918/728
f 1257/873/705 900/929/739 899/923/733
f 1256/742/615 897/925/735 766/924/734
f 899/923/733 718/1254/1052 897/925/735
f 914/926/736 921/942/752 929/927/737
f 1258/752/625 901/933/743 900/929/739
f 978/930/740 928/963/773 729/931/741
f 1259/700/577 902/937/747 901/933/743
f 925/934/744 920/977/787 809/935/745
f 1260/891/714 903/941/751 902/937/747
f 917/938/748 922/967/777 930/939/749
f 1261/758/630 904/946/756 903/941/751
f 921/942/752 914/926/736 913/943/753
f 1262/945/755 905/950/760 904/946/756
f 919/947/757 927/971/781 728/936/746
f 767/948/758 906/949/759 1262/945/755
f 906/949/759 721/954/764 905/950/760
f 769/951/761 910/955/765 1263/952/762
f 1022/953/763 1263/952/762 906/949/759
f 1263/952/762 909/956/766 721/954/764
f 910/955/765 723/960/770 909/956/766
f 770/957/767 934/961/771 1264/958/768
f 1021/959/769 1264/958/768 910/955/765
f 1264/958/768 933/962/772 723/960/770
f 934/961/771 730/991/801 933/962/772
f 928/963/773 912/1054/864 817/964/774
f 971/965/775 927/971/781 930/939/749
f 968/966/776 930/939/749 922/967/777
f 972/969/779 926/973/783 929/927/737
f 927/971/781 919/947/757 918/940/750
f 729/931/741 817/964/774 932/972/782
f 926/973/783 916/982/792 915/928/738
f 927/971/781 971/965/775 746/974/784
f 924/944/754 913/943/753 806/975/785
f 724/838/682 810/837/681 920/977/787
f 973/978/788 925/934/744 728/936/746
f 1037/979/789 1036/984/794 807/980/790
f 922/967/777 917/938/748 916/982/792
f 775/983/793 867/1248/1046 1036/984/794
f 1038/985/795 1037/979/789 726/981/791
f 928/963/773 978/930/740 745/987/797
f 1020/989/799 1265/990/800 934/961/771
f 1265/990/800 898/993/803 730/991/801
f 907/992/802 720/1073/883 898/993/803
f 768/994/804 907/992/802 1265/990/800
f 1292/995/805 977/1006/816 974/996/806
f 1292/995/805 991/1018/828 995/998/808
f 1288/1000/810 976/968/778 972/969/779
f 1288/1000/810 987/1143/946 994/1002/812
f 974/996/806 924/944/754 725/976/786
f 776/1005/815 775/983/793 1037/979/789
f 977/1006/816 921/942/752 924/944/754
f 976/968/778 922/967/777 926/973/783
f 748/1007/817 724/838/682 925/934/744
f 1286/1001/811 972/969/779 969/970/780
f 970/1008/818 931/836/680 724/838/682
f 1287/1009/819 971/965/775 968/966/776
f 969/970/780 929/927/737 921/942/752
f 747/932/742 729/931/741 931/836/680
f 998/1010/820 1266/1013/823 1041/1011/821
f 1266/1013/823 975/1015/825 776/1005/815
f 961/1014/824 749/1004/814 975/1015/825
f 757/1016/826 961/1014/824 1266/1013/823
f 997/1017/827 1267/997/807 961/1014/824
f 1267/997/807 974/996/806 749/1004/814
f 991/1018/828 1292/995/805 1267/997/807
f 1323/1019/829 1063/1037/847 1070/1020/830
f 791/1022/832 1060/1027/837 1268/1023/833
f 1078/1024/834 1268/1023/833 1040/1025/835
f 1268/1023/833 1035/1028/838 774/919/729
f 1060/1027/837 719/1242/1040 1035/1028/838
f 996/1029/839 1269/1032/842 959/1030/840
f 1269/1032/842 978/930/740 747/932/742
f 979/1033/843 745/987/797 978/930/740
f 760/1034/844 979/1033/843 1269/1032/842
f 977/1006/816 1292/995/805 1270/999/809
f 1068/1035/845 1297/1188/989 1322/1036/846
f 985/1038/848 1286/1001/811 1270/999/809
f 1282/1039/849 1075/1152/955 1068/1035/845
f 976/968/778 1288/1000/810 1271/1003/813
f 1067/1041/851 1298/1142/945 1283/1042/852
f 986/1044/854 1287/1009/819 1271/1003/813
f 1274/1045/855 1076/1068/878 1067/1041/851
f 993/1047/857 1272/1050/860 960/1048/858
f 1272/1050/860 970/1008/818 748/1007/817
f 959/1030/840 747/932/742 970/1008/818
f 755/1031/841 959/1030/840 1272/1050/860
f 828/1051/861 738/1103/912 949/1052/862
f 912/1054/864 928/963/773 727/988/798
f 949/1052/862 732/1105/914 820/1056/866
f 953/1057/867 834/1456/918 742/1058/868
f 1077/1060/870 1273/1063/873 1053/1061/871
f 1273/1063/873 984/1066/876 761/1064/874
f 1005/1065/875 756/1049/859 984/1066/876
f 789/1067/877 1005/1065/875 1273/1063/873
f 1076/1068/878 1274/1045/855 1000/1069/879
f 1274/1045/855 905/950/760 721/954/764
f 1307/1070/880 893/1141/944 894/1071/881
f 905/950/760 1274/1045/855 1327/1046/856
f 720/1073/883 946/1079/889 1275/1074/884
f 936/1075/885 1275/1074/884 941/1076/886
f 1275/1074/884 958/1080/890 740/1078/888
f 946/1079/889 744/1109/895 958/1080/890
f 772/1081/891 1019/1087/897 1276/1082/892
f 1017/1083/893 1276/1082/892 951/1084/894
f 1276/1082/892 939/1088/898 734/1086/896
f 1019/1087/897 771/1211/1009 939/1088/898
f 943/1059/869 736/1100/909 825/1089/899
f 943/1059/869 742/1058/868 754/1090/900
f 740/1092/888 956/1098/907 1277/1093/902
f 957/1094/903 1277/1093/902 955/1095/904
f 1277/1093/902 950/1099/908 735/1097/906
f 956/1098/907 739/1129/932 950/1099/908
f 966/1091/901 752/1155/958 736/1100/909
f 808/1055/865 727/988/798 938/1101/910
f 738/1103/912 828/1051/861 948/1102/911
f 944/1104/913 820/1056/866 732/1105/914
f 1018/1107/916 1278/1108/917 907/992/802
f 907/992/802 1278/1108/917 946/1079/889
f 1278/1108/917 1017/1110/893 744/1109/895
f 1018/1107/916 772/1755/891 1017/1110/893
f 954/1106/915 742/1125/868 834/1111/918
f 954/1106/915 732/1105/914 751/1112/919
f 737/1077/887 941/1076/886 1279/1114/921
f 947/1115/922 1279/1114/921 942/1116/923
f 1279/1114/921 957/1119/903 741/1118/905
f 941/1076/886 740/1078/888 957/1119/903
f 992/1120/925 1280/1121/926 979/1033/843
f 1280/1121/926 967/1123/928 745/987/797
f 963/1122/927 753/1136/939 967/1123/928
f 759/1124/929 963/1122/927 1280/1121/926
f 964/1113/920 754/1161/900 742/1125/868
f 965/1126/930 751/1112/919 732/1105/914
f 744/1085/895 951/1084/894 1281/1127/931
f 958/1128/890 1281/1127/931 956/1098/907
f 1281/1127/931 940/1130/933 739/1129/932
f 951/1084/894 734/1086/896 940/1130/933
f 903/941/751 1334/1151/954 1282/1039/849
f 1309/1131/934 890/1135/938 895/1132/935
f 1310/1134/937 892/1190/991 890/1135/938
f 902/937/747 1282/1039/849 1328/1040/850
f 738/1103/912 753/1136/939 965/1126/930
f 753/1136/939 738/1103/912 938/1101/910
f 727/988/798 745/987/797 967/1123/928
f 975/1015/825 923/1247/1045 775/983/793
f 1202/1137/940 1203/1191/992 1343/1138/941
f 1335/1140/943 1075/1152/955 1074/1043/853
f 1308/1133/936 895/1132/935 893/1141/944
f 1298/1142/945 994/1002/812 987/1143/946
f 786/1144/947 1073/1147/950 1284/1145/948
f 1002/1146/949 1284/1145/948 955/1095/904
f 1284/1145/948 1003/1148/951 741/1096/905
f 1073/1147/950 787/1292/998 1003/1148/951
f 746/974/784 980/1150/953 1285/1149/952
f 973/978/788 1285/1149/952 960/1048/858
f 1285/1149/952 984/1066/876 756/1049/859
f 980/1150/953 761/1064/874 984/1066/876
f 987/1143/946 1288/1000/810 1286/1001/811
f 1334/1151/954 1074/1043/853 1075/1152/955
f 971/965/775 1287/1009/819 980/1150/953
f 1287/1009/819 986/1044/854 761/1064/874
f 983/1153/956 1289/1154/957 966/1091/901
f 1289/1154/957 982/1157/960 752/1155/958
f 988/1156/959 763/1289/1086 982/1157/960
f 764/1158/961 988/1156/959 1289/1154/957
f 981/1159/962 1290/1160/963 964/1113/920
f 1290/1160/963 983/1163/956 754/1161/900
f 989/1162/964 764/1280/961 983/1163/956
f 762/1164/965 989/1162/964 1290/1160/963
f 965/1126/930 1291/1165/966 981/1159/962
f 1291/1165/966 990/1166/967 762/1164/965
f 963/1122/927 759/1124/929 990/1166/967
f 753/1136/939 963/1122/927 1291/1165/966
f 1072/1167/968 1293/1170/971 1001/1168/969
f 1293/1170/971 947/1115/922 731/1117/924
f 1061/1171/972 737/1077/887 947/1115/922
f 792/1172/973 1061/1171/972 1293/1170/971
f 1071/1173/974 1294/1176/977 1062/1174/975
f 1062/1174/975 1294/1176/977 998/1010/820
f 1006/1175/976 757/1016/826 998/1010/820
f 790/1177/978 1006/1175/976 1294/1176/977
f 1070/1020/830 1295/1178/979 1006/1175/976
f 1295/1178/979 997/1017/827 757/1016/826
f 1063/1037/847 1322/1036/846 1295/1178/979
f 1205/1179/980 1206/1312/1107 1340/1180/981
f 1069/1182/983 1296/1185/986 1004/1183/984
f 1296/1185/986 996/1029/839 755/1031/841
f 1052/1186/987 760/1034/844 996/1029/839
f 783/1187/988 1052/1186/987 1296/1185/986
f 1297/1188/989 995/998/808 991/1018/828
f 1311/1189/990 891/1273/1071 892/1190/991
f 1297/1188/989 1068/1035/845 1075/1152/955
f 1203/1191/992 1204/1274/1072 1342/1192/993
f 1298/1142/945 1067/1041/851 1076/1068/878
f 1200/1194/995 1201/1284/1081 1345/1195/996
f 787/1197/998 1066/1200/1000 1299/1198/999
f 1003/1199/951 1299/1198/999 942/1116/923
f 1299/1198/999 1001/1168/969 731/1117/924
f 1066/1200/1000 785/1169/970 1001/1168/969
f 783/1187/988 999/1203/1003 1300/1201/1001
f 1065/1202/1002 1300/1201/1001 1061/1171/972
f 1300/1201/1001 936/1075/885 737/1077/887
f 999/1203/1003 720/1073/883 936/1075/885
f 1064/1204/1004 1301/1205/1005 1005/1065/875
f 1301/1205/1005 993/1047/857 756/1049/859
f 1004/1183/984 755/1031/841 993/1047/857
f 788/1184/985 1004/1183/984 1301/1205/1005
f 743/1206/1006 945/1213/1011 1302/1207/1007
f 1009/1209/1008 1302/1210/1007 1019/1087/897
f 1302/1210/1007 1016/1678/1418 771/1211/1009
f 733/1212/1010 1016/1756/1418 1302/1207/1007
f 1013/1214/1012 1303/1217/1015 1015/1215/1013
f 770/957/767 1015/1215/1013 1303/1217/1015
f 768/994/804 1020/989/799 1303/1217/1015
f 716/1216/1014 1015/1215/1013 1304/1218/1016
f 935/1219/1017 1304/1218/1016 1014/1220/1018
f 1304/1218/1016 1021/959/769 769/951/761
f 1015/1215/1013 770/957/767 1021/959/769
f 722/1221/1019 1014/1220/1018 1305/1222/1020
f 908/1223/1021 1305/1222/1020 1012/1224/1022
f 1305/1222/1020 1022/953/763 767/948/758
f 1014/1220/1018 769/951/761 1022/953/763
f 715/1225/1023 1012/1224/1022 1306/1072/882
f 1024/759/631 1307/1070/880 1306/1072/882
f 994/1002/812 1298/1142/945 1336/1193/994
f 1012/1224/1022 767/948/758 1023/757/629
f 1025/699/576 1308/1133/936 1307/1070/880
f 904/946/756 1327/1046/856 1334/1151/954
f 1026/701/578 1309/1131/934 1308/1133/936
f 985/1038/848 1335/1140/943 1283/1042/852
f 1027/753/626 1310/1134/937 1309/1131/934
f 995/998/808 1297/1188/989 1335/1140/943
f 1028/741/614 1311/1189/990 1310/1134/937
f 901/933/743 1328/1040/850 1323/1019/829
f 1029/743/616 1312/1226/1024 1311/1189/990
f 1322/1036/846 991/1018/828 997/1017/827
f 1312/1226/1024 1011/1229/1027 717/1227/1025
f 1029/743/616 766/924/734 1011/1229/1027
f 1050/1230/1028 1313/1233/1031 1046/1231/1029
f 1313/1233/1031 1011/1229/1027 766/924/734
f 1030/1234/1032 717/1227/1025 1011/1229/1027
f 778/1235/1033 1030/1234/1032 1313/1233/1031
f 952/1236/1034 1314/1237/1035 1013/1214/1012
f 1314/1237/1035 1018/1107/916 768/994/804
f 1009/1208/1008 772/1755/891 1018/1107/916
f 743/1206/1006 1009/1208/1008 1314/1237/1035
f 782/917/727 1042/916/726 1315/1238/1036
f 1049/1239/1037 1315/1238/1036 1032/1240/1038
f 1315/1238/1036 1035/1028/838 719/1242/1040
f 1042/916/726 774/919/729 1035/1028/838
f 1039/1243/1041 1316/1246/1044 962/1244/1042
f 1316/1246/1044 1038/985/795 750/986/796
f 1041/1011/821 776/1005/815 1038/985/795
f 777/1012/822 1041/1011/821 1316/1246/1044
f 923/1247/1045 911/1251/1049 867/1248/1046
f 749/1004/814 725/976/786 923/1247/1045
f 932/972/782 817/964/774 816/1249/1047
f 725/976/786 806/975/785 911/1251/1049
f 1048/1252/1050 1317/1253/1051 1044/920/730
f 1317/1253/1051 897/925/735 718/1254/1052
f 1046/1231/1029 766/924/734 897/925/735
f 781/1232/1030 1046/1231/1029 1317/1253/1051
f 1010/1255/1053 1318/1258/1056 1031/1256/1054
f 1318/1258/1056 1048/1252/1050 779/922/732
f 1033/1259/1057 781/1232/1030 1048/1252/1050
f 765/1260/1058 1033/1259/1057 1318/1258/1056
f 1047/1261/1059 1319/1264/1062 1034/1262/1060
f 1319/1264/1062 1045/1266/1064 713/1265/1063
f 1049/1239/1037 780/1241/1039 1045/1266/1064
f 1047/1261/1059 782/917/727 1049/1239/1037
f 887/1267/1065 1320/1268/1066 1033/1259/1057
f 1320/1268/1066 1050/1230/1028 781/1232/1030
f 1043/1269/1067 778/1235/1033 1050/1230/1028
f 712/1270/1068 1043/1269/1067 1320/1268/1066
f 888/1271/1069 1321/1272/1070 1047/1261/1059
f 1321/1272/1070 1051/915/725 782/917/727
f 1031/1256/1054 779/922/732 1051/915/725
f 714/1257/1055 1031/1256/1054 1321/1272/1070
f 1311/1189/990 1312/1226/1024 889/1228/1026
f 900/929/739 1323/1019/829 1330/1021/831
f 1204/1274/1072 1205/1179/980 1341/1181/982
f 1328/1040/850 1068/1035/845 1063/1037/847
f 933/962/772 1324/1276/1074 1058/1275/1073
f 1324/1276/1074 1064/1204/1004 789/1067/877
f 1057/1277/1075 788/1184/985 1064/1204/1004
f 730/991/801 1057/1277/1075 1324/1276/1074
f 760/1034/844 1052/1186/987 1325/1278/1076
f 992/1120/925 1325/1278/1076 1008/1279/1077
f 1325/1278/1076 1065/1202/1002 792/1172/973
f 1052/1186/987 783/1187/988 1065/1202/1002
f 764/1280/961 989/1162/964 1326/1281/1078
f 1056/1282/1079 1326/1281/1078 1066/1200/1000
f 1326/1281/1078 1054/1283/1080 785/1169/970
f 989/1162/964 762/1164/965 1054/1283/1080
f 1327/1046/856 1067/1041/851 1074/1043/853
f 1201/1284/1081 1202/1137/940 1344/1139/942
f 898/993/803 1329/1285/1082 1057/1277/1075
f 1329/1285/1082 1069/1182/983 788/1184/985
f 999/1203/1003 783/1187/988 1069/1182/983
f 720/1073/883 999/1203/1003 1329/1285/1082
f 899/923/733 1330/1021/831 1059/1286/1083
f 1330/1021/831 1070/1020/830 790/1177/978
f 896/921/731 1331/1287/1084 1040/1025/835
f 1331/1287/1084 1071/1173/974 793/1026/836
f 1059/1286/1083 790/1177/978 1071/1173/974
f 718/1254/1052 1059/1286/1083 1331/1287/1084
f 990/1166/967 1332/1288/1085 1054/1283/1080
f 1332/1288/1085 1072/1167/968 785/1169/970
f 1008/1279/1077 792/1172/973 1072/1167/968
f 759/1124/929 1008/1279/1077 1332/1288/1085
f 763/1289/1086 988/1156/959 1333/1290/1087
f 1055/1291/1088 1333/1290/1087 1073/1147/950
f 1333/1290/1087 1056/1293/1079 787/1292/998
f 988/1156/959 764/1158/961 1056/1293/1079
f 986/1044/854 1336/1193/994 1053/1061/871
f 1336/1193/994 1076/1068/878 784/1062/872
f 909/956/766 1337/1294/1089 1000/1069/879
f 1337/1294/1089 1077/1060/870 784/1062/872
f 1058/1275/1073 789/1067/877 1077/1060/870
f 723/960/770 1058/1275/1073 1337/1294/1089
f 758/1245/1043 1007/1296/1091 1338/1295/1090
f 1039/1243/1041 1338/1295/1090 1062/1174/975
f 1338/1295/1090 1078/1024/834 793/1026/836
f 1007/1296/1091 791/1022/832 1078/1024/834
f 1218/1297/1092 1339/1300/1095 1227/1298/1093
f 1339/1300/1095 1220/1303/1098 872/1301/1096
f 1088/1302/1097 800/1607/1381 1220/1303/1098
f 866/1304/1099 1088/1302/1097 1339/1300/1095
f 1341/1181/982 1340/1180/981 1091/1305/1100
f 1110/1307/1102 814/1341/1136 837/1308/1103
f 1089/1310/1105 800/1607/1381 1091/1305/1100
f 858/1311/1106 1089/1310/1105 1340/1180/981
f 1342/1192/993 1341/1181/982 1092/1306/1101
f 1103/1314/1109 1106/1349/1144 913/943/753
f 1343/1138/941 1342/1192/993 1093/1313/1108
f 920/977/787 810/837/681 811/1316/1111
f 1344/1139/942 1343/1138/941 1094/1315/1110
f 914/926/736 915/928/738 1111/1319/1114
f 1345/1195/996 1344/1139/942 1095/1318/1113
f 1104/1321/1116 1108/1323/1118 916/982/792
f 1346/1196/997 1345/1195/996 1096/1320/1115
f 1108/1323/1118 1111/1319/1114 915/928/738
f 859/1324/1119 1200/1194/995 1346/1196/997
f 1098/1325/1120 1346/1196/997 1097/1322/1117
f 861/1327/1122 1199/1332/1127 1347/1328/1123
f 1102/1329/1124 1347/1328/1123 1101/1330/1125
f 1347/1328/1123 1098/1325/1120 803/1326/1121
f 1199/1332/1127 859/1324/1119 1098/1325/1120
f 862/1333/1128 1198/1338/1133 1348/1334/1129
f 1115/1335/1130 1348/1334/1129 1114/1336/1131
f 1348/1334/1129 1102/1329/1124 805/1331/1126
f 1198/1338/1133 861/1327/1122 1102/1329/1124
f 1104/1321/1116 1112/1344/1139 1145/1339/1134
f 912/1054/864 808/1055/865 814/1341/1136
f 1103/1314/1109 1111/1319/1114 1146/1342/1137
f 1112/1344/1139 1109/1347/1142 1148/1345/1140
f 1113/1250/1048 811/1316/1111 810/837/681
f 919/947/757 809/935/745 815/1346/1141
f 1109/1347/1142 1112/1344/1139 918/940/750
f 1109/1347/1142 815/1346/1141 838/1348/1143
f 1107/1317/1112 815/1346/1141 809/935/745
f 1106/1349/1144 812/1351/1146 806/975/785
f 1151/1350/1145 841/1389/1184 812/1351/1146
f 1036/984/794 867/1248/1046 868/1352/1147
f 1213/1353/1148 813/1370/1165 807/980/790
f 917/938/748 918/940/750 1112/1344/1139
f 1155/1309/1104 839/1374/1169 816/1249/1047
f 1213/1353/1148 868/1352/1147 869/1354/1149
f 1115/1335/1130 1349/1357/1152 1197/1356/1151
f 1349/1357/1152 1099/1360/1155 860/1358/1153
f 1090/1359/1154 802/1437/1232 1099/1360/1155
f 818/1337/1132 1090/1359/1154 1349/1357/1152
f 1376/1361/1156 1354/1373/1168 1172/1362/1157
f 1151/1350/1145 1154/1343/1138 1376/1361/1156
f 1372/1365/1160 1355/1377/1172 1171/1366/1161
f 1149/1368/1163 1153/1340/1135 1372/1365/1160
f 1214/1355/1150 842/1603/1378 813/1370/1165
f 1106/1349/1144 1103/1314/1109 1154/1343/1138
f 1107/1317/1112 811/1316/1111 840/1371/1166
f 1150/1372/1167 838/1348/1143 815/1346/1141
f 1108/1323/1118 1104/1321/1116 1153/1340/1135
f 1146/1342/1137 1149/1368/1163 1370/1369/1164
f 1113/1250/1048 816/1249/1047 839/1374/1169
f 1145/1339/1134 1148/1345/1140 1371/1376/1171
f 1147/1375/1170 840/1371/1166 811/1316/1111
f 1111/1319/1114 1108/1323/1118 1149/1368/1163
f 1217/1378/1173 1350/1381/1176 1175/1379/1174
f 1350/1381/1176 1138/1384/1179 849/1382/1177
f 1152/1383/1178 841/1389/1184 1138/1384/1179
f 869/1354/1149 1152/1383/1178 1350/1381/1176
f 1138/1384/1179 1351/1364/1159 1174/1385/1180
f 1246/1386/1181 1239/1408/1203 1407/1387/1182
f 1351/1364/1159 1376/1361/1156 1168/1363/1158
f 841/1389/1184 1151/1350/1145 1351/1364/1159
f 884/1390/1185 1254/1395/1190 1352/1391/1186
f 1236/1392/1187 1352/1391/1186 1212/1393/1188
f 1352/1391/1186 1216/1396/1191 866/1304/1099
f 1254/1395/1190 886/1534/1317 1216/1396/1191
f 1136/1397/1192 1353/1400/1195 1173/1398/1193
f 1353/1400/1195 1156/1402/1197 852/1401/1196
f 1155/1309/1104 837/1308/1103 1156/1402/1197
f 839/1374/1169 1155/1309/1104 1353/1400/1195
f 1154/1343/1138 1146/1342/1137 1354/1373/1168
f 1244/1403/1198 1251/1512/1296 1366/1404/1199
f 1354/1373/1168 1370/1369/1164 1162/1406/1201
f 1406/1407/1202 1381/1546/1328 1244/1403/1198
f 1153/1340/1135 1145/1339/1134 1355/1377/1172
f 1243/1409/1204 1252/1433/1228 1358/1410/1205
f 1355/1377/1172 1371/1376/1171 1163/1412/1207
f 1367/1413/1208 1382/1499/1284 1243/1409/1204
f 1137/1415/1210 1356/1418/1213 1170/1416/1211
f 1356/1418/1213 1136/1397/1192 847/1399/1194
f 1147/1375/1170 839/1374/1169 1136/1397/1192
f 840/1371/1166 1147/1375/1170 1356/1418/1213
f 1110/1307/1102 816/1249/1047 817/964/774
f 1127/1419/1214 937/1053/863 820/1056/866
f 1123/1421/1216 953/1057/867 825/1089/899
f 828/1051/861 937/1053/863 1127/1419/1214
f 1229/1424/1219 1357/1427/1222 1253/1425/1220
f 1357/1427/1222 1182/1430/1225 882/1428/1223
f 1161/1429/1224 848/1417/1212 1182/1430/1225
f 853/1431/1226 1161/1429/1224 1357/1427/1222
f 1177/1432/1227 1358/1410/1205 1252/1433/1228
f 1411/1411/1206 1358/1410/1205 1097/1322/1117
f 1391/1434/1229 1390/1581/1358 1086/1435/1230
f 803/1326/1121 1097/1322/1117 1358/1410/1205
f 802/1437/1232 1117/1443/1238 1359/1438/1233
f 1125/1439/1234 1359/1438/1233 1135/1440/1235
f 1359/1438/1233 1121/1444/1239 831/1442/1237
f 1117/1443/1238 827/1475/1264 1121/1444/1239
f 864/1445/1240 1194/1451/1246 1360/1446/1241
f 1196/1447/1242 1360/1446/1241 1119/1448/1243
f 1360/1446/1241 1129/1452/1247 823/1450/1245
f 1194/1451/1246 836/1488/1236 1129/1452/1247
f 1143/1453/1248 1123/1421/1216 826/1422/1217
f 953/1057/867 1123/1421/1216 833/1455/1250
f 831/1457/1237 1134/1463/1256 1361/1458/1251
f 1133/1459/1252 1361/1458/1251 1128/1460/1253
f 1361/1458/1251 1132/1464/1257 824/1462/1255
f 1134/1463/1256 832/1507/1266 1132/1464/1257
f 948/1102/911 828/1051/861 829/1423/1218
f 1123/1421/1216 1143/1453/1248 846/1466/1259
f 1131/1467/1260 944/1104/913 834/1111/918
f 808/1055/865 948/1102/911 1118/1465/1258
f 1099/1360/1155 1362/1472/1262 1195/1469/1261
f 1195/1469/1261 1362/1472/1262 1194/1470/1246
f 1362/1472/1262 1125/1439/1234 836/1441/1236
f 1099/1360/1155 802/1437/1232 1125/1439/1234
f 1141/1473/1263 1131/1467/1260 833/1468/1250
f 944/1104/913 1131/1467/1260 821/1420/1215
f 827/1475/1264 1126/1479/1267 1363/1476/1265
f 1121/1444/1239 1363/1476/1265 1134/1477/1256
f 1363/1476/1265 1122/1480/1268 832/1478/1266
f 1126/1479/1267 819/1531/1314 1122/1480/1268
f 1156/1402/1197 1364/1482/1270 1169/1481/1269
f 1364/1482/1270 1140/1485/1273 851/1483/1271
f 1144/1484/1272 845/1497/1283 1140/1485/1273
f 837/1308/1103 1144/1484/1272 1364/1482/1270
f 1142/1486/1274 845/1497/1283 829/1423/1218
f 1131/1467/1260 1141/1473/1263 843/1487/1275
f 836/1488/1236 1135/1491/1235 1365/1489/1276
f 1129/1452/1247 1365/1489/1276 1120/1490/1277
f 1365/1489/1276 1133/1459/1252 830/1461/1254
f 1135/1491/1235 831/1457/1237 1133/1459/1252
f 1366/1404/1199 1418/1511/1295 1095/1318/1113
f 1412/1405/1200 1366/1404/1199 1094/1315/1110
f 1082/1492/1278 1084/1549/1330 1394/1493/1279
f 1393/1494/1280 1392/1500/1285 1087/1495/1281
f 1144/1484/1272 837/1308/1103 814/1341/1136
f 821/1420/1215 843/1487/1275 1142/1486/1274
f 1105/1496/1282 812/1351/1146 841/1389/1184
f 845/1497/1283 1144/1484/1272 1118/1465/1258
f 179/1498/222 184/1636/221 895/1132/935
f 1164/1367/1162 1171/1366/1161 1382/1499/1284
f 1085/1436/1231 1087/1495/1281 1392/1500/1285
f 1250/1414/1209 1251/1512/1296 1419/1501/1286
f 879/1502/1287 1179/1508/1292 1368/1503/1288
f 1249/1504/1289 1368/1503/1288 1180/1505/1290
f 1368/1503/1288 1132/1464/1257 832/1507/1266
f 1179/1508/1292 824/1462/1255 1132/1464/1257
f 838/1348/1143 1150/1372/1167 1369/1509/1293
f 1157/1510/1294 1369/1509/1293 1161/1429/1224
f 1369/1509/1293 1137/1415/1210 848/1417/1212
f 1150/1372/1167 840/1371/1166 1137/1415/1210
f 1418/1511/1295 1366/1404/1199 1251/1512/1296
f 1370/1369/1164 1372/1365/1160 1164/1367/1162
f 1371/1376/1171 1157/1510/1294 853/1431/1226
f 1148/1345/1140 838/1348/1143 1157/1510/1294
f 1143/1453/1248 1373/1514/1298 1160/1513/1297
f 1373/1514/1298 1165/1517/1301 856/1515/1299
f 1159/1516/1300 855/1641/1412 1165/1517/1301
f 844/1454/1249 1159/1516/1300 1373/1514/1298
f 1141/1473/1263 1374/1519/1303 1158/1518/1302
f 1374/1519/1303 1166/1522/1305 854/1520/1304
f 1160/1521/1297 856/1632/1299 1166/1522/1305
f 846/1474/1259 1160/1521/1297 1374/1519/1303
f 1158/1518/1302 1375/1523/1306 1142/1486/1274
f 1375/1523/1306 1140/1485/1273 845/1497/1283
f 1167/1524/1307 851/1483/1271 1140/1485/1273
f 854/1520/1304 1167/1524/1307 1375/1523/1306
f 1178/1525/1308 1377/1528/1311 1248/1526/1309
f 1377/1528/1311 1237/1530/1313 885/1529/1312
f 1126/1479/1267 827/1475/1264 1237/1530/1313
f 819/1531/1314 1126/1479/1267 1377/1528/1311
f 1238/1532/1315 1378/1535/1318 1247/1533/1316
f 1378/1535/1318 1183/1537/1320 883/1536/1319
f 1175/1379/1174 849/1382/1177 1183/1537/1320
f 1238/1532/1315 870/1380/1175 1175/1379/1174
f 1183/1537/1320 1379/1539/1321 1246/1386/1181
f 178/1538/319 180/1626/278 891/1273/1071
f 1379/1539/1321 1406/1407/1202 1239/1408/1203
f 849/1382/1177 1174/1385/1180 1379/1539/1321
f 1181/1540/1322 1380/1543/1325 1245/1541/1323
f 1380/1543/1325 1228/1545/1327 876/1544/1326
f 1173/1398/1193 852/1401/1196 1228/1545/1327
f 847/1399/1194 1173/1398/1193 1380/1543/1325
f 1168/1363/1158 1172/1362/1157 1381/1546/1328
f 181/1547/277 179/1498/222 890/1135/938
f 1251/1512/1296 1244/1403/1198 1381/1546/1328
f 1395/1548/1329 1394/1493/1279 1084/1549/1330
f 183/1551/167 894/1071/881 893/1141/944
f 1252/1433/1228 1243/1409/1204 1382/1499/1284
f 880/1554/1291 1180/1557/1290 1383/1555/1333
f 1242/1556/1334 1383/1555/1333 1178/1525/1308
f 1383/1555/1333 1122/1480/1268 819/1531/1314
f 1180/1557/1290 832/1478/1266 1122/1480/1268
f 876/1544/1326 1241/1560/1337 1384/1558/1335
f 1176/1559/1336 1384/1558/1335 1117/1443/1238
f 1384/1558/1335 1237/1530/1313 827/1475/1264
f 1241/1560/1337 885/1529/1312 1237/1530/1313
f 1182/1430/1225 1385/1562/1339 1240/1561/1338
f 1385/1562/1339 1181/1540/1322 881/1542/1324
f 1170/1416/1211 847/1399/1194 1181/1540/1322
f 848/1417/1212 1170/1416/1211 1385/1562/1339
f 835/1563/1340 1186/1568/1345 1386/1564/1341
f 1386/1564/1341 1193/1567/1344 822/1566/1343
f 1386/1564/1341 1196/1447/1242 863/1449/1244
f 1186/1568/1345 864/1445/1240 1196/1447/1242
f 1192/1569/1346 1387/1572/1349 1190/1570/1347
f 860/1358/1153 1190/1570/1347 1387/1572/1349
f 862/1333/1128 1197/1356/1151 1387/1572/1349
f 798/1571/1348 1116/1574/1351 1388/1573/1350
f 1192/1569/1346 1388/1573/1350 1198/1338/1133
f 1388/1573/1350 1191/1575/1352 861/1327/1122
f 1116/1574/1351 804/1576/1353 1191/1575/1352
f 804/1576/1353 1100/1578/1355 1389/1577/1354
f 1191/1575/1352 1389/1577/1354 1199/1332/1127
f 1389/1577/1354 1189/1579/1356 859/1324/1119
f 1100/1578/1355 797/1580/1357 1189/1579/1356
f 797/1580/1357 1086/1435/1230 1390/1581/1358
f 1189/1579/1356 1390/1581/1358 1200/1194/995
f 1420/1553/1332 1382/1499/1284 1171/1366/1161
f 1390/1581/1358 1391/1434/1229 1201/1284/1081
f 1418/1511/1295 1411/1411/1206 1096/1320/1115
f 1391/1434/1229 1392/1500/1285 1202/1137/940
f 1367/1413/1208 1419/1501/1286 1162/1406/1201
f 1392/1500/1285 1393/1494/1280 1203/1191/992
f 1419/1501/1286 1381/1546/1328 1172/1362/1157
f 1393/1494/1280 1394/1493/1279 1204/1274/1072
f 1407/1387/1182 1412/1405/1200 1093/1313/1108
f 1394/1493/1279 1395/1548/1329 1205/1179/980
f 1406/1407/1202 1379/1539/1321 1174/1385/1180
f 1395/1548/1329 1396/1583/1360 1206/1312/1107
f 1188/1582/1359 858/1311/1106 1206/1312/1107
f 799/1584/1361 1188/1582/1359 1396/1583/1360
f 1222/1586/1363 1397/1589/1366 1226/1587/1364
f 1397/1589/1366 1207/1591/1368 871/1590/1367
f 1188/1582/1359 799/1584/1361 1207/1591/1368
f 858/1311/1106 1188/1582/1359 1397/1589/1366
f 1190/1570/1347 1398/1593/1370 1130/1592/1369
f 1398/1593/1370 1186/1595/1345 835/1594/1340
f 1195/1469/1261 864/1471/1240 1186/1595/1345
f 860/1358/1153 1195/1469/1261 1398/1593/1370
f 875/1299/1094 1225/1597/1372 1399/1596/1371
f 1218/1297/1092 1399/1596/1371 1212/1393/1188
f 1399/1596/1371 1209/1598/1373 801/1394/1189
f 1225/1597/1372 873/1715/1421 1209/1598/1373
f 1139/1599/1374 1400/1602/1377 1215/1600/1375
f 1400/1602/1377 1217/1378/1173 870/1380/1175
f 1214/1355/1150 869/1354/1149 1217/1378/1173
f 842/1603/1378 1214/1355/1150 1400/1602/1377
f 1152/1383/1178 869/1354/1149 868/1352/1147
f 911/1251/1049 806/975/785 812/1351/1146
f 1105/1496/1282 868/1352/1147 867/1248/1046
f 96/1604/76 15/1664/78 726/981/791
f 1220/1303/1098 1401/1606/1380 1224/1605/1379
f 1401/1606/1380 1222/1586/1363 874/1588/1365
f 1089/1310/1105 858/1311/1106 1222/1586/1363
f 800/1607/1381 1089/1310/1105 1401/1606/1380
f 1208/1608/1382 1402/1611/1385 1187/1609/1383
f 1402/1611/1385 1210/1613/1387 857/1612/1386
f 1224/1605/1379 874/1588/1365 1210/1613/1387
f 872/1301/1096 1224/1605/1379 1402/1611/1385
f 1211/1614/1388 1403/1618/1392 1223/1615/1389
f 1223/1615/1389 1403/1618/1392 1225/1597/1372
f 1221/1617/1391 873/1715/1421 1225/1597/1372
f 795/1619/1393 1221/1617/1391 1403/1618/1392
f 1210/1613/1387 1404/1621/1395 1079/1620/1394
f 1404/1621/1395 1219/1623/1397 794/1622/1396
f 1226/1587/1364 871/1590/1367 1219/1623/1397
f 874/1588/1365 1226/1587/1364 1404/1621/1395
f 1223/1615/1389 1405/1625/1399 1080/1624/1398
f 1405/1625/1399 1208/1608/1382 796/1610/1384
f 1227/1298/1093 872/1301/1096 1208/1608/1382
f 875/1299/1094 1227/1298/1093 1405/1625/1399
f 1081/1585/1362 1396/1583/1360 1395/1548/1329
f 1239/1408/1203 1244/1403/1198 1412/1405/1200
f 180/1626/278 181/1547/277 892/1190/991
f 1414/1388/1183 1407/1387/1182 1092/1306/1101
f 1234/1627/1400 1408/1628/1401 1114/1336/1131
f 1408/1628/1401 1233/1629/1402 818/1337/1132
f 1240/1561/1338 881/1542/1324 1233/1629/1402
f 882/1428/1223 1240/1561/1338 1408/1628/1401
f 852/1401/1196 1169/1481/1269 1409/1630/1403
f 1228/1545/1327 1409/1630/1403 1241/1560/1337
f 1409/1630/1403 1185/1631/1404 885/1529/1312
f 1169/1481/1269 851/1483/1271 1185/1631/1404
f 856/1632/1299 1232/1635/1407 1410/1633/1405
f 1166/1522/1305 1410/1633/1405 1230/1634/1406
f 1410/1633/1405 1242/1556/1334 878/1527/1310
f 1232/1635/1407 880/1554/1291 1242/1556/1334
f 1250/1414/1209 1243/1409/1204 1411/1411/1206
f 182/1552/168 893/1141/944 895/1132/935
f 1233/1629/1402 1413/1637/1408 1090/1359/1154
f 1413/1637/1408 1176/1559/1336 802/1437/1232
f 1245/1541/1323 876/1544/1326 1176/1559/1336
f 881/1542/1324 1245/1541/1323 1413/1637/1408
f 1235/1638/1409 1414/1388/1183 1091/1305/1100
f 883/1536/1319 1246/1386/1181 1414/1388/1183
f 1216/1396/1191 1415/1639/1410 1088/1302/1097
f 1415/1639/1410 1235/1638/1409 800/1607/1381
f 1247/1533/1316 883/1536/1319 1235/1638/1409
f 886/1534/1317 1247/1533/1316 1415/1639/1410
f 1230/1634/1406 1416/1640/1411 1167/1524/1307
f 1416/1640/1411 1185/1631/1404 851/1483/1271
f 1248/1526/1309 885/1529/1312 1185/1631/1404
f 878/1527/1310 1248/1526/1309 1416/1640/1411
f 855/1641/1412 1231/1644/1414 1417/1642/1413
f 1165/1517/1301 1417/1642/1413 1232/1643/1407
f 1417/1642/1413 1249/1504/1289 880/1506/1291
f 1231/1644/1414 879/1502/1287 1249/1504/1289
f 1229/1424/1219 1420/1553/1332 1163/1412/1207
f 877/1426/1221 1252/1433/1228 1420/1553/1332
f 1177/1432/1227 1421/1645/1415 1101/1330/1125
f 1421/1645/1415 1234/1627/1400 805/1331/1126
f 1253/1425/1220 882/1428/1223 1234/1627/1400
f 877/1426/1221 1253/1425/1220 1421/1645/1415
f 850/1601/1376 1215/1600/1375 1422/1646/1416
f 1184/1647/1417 1422/1646/1416 1254/1395/1190
f 1422/1646/1416 1238/1532/1315 886/1534/1317
f 1215/1600/1375 870/1380/1175 1238/1532/1315
f 176/1648/356 887/1267/1065 765/1260/1058
f 176/1648/356 1/1686/359 712/1270/1068
f 62/1650/352 177/1652/360 888/1271/1069
f 3/1651/346 714/1257/1055 888/1271/1069
f 6/1653/317 178/1538/319 889/1228/1026
f 370/1654/662 1081/1585/1362 1083/1550/1331
f 373/1656/628 1084/1549/1330 1082/1492/1278
f 371/1657/571 1082/1492/1278 1087/1495/1281
f 372/1655/704 1083/1550/1331 1084/1549/1330
f 374/1659/581 376/1658/573 1087/1495/1281
f 375/1660/521 374/1659/581 1085/1436/1231
f 183/1551/167 4/1662/309 715/1225/1023
f 197/1661/307 908/1223/1021 715/1225/1023
f 11/1663/305 722/1221/1019 908/1223/1021
f 15/1664/78 39/1673/82 750/986/796
f 114/195/186 825/1089/899 736/1100/909
f 224/1665/303 935/1219/1017 722/1221/1019
f 5/1666/300 716/1216/1014 935/1219/1017
f 228/192/183 939/1088/898 771/1211/1009
f 23/191/182 734/1086/896 939/1088/898
f 25/196/187 736/1100/909 752/1155/958
f 28/205/195 739/1129/932 940/1130/933
f 229/239/219 940/1130/933 734/1086/896
f 22/1667/297 733/1212/1010 945/1213/1011
f 234/1668/293 945/1213/1011 743/1206/1006
f 24/203/193 735/1097/906 950/1099/908
f 28/205/195 239/204/194 950/1099/908
f 32/1669/294 743/1206/1006 952/1236/1034
f 5/1666/300 241/1670/327 952/1236/1034
f 47/1671/334 758/1245/1043 962/1244/1042
f 39/1673/82 251/1672/332 962/1244/1042
f 96/1604/76 807/980/790 813/1370/1165
f 41/207/197 752/1155/958 982/1157/960
f 271/267/243 982/1157/960 763/1289/1086
f 75/254/231 786/1144/947 1002/1146/949
f 291/257/234 1002/1146/949 735/1097/906
f 296/1675/381 80/1690/117 791/1022/832
f 47/1671/334 296/1675/381 1007/1296/1091
f 299/1676/345 1010/1255/1053 714/1257/1055
f 54/1649/349 765/1260/1058 1010/1255/1053
f 305/337/296 1016/1678/1418 733/1677/1010
f 305/337/296 60/193/184 771/1211/1009
f 67/1679/326 319/1680/325 1030/1234/1032
f 319/1680/325 6/1653/317 717/1227/1025
f 321/1681/331 69/1688/1419 780/1241/1039
f 321/1681/331 1032/1240/1038 719/1242/1040
f 2/1683/353 323/1684/350 1034/1262/1060
f 323/1684/350 62/1650/352 773/1263/1061
f 332/1685/358 1043/1269/1067 712/1270/1068
f 332/1685/358 67/1679/326 778/1235/1033
f 2/1683/353 713/1265/1063 1045/1266/1064
f 334/1687/355 1045/1266/1064 780/1241/1039
f 52/465/376 763/1289/1086 1055/1291/1088
f 344/467/378 1055/1291/1088 786/1144/947
f 8/1682/123 719/1242/1040 1060/1027/837
f 80/1690/117 349/1689/119 1060/1027/837
f 368/1691/698 146/1710/689 857/1612/1386
f 368/1691/698 1079/1620/1394 794/1622/1396
f 154/1693/694 865/1616/1390 1080/1624/1398
f 85/1695/688 369/1694/702 1080/1624/1398
f 88/1696/661 799/1584/1361 1081/1585/1362
f 316/361/315 317/363/316 546/9/9
f 315/359/314 316/361/315 547/19/19
f 317/363/316 318/14/14 545/13/13
f 314/358/313 315/359/314 548/24/24
f 313/356/311 314/358/313 549/29/29
f 375/1660/521 1086/1435/1230 797/1580/1357
f 389/1698/656 86/1697/658 797/1580/1357
f 93/1699/654 389/1698/656 1100/1578/1355
f 102/1674/437 813/1370/1165 842/1603/1378
f 114/195/186 115/609/508 826/1422/1217
f 405/1701/652 93/1699/654 804/1576/1353
f 87/1702/649 405/1701/652 1116/1574/1351
f 408/642/535 152/778/646 863/1449/1244
f 112/643/536 408/642/535 1119/1448/1243
f 115/609/508 133/647/540 844/1454/1249
f 119/688/569 409/687/568 1120/1490/1277
f 409/687/568 112/643/536 823/1450/1245
f 111/776/644 413/773/641 1124/1565/1342
f 413/773/641 124/775/643 835/1563/1340
f 113/654/546 417/653/545 1128/1460/1253
f 119/688/569 830/1461/1254 1128/1460/1253
f 124/1703/643 419/1704/669 1130/1592/1369
f 87/1702/649 798/1571/1348 1130/1592/1369
f 139/1705/678 428/1706/677 1139/1599/1374
f 131/1700/457 842/1603/1378 1139/1599/1374
f 133/647/540 448/719/596 1159/1516/1300
f 448/719/596 144/903/719 855/1641/1412
f 168/706/583 468/708/585 1179/1508/1292
f 468/708/585 113/654/546 824/1462/1255
f 473/1707/724 1184/1647/1417 884/1390/1185
f 139/1705/678 850/1601/1376 1184/1647/1417
f 476/1709/686 85/1695/688 796/1610/1384
f 146/1710/689 476/1709/686 1187/1609/1383
f 482/1711/1420 111/776/644 822/1566/1343
f 482/1711/1420 1193/1567/1344 863/1449/1244
f 160/1712/666 871/1590/1367 1207/1591/1368
f 496/1713/668 1207/1591/1368 799/1584/1361
f 498/1714/674 1209/1598/1373 873/1715/1421
f 498/1714/674 90/1721/673 801/1394/1189
f 84/1717/697 795/1619/1393 1211/1614/1388
f 500/1718/693 1211/1614/1388 865/1616/1390
f 508/1719/701 83/1692/699 794/1622/1396
f 508/1719/701 1219/1623/1397 871/1590/1367
f 84/1717/697 510/1720/696 1221/1617/1391
f 510/1720/696 162/1716/675 873/1715/1421
f 144/903/719 520/905/721 1231/1644/1414
f 520/905/721 168/706/583 879/1502/1287
f 90/1721/673 525/1722/479 1236/1392/1187
f 173/1708/476 884/1390/1185 1236/1392/1187
f 312/357/312 313/356/311 550/34/34
f 99/526/429 221/64/64 220/65/65
