# Blender 4.5.3 LTS
# www.blender.org
mtllib Cofre.mtl
o hood.003
v 7.557253 0.432264 -0.046121
v 7.322184 0.194326 0.962422
v 7.410671 0.304810 0.735666
v 7.524908 0.245338 0.781706
v 7.375681 0.267978 0.833549
v 6.990093 0.282315 0.899115
v 7.094123 0.471262 0.040725
v 6.970546 0.189639 1.032811
v 7.003517 0.328504 0.797576
v 6.978644 0.233181 0.979959
v 7.346687 0.228933 0.913623
v 7.291047 0.166714 0.989620
v 6.966497 0.157829 1.049098
v 7.294532 0.163864 0.985201
v 7.334190 0.183785 0.957976
v 7.146283 0.192123 1.011760
v 7.208752 0.324421 0.771791
v 7.160591 0.234178 0.957178
v 7.182282 0.280721 0.874604
v 7.343763 0.459331 0.006376
v 7.137808 0.152854 1.030331
v 7.138840 0.161725 1.028628
v 7.284424 0.232938 0.934230
v 7.313926 0.276189 0.850246
v 7.503907 0.445402 -0.023707
v 7.258485 0.166028 0.999681
v 7.267099 0.193892 0.984105
v 7.349917 0.316586 0.748436
v 7.256565 0.157827 1.001503
v 7.606233 0.394731 -0.025010
v 7.512692 0.280998 0.709434
v 7.466767 0.208885 0.874336
v 7.491590 0.250303 0.793286
v 7.472821 0.220597 0.856471
v 7.466242 0.201970 0.874798
v 7.509692 0.463819 -0.158511
v 7.096477 0.479319 -0.031059
v 7.344494 0.474517 -0.087973
v 7.474783 0.467774 -0.135651
v 7.572137 0.436850 -0.154280
v 7.605340 0.406551 -0.125677
v 7.530364 0.460498 -0.192505
v 7.293708 0.194094 0.976776
v 7.380848 0.312737 0.742971
v 7.283806 0.159113 0.993694
v 7.311434 0.231783 0.928657
v 7.342728 0.273731 0.844390
v 7.538626 0.440485 -0.031083
v 7.285604 0.167109 0.991866
v 7.501234 0.465358 -0.148048
v 6.010197 0.432264 -0.046121
v 6.245265 0.194326 0.962422
v 6.156779 0.304810 0.735666
v 6.042542 0.245338 0.781706
v 6.191769 0.267978 0.833549
v 6.783725 0.477939 0.060108
v 6.783725 0.188561 1.041754
v 6.783725 0.329943 0.809424
v 6.783725 0.282198 0.909836
v 6.577357 0.282315 0.899115
v 6.473327 0.471262 0.040725
v 6.596903 0.189639 1.032811
v 6.563932 0.328504 0.797576
v 6.588806 0.233181 0.979959
v 6.783725 0.232071 0.989676
v 6.220762 0.228933 0.913623
v 6.276403 0.166714 0.989620
v 6.783725 0.156489 1.057780
v 6.600952 0.157829 1.049098
v 6.272918 0.163864 0.985201
v 6.233259 0.183785 0.957976
v 6.421167 0.192123 1.011760
v 6.358697 0.324422 0.771791
v 6.406858 0.234178 0.957178
v 6.385167 0.280721 0.874604
v 6.223686 0.459331 0.006376
v 6.429641 0.152854 1.030331
v 6.428609 0.161725 1.028628
v 6.283026 0.232938 0.934229
v 6.253524 0.276189 0.850246
v 6.063542 0.445402 -0.023706
v 6.102632 0.474236 -0.163362
v 6.308965 0.166028 0.999681
v 6.300351 0.193892 0.984104
v 6.217532 0.316586 0.748436
v 6.310884 0.157827 1.001503
v 5.961217 0.394731 -0.025011
v 6.054758 0.280998 0.709434
v 6.100682 0.208885 0.874336
v 6.075859 0.250303 0.793286
v 6.094629 0.220597 0.856471
v 6.101208 0.201970 0.874798
v 6.057757 0.463819 -0.158511
v 6.783725 0.481608 -0.004457
v 6.470973 0.479319 -0.031059
v 6.222956 0.474517 -0.087973
v 6.092667 0.467774 -0.135651
v 5.995313 0.436850 -0.154280
v 5.962110 0.406551 -0.125677
v 6.037086 0.460498 -0.192505
v 6.273741 0.194094 0.976776
v 6.186602 0.312737 0.742971
v 6.283644 0.159113 0.993694
v 6.256016 0.231783 0.928657
v 6.224722 0.273731 0.844389
v 6.028824 0.440485 -0.031083
v 6.281845 0.167109 0.991866
v 6.066216 0.465358 -0.148048
v 7.531006 0.451430 -0.113797
v 7.585804 0.410994 -0.029874
v 7.336448 0.211727 0.940109
v 7.557605 0.421218 0.036567
v 7.542762 0.409360 0.158362
v 7.526484 0.397449 0.263778
v 7.506546 0.382707 0.371643
v 7.484839 0.366780 0.470475
v 7.459731 0.347054 0.571978
v 7.428032 0.320521 0.682703
v 7.461722 0.292811 0.722567
v 7.398691 0.203697 0.914971
v 7.533540 0.260262 0.744167
v 7.392959 0.287153 0.786047
v 7.433609 0.259081 0.813473
v 6.783725 0.480352 0.021345
v 6.783725 0.209316 1.020108
v 6.783725 0.474019 0.109203
v 6.783725 0.462559 0.216067
v 6.783725 0.448723 0.317461
v 6.783725 0.432212 0.418671
v 6.783725 0.410929 0.526652
v 6.783725 0.384263 0.641391
v 6.783725 0.350401 0.755242
v 6.783725 0.306949 0.861504
v 7.080175 0.454185 0.202592
v 7.042133 0.405071 0.515417
v 7.095880 0.475916 -0.001960
v 7.090595 0.466037 0.092878
v 6.996612 0.306321 0.850257
v 7.055876 0.424958 0.409302
v 7.010782 0.348112 0.742704
v 6.974103 0.210455 1.010832
v 7.068376 0.440840 0.306207
v 7.026589 0.380229 0.628169
v 6.984040 0.257511 0.942512
v 6.783725 0.256768 0.952720
v 7.359796 0.248065 0.877271
v 7.409715 0.224725 0.885135
v 7.516095 0.229904 0.815529
v 7.296414 0.177689 0.983831
v 6.783725 0.149608 1.059524
v 6.968041 0.171297 1.044399
v 7.305917 0.167636 0.974644
v 7.505412 0.203181 0.849756
v 7.331194 0.187613 0.960064
v 6.783725 0.170122 1.053159
v 6.966064 0.151048 1.050866
v 7.336128 0.180436 0.956088
v 7.295923 0.162184 0.982775
v 7.302383 0.172715 0.979059
v 7.234049 0.233718 0.944251
v 7.260260 0.278500 0.860858
v 7.439038 0.451823 -0.010796
v 7.209503 0.164123 1.013118
v 7.137527 0.155276 1.030488
v 7.141748 0.174535 1.023765
v 7.249123 0.372253 0.602144
v 7.308746 0.427952 0.285676
v 7.170617 0.257289 0.918818
v 7.222547 0.342680 0.716510
v 7.290821 0.412736 0.390652
v 7.195163 0.303474 0.825043
v 7.338921 0.452432 0.066493
v 7.345051 0.467552 -0.048247
v 7.271637 0.394636 0.493504
v 7.324610 0.440608 0.181035
v 7.152510 0.212275 0.989005
v 7.217821 0.193201 0.996799
v 7.292311 0.320471 0.758416
v 7.207739 0.155603 1.014915
v 7.331614 0.297261 0.800753
v 7.450047 0.398074 0.376627
v 7.367926 0.333365 0.694219
v 7.427188 0.381335 0.476950
v 7.256862 0.160118 1.001565
v 7.488349 0.425110 0.164564
v 7.261863 0.177734 0.994949
v 7.297850 0.254432 0.895548
v 7.400840 0.360818 0.581383
v 7.470988 0.413055 0.269561
v 7.274366 0.212562 0.963988
v 7.504297 0.436812 0.044110
v 7.490667 0.457225 -0.087972
v 7.298640 0.194033 0.974720
v 7.386721 0.310790 0.741679
v 7.306185 0.232297 0.929755
v 7.337130 0.274686 0.845528
v 7.531901 0.441995 -0.029541
v 7.483698 0.473025 -0.173548
v 7.279997 0.166889 0.993478
v 7.497462 0.205380 0.855307
v 7.615550 0.387063 -0.021906
v 7.536409 0.275545 0.703328
v 7.498310 0.211663 0.854633
v 7.518582 0.246252 0.783892
v 7.502021 0.218583 0.843206
v 7.497586 0.199057 0.853964
v 7.400353 0.194305 0.916074
v 7.466249 0.205399 0.875233
v 7.466655 0.198632 0.873930
v 7.468296 0.212976 0.870055
v 7.481170 0.233985 0.829360
v 7.502172 0.266159 0.753512
v 7.523275 0.294954 0.659916
v 7.543791 0.320190 0.555635
v 7.559813 0.338710 0.461210
v 7.572579 0.352793 0.365762
v 7.585207 0.366244 0.257259
v 7.595500 0.377319 0.151493
v 7.603732 0.388346 0.037396
v 7.574818 0.437783 -0.173550
v 7.604618 0.409084 -0.146218
v 7.527557 0.463588 -0.209372
v 7.499673 0.469412 -0.178539
v 6.783725 0.482165 -0.016972
v 7.096669 0.480960 -0.044959
v 7.344112 0.477849 -0.106373
v 7.466965 0.472781 -0.157271
v 7.504014 0.464807 -0.150460
v 7.425412 0.470958 -0.115521
v 7.520150 0.462120 -0.175421
v 7.616349 0.395288 -0.121514
v 7.566013 0.434890 -0.111165
v 7.606355 0.401331 -0.082852
v 7.535290 0.459737 -0.201003
v 7.591592 0.420642 -0.138392
v 7.520875 0.465038 -0.201452
v 7.612906 0.398074 -0.113384
v 7.549389 0.450836 -0.174615
v 7.288469 0.194125 0.978277
v 7.374837 0.314174 0.744033
v 7.278108 0.158844 0.995305
v 7.317714 0.231057 0.926376
v 7.348844 0.272365 0.842628
v 7.543036 0.438684 -0.033172
v 7.491302 0.472140 -0.178954
v 7.288503 0.167145 0.990950
v 7.495849 0.466070 -0.145116
v 7.524397 0.419529 0.160731
v 7.325633 0.252632 0.889973
v 7.288710 0.178465 0.987192
v 7.434031 0.355982 0.576714
v 7.506695 0.407504 0.265931
v 7.300996 0.212101 0.957621
v 7.540605 0.431300 0.038738
v 7.521329 0.453563 -0.098057
v 7.284094 0.161361 0.993749
v 7.461262 0.376070 0.473307
v 7.485049 0.392498 0.373552
v 7.399758 0.329041 0.689103
v 7.361506 0.294078 0.794962
v 7.491395 0.470947 -0.170620
v 6.036444 0.451430 -0.113797
v 5.981646 0.410994 -0.029874
v 6.231002 0.211727 0.940109
v 6.009845 0.421218 0.036567
v 6.024688 0.409360 0.158362
v 6.040966 0.397449 0.263778
v 6.060904 0.382707 0.371643
v 6.082611 0.366780 0.470475
v 6.107718 0.347054 0.571978
v 6.139418 0.320521 0.682703
v 6.105727 0.292811 0.722567
v 6.168759 0.203697 0.914971
v 6.174490 0.287153 0.786047
v 6.133841 0.259081 0.813473
v 6.487274 0.454185 0.202592
v 6.525317 0.405071 0.515417
v 6.471570 0.475916 -0.001960
v 6.476854 0.466037 0.092878
v 6.570838 0.306321 0.850257
v 6.511574 0.424958 0.409302
v 6.556668 0.348112 0.742704
v 6.593346 0.210455 1.010832
v 6.499074 0.440840 0.306207
v 6.540860 0.380229 0.628169
v 6.583409 0.257511 0.942512
v 6.207654 0.248065 0.877272
v 6.157735 0.224725 0.885135
v 6.051354 0.229904 0.815529
v 6.271035 0.177689 0.983831
v 6.599409 0.171297 1.044398
v 6.062037 0.203181 0.849756
v 6.236255 0.187613 0.960064
v 6.601386 0.151048 1.050866
v 6.231322 0.180436 0.956088
v 6.061248 0.210055 0.849352
v 6.271527 0.162184 0.982775
v 6.265067 0.172715 0.979059
v 6.333401 0.233718 0.944251
v 6.307190 0.278500 0.860858
v 6.128411 0.451823 -0.010796
v 6.357946 0.164123 1.013118
v 6.429923 0.155276 1.030488
v 6.425702 0.174535 1.023765
v 6.318327 0.372253 0.602144
v 6.258704 0.427952 0.285676
v 6.396832 0.257289 0.918817
v 6.344903 0.342680 0.716510
v 6.276628 0.412736 0.390652
v 6.372287 0.303474 0.825043
v 6.228529 0.452432 0.066493
v 6.222398 0.467552 -0.048247
v 6.295813 0.394636 0.493504
v 6.242840 0.440608 0.181035
v 6.414940 0.212275 0.989005
v 6.349629 0.193201 0.996799
v 6.275139 0.320471 0.758417
v 6.359711 0.155603 1.014915
v 6.235835 0.297261 0.800753
v 6.117404 0.398074 0.376627
v 6.199524 0.333365 0.694219
v 6.140262 0.381335 0.476950
v 6.310588 0.160118 1.001565
v 6.079100 0.425110 0.164564
v 6.305587 0.177734 0.994950
v 6.269599 0.254432 0.895548
v 6.166610 0.360818 0.581383
v 6.096462 0.413055 0.269561
v 6.293083 0.212562 0.963988
v 6.063152 0.436812 0.044110
v 6.076783 0.457225 -0.087972
v 6.268810 0.194033 0.974720
v 6.180729 0.310790 0.741679
v 6.261265 0.232297 0.929756
v 6.230319 0.274686 0.845528
v 6.035549 0.441995 -0.029541
v 6.083751 0.473025 -0.173548
v 6.287453 0.166889 0.993478
v 6.069988 0.205380 0.855307
v 5.951900 0.387063 -0.021906
v 6.031040 0.275545 0.703328
v 6.069139 0.211663 0.854633
v 6.048867 0.246252 0.783893
v 6.065429 0.218583 0.843206
v 6.069863 0.199057 0.853964
v 6.167096 0.194305 0.916073
v 6.101200 0.205399 0.875233
v 6.100795 0.198632 0.873930
v 6.099154 0.212976 0.870055
v 6.086280 0.233985 0.829360
v 6.065278 0.266159 0.753513
v 6.044174 0.294954 0.659916
v 6.023659 0.320190 0.555634
v 6.007636 0.338710 0.461210
v 5.994870 0.352793 0.365763
v 5.982243 0.366244 0.257259
v 5.971950 0.377319 0.151493
v 5.963717 0.388346 0.037396
v 5.992632 0.437783 -0.173550
v 5.962831 0.409084 -0.146218
v 6.067777 0.469412 -0.178539
v 6.470780 0.480960 -0.044959
v 6.223338 0.477849 -0.106373
v 6.100485 0.472781 -0.157271
v 6.063436 0.464807 -0.150461
v 6.142038 0.470958 -0.115521
v 6.047299 0.462120 -0.175421
v 5.951101 0.395288 -0.121514
v 6.001437 0.434890 -0.111165
v 6.045108 0.465456 -0.209893
v 5.961094 0.401331 -0.082852
v 6.032160 0.459737 -0.201002
v 5.975857 0.420642 -0.138392
v 6.046575 0.465038 -0.201452
v 5.954543 0.398074 -0.113384
v 6.018061 0.450836 -0.174615
v 6.278980 0.194125 0.978277
v 6.192613 0.314174 0.744033
v 6.289342 0.158844 0.995305
v 6.249736 0.231057 0.926376
v 6.218606 0.272365 0.842629
v 6.024414 0.438684 -0.033172
v 6.278947 0.167145 0.990950
v 6.071600 0.466070 -0.145116
v 6.043052 0.419529 0.160731
v 6.241817 0.252632 0.889973
v 6.278740 0.178464 0.987192
v 6.133420 0.355982 0.576714
v 6.060754 0.407504 0.265931
v 6.266454 0.212101 0.957621
v 6.026845 0.431300 0.038738
v 6.046121 0.453563 -0.098057
v 6.283356 0.161361 0.993749
v 6.106188 0.376070 0.473307
v 6.082401 0.392498 0.373552
v 6.167692 0.329041 0.689103
v 6.205944 0.294078 0.794963
v 6.076055 0.470947 -0.170620
v 7.540606 0.450992 -0.144896
v 7.581280 0.404526 0.037168
v 7.569386 0.393256 0.154895
v 7.556078 0.381753 0.260496
v 7.539763 0.367648 0.368685
v 7.522489 0.352640 0.465828
v 7.501884 0.333519 0.563801
v 7.475727 0.307638 0.671320
v 7.447572 0.276578 0.769812
v 7.420432 0.240979 0.853395
v 7.402669 0.212466 0.904909
v 7.433362 0.462021 -0.071066
v 7.436605 0.444005 0.053684
v 7.494030 0.470516 -0.172829
v 7.224756 0.212600 0.975202
v 7.404576 0.419955 0.276258
v 7.338994 0.366287 0.590010
v 7.246052 0.255966 0.905655
v 7.355697 0.295288 0.796088
v 7.405499 0.326945 0.687948
v 7.300067 0.175393 0.981417
v 7.401618 0.190797 0.914724
v 7.399094 0.198192 0.917014
v 7.212769 0.176353 1.008301
v 7.304223 0.170138 0.976815
v 7.490163 0.390152 0.373100
v 7.454639 0.377830 0.474015
v 7.275940 0.300374 0.811271
v 7.384921 0.404904 0.382353
v 7.308627 0.337925 0.703615
v 7.363723 0.387590 0.483726
v 7.207949 0.157959 1.014999
v 7.421325 0.432263 0.171427
v 7.287046 0.161456 0.992838
v 7.515270 0.454673 -0.095790
v 7.533589 0.432997 0.039835
v 7.295812 0.212365 0.958905
v 7.499755 0.409294 0.266639
v 7.427580 0.357658 0.577621
v 7.291872 0.178430 0.986068
v 7.320233 0.253365 0.891059
v 7.496179 0.213444 0.854657
v 7.509439 0.230738 0.818172
v 7.527585 0.261349 0.745930
v 7.545396 0.289098 0.654614
v 7.563278 0.314034 0.551840
v 7.577162 0.332274 0.459067
v 7.587824 0.345928 0.364408
v 7.598731 0.359073 0.255761
v 7.607617 0.369947 0.149919
v 7.614079 0.380867 0.037570
v 7.614657 0.393235 -0.074657
v 7.497843 0.208663 0.855468
v 7.510358 0.467223 -0.189952
v 7.421443 0.475212 -0.135853
v 7.589422 0.416562 -0.092530
v 7.592349 0.422564 -0.159303
v 7.525986 0.463954 -0.207331
v 7.553525 0.450792 -0.188678
v 7.517386 0.421279 0.161525
v 7.529198 0.417206 0.160120
v 7.331830 0.251553 0.887997
v 7.283290 0.178335 0.988790
v 7.439545 0.353794 0.575798
v 7.511645 0.405152 0.265408
v 7.307157 0.211816 0.955042
v 7.545205 0.429062 0.037901
v 7.524629 0.452618 -0.100726
v 7.278406 0.161102 0.995361
v 7.466572 0.373808 0.472700
v 7.478246 0.394317 0.374149
v 7.393571 0.330611 0.690097
v 7.367511 0.292399 0.793446
v 7.486321 0.471474 -0.167405
v 6.026844 0.450992 -0.144896
v 5.986170 0.404526 0.037168
v 5.998063 0.393256 0.154895
v 6.011372 0.381753 0.260495
v 6.027686 0.367648 0.368685
v 6.044961 0.352640 0.465828
v 6.065565 0.333519 0.563801
v 6.091723 0.307638 0.671320
v 6.119878 0.276578 0.769812
v 6.147018 0.240979 0.853395
v 6.164780 0.212466 0.904908
v 6.134088 0.462021 -0.071066
v 6.130845 0.444005 0.053684
v 6.073420 0.470516 -0.172829
v 6.342693 0.212600 0.975202
v 6.162874 0.419955 0.276258
v 6.228456 0.366287 0.590010
v 6.321398 0.255966 0.905655
v 6.211753 0.295288 0.796088
v 6.161950 0.326945 0.687948
v 6.267383 0.175393 0.981417
v 6.165833 0.190797 0.914724
v 6.168356 0.198192 0.917014
v 6.354681 0.176353 1.008301
v 6.263227 0.170138 0.976815
v 6.077286 0.390152 0.373100
v 6.112810 0.377830 0.474015
v 6.291510 0.300374 0.811271
v 6.182528 0.404904 0.382353
v 6.258822 0.337925 0.703615
v 6.203727 0.387590 0.483726
v 6.359501 0.157959 1.014999
v 6.146125 0.432263 0.171427
v 6.052179 0.454673 -0.095790
v 6.033860 0.432997 0.039835
v 6.271638 0.212365 0.958905
v 6.067694 0.409294 0.266639
v 6.139870 0.357658 0.577621
v 6.275578 0.178430 0.986068
v 6.247216 0.253365 0.891059
v 6.069983 0.202168 0.854661
v 6.071271 0.213444 0.854657
v 6.058011 0.230738 0.818172
v 6.039865 0.261349 0.745930
v 6.022054 0.289098 0.654614
v 6.004172 0.314034 0.551840
v 5.990288 0.332274 0.459067
v 5.979626 0.345928 0.364409
v 5.968719 0.359073 0.255761
v 5.959833 0.369947 0.149919
v 5.953372 0.380867 0.037570
v 5.952793 0.393235 -0.074657
v 6.069607 0.208663 0.855468
v 6.057092 0.467223 -0.189952
v 6.146007 0.475212 -0.135853
v 5.978028 0.416562 -0.092530
v 5.975101 0.422564 -0.159303
v 6.041464 0.463954 -0.207331
v 5.955545 0.400580 -0.133755
v 6.013925 0.450792 -0.188678
v 6.050063 0.421279 0.161525
v 6.038252 0.417206 0.160120
v 6.235620 0.251553 0.887997
v 6.284160 0.178335 0.988790
v 6.127905 0.353794 0.575798
v 6.055804 0.405152 0.265408
v 6.260293 0.211816 0.955042
v 6.022244 0.429062 0.037901
v 6.042821 0.452618 -0.100725
v 6.289044 0.161102 0.995362
v 6.100878 0.373808 0.472700
v 6.089203 0.394317 0.374149
v 6.173878 0.330611 0.690097
v 6.199939 0.292399 0.793446
v 6.081129 0.471474 -0.167405
v 7.507248 0.213523 0.837013
v 7.320039 0.192051 0.958520
v 7.523522 0.241035 0.779572
v 7.374218 0.263798 0.831228
v 6.989863 0.277916 0.896749
v 7.093893 0.466295 0.040200
v 6.970256 0.186488 1.028939
v 7.003286 0.323860 0.795737
v 6.978415 0.229086 0.977100
v 7.345166 0.225084 0.910818
v 6.966128 0.156405 1.044320
v 7.145655 0.188965 1.007935
v 7.208313 0.319775 0.769997
v 7.160133 0.230054 0.954389
v 7.181826 0.276304 0.872305
v 7.138024 0.160326 1.023897
v 7.283753 0.228832 0.931457
v 7.313245 0.271774 0.848001
v 7.266116 0.190897 0.980223
v 7.349226 0.311974 0.746634
v 7.490173 0.246049 0.791073
v 7.471379 0.216573 0.853878
v 7.096311 0.474355 -0.031637
v 7.344062 0.469609 -0.088826
v 7.292338 0.191277 0.972879
v 7.379248 0.308441 0.740975
v 7.310191 0.227860 0.925818
v 7.341325 0.269551 0.842032
v 6.060202 0.213523 0.837013
v 6.247411 0.192051 0.958520
v 6.158323 0.300459 0.733748
v 6.043927 0.241035 0.779572
v 6.193232 0.263798 0.831228
v 6.783725 0.472954 0.059723
v 6.783725 0.185424 1.037861
v 6.783725 0.325312 0.807539
v 6.783725 0.277817 0.907427
v 6.577586 0.277916 0.896749
v 6.473557 0.466295 0.040200
v 6.597194 0.186488 1.028939
v 6.564163 0.323860 0.795737
v 6.589035 0.229086 0.977100
v 6.222283 0.225084 0.910818
v 6.783725 0.149973 1.055109
v 6.599826 0.151284 1.046283
v 6.783725 0.155070 1.052986
v 6.421794 0.188965 1.007935
v 6.359137 0.319775 0.769998
v 6.407316 0.230054 0.954389
v 6.385624 0.276304 0.872305
v 6.224127 0.454396 0.005706
v 6.429425 0.160326 1.023897
v 6.283696 0.228832 0.931456
v 6.254205 0.271774 0.848001
v 6.103375 0.469373 -0.164260
v 6.301333 0.190897 0.980223
v 6.218224 0.311974 0.746634
v 6.056234 0.276544 0.707708
v 6.077276 0.246049 0.791073
v 6.096070 0.216573 0.853878
v 6.783725 0.476617 -0.004752
v 6.471139 0.474355 -0.031637
v 6.223388 0.469609 -0.088826
v 6.275112 0.191277 0.972879
v 6.188202 0.308441 0.740975
v 6.257259 0.227860 0.925818
v 6.226125 0.269551 0.842032
v 6.079926 0.467736 -0.177525
v 7.334752 0.208343 0.936842
v 7.532159 0.255837 0.742293
v 7.432173 0.254863 0.811205
v 6.783725 0.475363 0.021017
v 6.783725 0.469040 0.108748
v 6.783725 0.457597 0.215450
v 6.783725 0.443776 0.316734
v 6.783725 0.427291 0.417787
v 6.783725 0.406039 0.525612
v 6.783725 0.379420 0.640147
v 6.783725 0.345677 0.753603
v 6.783725 0.302431 0.859362
v 7.079911 0.449231 0.201973
v 7.041883 0.400184 0.514391
v 7.095680 0.470951 -0.002519
v 7.090344 0.461070 0.092362
v 6.996382 0.301788 0.848159
v 7.055618 0.420042 0.408428
v 7.010549 0.343378 0.741110
v 6.973860 0.206635 1.007615
v 7.068114 0.435898 0.305489
v 7.026349 0.375386 0.626953
v 6.983811 0.253260 0.939890
v 6.783725 0.252534 0.950060
v 7.358329 0.244000 0.874756
v 7.408227 0.220801 0.882417
v 7.514570 0.225770 0.813166
v 6.967698 0.169159 1.039892
v 6.783725 0.167995 1.048634
v 7.233469 0.229601 0.941475
v 7.259685 0.274081 0.858591
v 7.140993 0.172407 1.019305
v 7.248704 0.367415 0.600955
v 7.308322 0.423022 0.284962
v 7.170164 0.253006 0.916277
v 7.222119 0.337945 0.714963
v 7.290396 0.407830 0.389785
v 7.194712 0.298936 0.822993
v 7.338484 0.447484 0.065923
v 7.271216 0.389758 0.492491
v 7.324181 0.435665 0.180421
v 7.152002 0.208439 0.985839
v 7.216970 0.190120 0.992954
v 7.291747 0.315837 0.756625
v 7.330919 0.292749 0.798713
v 7.449388 0.393198 0.375735
v 7.367245 0.328663 0.692659
v 7.297194 0.250132 0.893084
v 7.400174 0.356014 0.580170
v 7.470337 0.408152 0.268824
v 7.273588 0.208834 0.960749
v 7.296806 0.191428 0.970865
v 7.305338 0.228233 0.926968
v 7.336169 0.270342 0.843246
v 7.517179 0.241977 0.781712
v 7.500246 0.214720 0.840575
v 7.466571 0.209545 0.866853
v 7.479746 0.229835 0.826962
v 7.500744 0.261795 0.751534
v 6.783725 0.477173 -0.017254
v 7.096527 0.475994 -0.045528
v 7.343693 0.472942 -0.107237
v 7.287399 0.191189 0.974374
v 7.316198 0.227238 0.923527
v 7.347295 0.268242 0.840261
v 7.324333 0.248526 0.887434
v 7.287304 0.176527 0.982803
v 7.299720 0.208573 0.954316
v 7.359994 0.289848 0.792766
v 6.232697 0.208343 0.936841
v 6.107228 0.288404 0.720744
v 6.170889 0.201365 0.911095
v 6.175979 0.282883 0.783914
v 6.135277 0.254863 0.811205
v 6.487539 0.449231 0.201973
v 6.525567 0.400184 0.514391
v 6.471769 0.470951 -0.002519
v 6.477106 0.461070 0.092362
v 6.571067 0.301789 0.848159
v 6.511832 0.420042 0.408428
v 6.556901 0.343379 0.741110
v 6.499335 0.435898 0.305489
v 6.541101 0.375386 0.626953
v 6.583638 0.253260 0.939890
v 6.209121 0.244000 0.874757
v 6.159223 0.220801 0.882417
v 6.052880 0.225770 0.813166
v 6.273583 0.176412 0.979722
v 6.599752 0.169159 1.039892
v 6.333981 0.229601 0.941475
v 6.307765 0.274081 0.858591
v 6.128981 0.446904 -0.011489
v 6.147681 0.471606 -0.142773
v 6.426456 0.172407 1.019304
v 6.318745 0.367415 0.600954
v 6.259128 0.423022 0.284962
v 6.397285 0.253006 0.916277
v 6.345331 0.337945 0.714963
v 6.277053 0.407830 0.389785
v 6.372738 0.298936 0.822993
v 6.228965 0.447484 0.065923
v 6.222839 0.462634 -0.049038
v 6.296233 0.389758 0.492491
v 6.243268 0.435665 0.180422
v 6.415447 0.208439 0.985839
v 6.350479 0.190120 0.992953
v 6.275702 0.315837 0.756625
v 6.236530 0.292749 0.798713
v 6.200205 0.328663 0.692660
v 6.270256 0.250132 0.893084
v 6.167275 0.356013 0.580170
v 6.293861 0.208834 0.960749
v 6.270643 0.191428 0.970865
v 6.262111 0.228233 0.926968
v 6.231280 0.270342 0.843246
v 6.084654 0.468180 -0.174388
v 6.050272 0.241977 0.781713
v 6.067204 0.214720 0.840574
v 6.100879 0.209545 0.866853
v 6.087704 0.229835 0.826962
v 6.066706 0.261795 0.751534
v 6.470923 0.475994 -0.045528
v 6.223757 0.472942 -0.107237
v 6.142632 0.466073 -0.116400
v 6.280050 0.191189 0.974374
v 6.251252 0.227238 0.923527
v 6.220154 0.268242 0.840261
v 6.243117 0.248526 0.887434
v 6.280146 0.176527 0.982803
v 6.267730 0.208573 0.954316
v 7.418989 0.236871 0.850937
v 7.400980 0.209027 0.901695
v 7.432775 0.457124 -0.071883
v 7.436052 0.439070 0.053103
v 7.224087 0.208813 0.972007
v 7.404043 0.415037 0.275536
v 7.338458 0.361462 0.588816
v 7.245487 0.251671 0.903157
v 7.354667 0.290870 0.793985
v 7.211743 0.174291 1.003863
v 7.275364 0.295846 0.809231
v 7.384384 0.400011 0.381478
v 7.308077 0.333202 0.702069
v 7.363188 0.382724 0.482706
v 7.420787 0.427330 0.170816
v 7.294905 0.208693 0.955635
v 7.498738 0.404463 0.265845
v 7.426513 0.352949 0.576323
v 7.319350 0.249113 0.888581
v 7.494335 0.209961 0.851580
v 7.507916 0.226620 0.815781
v 7.526186 0.256952 0.744004
v 7.420846 0.470330 -0.136755
v 7.330325 0.247527 0.885443
v 7.282064 0.176350 0.984368
v 7.305525 0.208433 0.951742
v 7.477206 0.389522 0.373188
v 7.392488 0.326018 0.688447
v 7.365891 0.288212 0.791246
v 6.121329 0.272259 0.767755
v 6.148461 0.236871 0.850937
v 6.166470 0.209027 0.901695
v 6.134674 0.457124 -0.071883
v 6.131398 0.439070 0.053103
v 6.343363 0.208813 0.972007
v 6.163407 0.415037 0.275536
v 6.228992 0.361462 0.588816
v 6.321963 0.251671 0.903157
v 6.212782 0.290870 0.793985
v 6.170922 0.197519 0.912776
v 6.355707 0.174291 1.003863
v 6.113861 0.373071 0.472899
v 6.292086 0.295846 0.809231
v 6.183065 0.400011 0.381478
v 6.259372 0.333202 0.702069
v 6.204262 0.382724 0.482706
v 6.146663 0.427330 0.170816
v 6.272545 0.208693 0.955635
v 6.140937 0.352949 0.576323
v 6.248100 0.249113 0.888581
v 6.073115 0.209962 0.851580
v 6.059533 0.226620 0.815780
v 6.041264 0.256952 0.744004
v 6.237124 0.247527 0.885443
v 6.261925 0.208433 0.951742
v 6.201558 0.288212 0.791246
v 7.536718 0.459541 -0.203756
v 7.554644 0.450815 -0.192686
v 7.554644 0.450815 -0.192686
v 7.575424 0.438089 -0.178857
v 7.575424 0.438089 -0.178857
v 7.618160 0.384696 -0.019076
v 7.618160 0.384696 -0.019076
v 7.616547 0.379083 0.037883
v 7.610458 0.368266 0.149558
v 7.610458 0.368266 0.149558
v 7.601903 0.357439 0.255416
v 7.591398 0.344367 0.364097
v 7.567845 0.312638 0.550960
v 7.567845 0.312638 0.550960
v 7.550581 0.287770 0.653383
v 7.550581 0.287770 0.653383
v 7.541968 0.274310 0.701909
v 7.581229 0.330813 0.458571
v 7.509692 0.463819 -0.158511
v 7.509692 0.463819 -0.158511
v 7.509692 0.463819 -0.158511
v 7.531006 0.451430 -0.113797
v 7.531006 0.451430 -0.113797
v 7.531006 0.451430 -0.113797
v 7.557253 0.432264 -0.046121
v 7.557253 0.432264 -0.046121
v 7.557253 0.432264 -0.046121
v 7.557253 0.432264 -0.046121
v 7.606233 0.394731 -0.025010
v 7.606233 0.394731 -0.025010
v 7.606233 0.394731 -0.025010
v 7.585804 0.410994 -0.029874
v 7.585804 0.410994 -0.029874
v 7.585804 0.410994 -0.029874
v 7.346687 0.228933 0.913623
v 7.346687 0.228933 0.913623
v 7.346687 0.228933 0.913623
v 7.336448 0.211727 0.940109
v 7.336448 0.211727 0.940109
v 7.336448 0.211727 0.940109
v 7.322184 0.194326 0.962422
v 7.322184 0.194326 0.962422
v 7.322184 0.194326 0.962422
v 7.322184 0.194326 0.962422
v 7.557605 0.421218 0.036567
v 7.557605 0.421218 0.036567
v 7.557605 0.421218 0.036567
v 7.542762 0.409360 0.158362
v 7.542762 0.409360 0.158362
v 7.542762 0.409360 0.158362
v 7.526484 0.397449 0.263778
v 7.526484 0.397449 0.263778
v 7.526484 0.397449 0.263778
v 7.506546 0.382707 0.371643
v 7.506546 0.382707 0.371643
v 7.506546 0.382707 0.371643
v 7.484839 0.366780 0.470475
v 7.484839 0.366780 0.470475
v 7.484839 0.366780 0.470475
v 7.459731 0.347054 0.571978
v 7.459731 0.347054 0.571978
v 7.459731 0.347054 0.571978
v 7.428032 0.320521 0.682703
v 7.428032 0.320521 0.682703
v 7.428032 0.320521 0.682703
v 7.410671 0.304810 0.735666
v 7.410671 0.304810 0.735666
v 7.410671 0.304810 0.735666
v 7.512692 0.280998 0.709434
v 7.512692 0.280998 0.709434
v 7.512692 0.280998 0.709434
v 7.461722 0.292811 0.722567
v 7.461722 0.292811 0.722567
v 7.461722 0.292811 0.722567
v 7.466767 0.208885 0.874336
v 7.466767 0.208885 0.874336
v 7.398691 0.203697 0.914971
v 7.398691 0.203697 0.914971
v 7.398691 0.203697 0.914971
v 7.533540 0.260262 0.744167
v 7.533540 0.260262 0.744167
v 7.524908 0.245338 0.781706
v 7.392959 0.287153 0.786047
v 7.392959 0.287153 0.786047
v 7.392959 0.287153 0.786047
v 7.375681 0.267978 0.833549
v 7.375681 0.267978 0.833549
v 7.375681 0.267978 0.833549
v 7.491590 0.250303 0.793286
v 7.491590 0.250303 0.793286
v 7.491590 0.250303 0.793286
v 7.433609 0.259081 0.813473
v 7.433609 0.259081 0.813473
v 7.433609 0.259081 0.813473
v 6.783725 0.481608 -0.004457
v 6.783725 0.481608 -0.004457
v 6.783725 0.481608 -0.004457
v 6.783725 0.480352 0.021345
v 6.783725 0.480352 0.021345
v 6.783725 0.480352 0.021345
v 6.783725 0.477939 0.060108
v 6.783725 0.477939 0.060108
v 6.783725 0.477939 0.060108
v 6.783725 0.232071 0.989676
v 6.783725 0.232071 0.989676
v 6.783725 0.232071 0.989676
v 6.783725 0.209316 1.020108
v 6.783725 0.209316 1.020108
v 6.783725 0.209316 1.020108
v 6.783725 0.188561 1.041754
v 6.783725 0.188561 1.041754
v 6.783725 0.188561 1.041754
v 6.783725 0.474019 0.109203
v 6.783725 0.474019 0.109203
v 6.783725 0.474019 0.109203
v 6.783725 0.462559 0.216067
v 6.783725 0.462559 0.216067
v 6.783725 0.462559 0.216067
v 6.783725 0.448723 0.317461
v 6.783725 0.448723 0.317461
v 6.783725 0.448723 0.317461
v 6.783725 0.432212 0.418671
v 6.783725 0.432212 0.418671
v 6.783725 0.432212 0.418671
v 6.783725 0.410929 0.526652
v 6.783725 0.410929 0.526652
v 6.783725 0.410929 0.526652
v 6.783725 0.384263 0.641391
v 6.783725 0.384263 0.641391
v 6.783725 0.384263 0.641391
v 6.783725 0.350401 0.755242
v 6.783725 0.350401 0.755242
v 6.783725 0.350401 0.755242
v 6.783725 0.329943 0.809424
v 6.783725 0.329943 0.809424
v 6.783725 0.329943 0.809424
v 6.783725 0.306949 0.861504
v 6.783725 0.306949 0.861504
v 6.783725 0.306949 0.861504
v 6.783725 0.282198 0.909836
v 6.783725 0.282198 0.909836
v 6.783725 0.282198 0.909836
v 6.990093 0.282315 0.899115
v 6.990093 0.282315 0.899115
v 6.990093 0.282315 0.899115
v 7.094123 0.471262 0.040725
v 7.094123 0.471262 0.040725
v 7.094123 0.471262 0.040725
v 6.978644 0.233181 0.979959
v 6.978644 0.233181 0.979959
v 6.978644 0.233181 0.979959
v 7.160591 0.234178 0.957178
v 7.160591 0.234178 0.957178
v 7.160591 0.234178 0.957178
v 7.182282 0.280721 0.874604
v 7.182282 0.280721 0.874604
v 7.182282 0.280721 0.874604
v 7.343763 0.459331 0.006376
v 7.343763 0.459331 0.006376
v 7.343763 0.459331 0.006376
v 7.344052 0.478898 -0.112212
v 7.344052 0.478898 -0.112212
v 6.970546 0.189639 1.032811
v 6.970546 0.189639 1.032811
v 6.970546 0.189639 1.032811
v 7.003517 0.328504 0.797576
v 7.003517 0.328504 0.797576
v 7.003517 0.328504 0.797576
v 7.096477 0.479319 -0.031059
v 7.096477 0.479319 -0.031059
v 7.096477 0.479319 -0.031059
v 7.095880 0.475916 -0.001960
v 7.095880 0.475916 -0.001960
v 7.095880 0.475916 -0.001960
v 7.090595 0.466037 0.092878
v 7.090595 0.466037 0.092878
v 7.090595 0.466037 0.092878
v 7.080175 0.454185 0.202592
v 7.080175 0.454185 0.202592
v 7.080175 0.454185 0.202592
v 6.996612 0.306321 0.850257
v 6.996612 0.306321 0.850257
v 6.996612 0.306321 0.850257
v 7.055876 0.424958 0.409302
v 7.055876 0.424958 0.409302
v 7.055876 0.424958 0.409302
v 7.042133 0.405071 0.515417
v 7.042133 0.405071 0.515417
v 7.042133 0.405071 0.515417
v 7.010782 0.348112 0.742704
v 7.010782 0.348112 0.742704
v 7.010782 0.348112 0.742704
v 6.974103 0.210455 1.010832
v 6.974103 0.210455 1.010832
v 6.974103 0.210455 1.010832
v 7.068376 0.440840 0.306207
v 7.068376 0.440840 0.306207
v 7.068376 0.440840 0.306207
v 7.026589 0.380229 0.628169
v 7.026589 0.380229 0.628169
v 7.026589 0.380229 0.628169
v 6.984040 0.257511 0.942512
v 6.984040 0.257511 0.942512
v 6.984040 0.257511 0.942512
v 6.783725 0.256768 0.952720
v 6.783725 0.256768 0.952720
v 6.783725 0.256768 0.952720
v 7.359796 0.248065 0.877271
v 7.359796 0.248065 0.877271
v 7.359796 0.248065 0.877271
v 7.472821 0.220597 0.856471
v 7.472821 0.220597 0.856471
v 7.472821 0.220597 0.856471
v 7.409715 0.224725 0.885135
v 7.409715 0.224725 0.885135
v 7.409715 0.224725 0.885135
v 7.516095 0.229904 0.815529
v 7.516095 0.229904 0.815529
v 7.509241 0.217222 0.839724
v 7.509241 0.217222 0.839724
v 7.509241 0.217222 0.839724
v 6.783725 0.147076 1.059184
v 6.968004 0.148571 1.050466
v 7.291047 0.166714 0.989620
v 7.296414 0.177689 0.983831
v 7.296414 0.177689 0.983831
v 6.783725 0.156489 1.057780
v 6.783725 0.156489 1.057780
v 6.783725 0.156489 1.057780
v 6.783725 0.149608 1.059524
v 6.783725 0.149608 1.059524
v 6.966497 0.157829 1.049098
v 6.966497 0.157829 1.049098
v 6.966497 0.157829 1.049098
v 6.968041 0.171297 1.044399
v 6.968041 0.171297 1.044399
v 6.968041 0.171297 1.044399
v 7.467290 0.195347 0.872921
v 7.402914 0.187383 0.913342
v 7.337915 0.177196 0.954272
v 7.292993 0.165509 0.987604
v 7.331194 0.187613 0.960064
v 7.331194 0.187613 0.960064
v 6.783725 0.170122 1.053159
v 6.783725 0.170122 1.053159
v 6.783725 0.170122 1.053159
v 6.966064 0.151048 1.050866
v 6.966064 0.151048 1.050866
v 7.138840 0.161725 1.028628
v 7.138840 0.161725 1.028628
v 7.138840 0.161725 1.028628
v 7.506201 0.210055 0.849352
v 7.506201 0.210055 0.849352
v 7.302383 0.172715 0.979059
v 7.334190 0.183785 0.957976
v 7.146283 0.192123 1.011760
v 7.146283 0.192123 1.011760
v 7.146283 0.192123 1.011760
v 7.208752 0.324421 0.771791
v 7.208752 0.324421 0.771791
v 7.208752 0.324421 0.771791
v 7.284424 0.232938 0.934230
v 7.284424 0.232938 0.934230
v 7.284424 0.232938 0.934230
v 7.234049 0.233718 0.944251
v 7.234049 0.233718 0.944251
v 7.234049 0.233718 0.944251
v 7.313926 0.276189 0.850246
v 7.313926 0.276189 0.850246
v 7.313926 0.276189 0.850246
v 7.260260 0.278500 0.860858
v 7.260260 0.278500 0.860858
v 7.260260 0.278500 0.860858
v 7.503907 0.445402 -0.023707
v 7.503907 0.445402 -0.023707
v 7.503907 0.445402 -0.023707
v 7.439038 0.451823 -0.010796
v 7.439038 0.451823 -0.010796
v 7.439038 0.451823 -0.010796
v 7.464818 0.474236 -0.163362
v 7.420381 0.476483 -0.141861
v 7.420381 0.476483 -0.141861
v 7.258485 0.166028 0.999681
v 7.258485 0.166028 0.999681
v 7.258485 0.166028 0.999681
v 7.209503 0.164123 1.013118
v 7.209503 0.164123 1.013118
v 7.209503 0.164123 1.013118
v 7.137527 0.155276 1.030488
v 7.137527 0.155276 1.030488
v 7.141748 0.174535 1.023765
v 7.141748 0.174535 1.023765
v 7.141748 0.174535 1.023765
v 7.170617 0.257289 0.918818
v 7.170617 0.257289 0.918818
v 7.170617 0.257289 0.918818
v 7.249123 0.372253 0.602144
v 7.249123 0.372253 0.602144
v 7.249123 0.372253 0.602144
v 7.222547 0.342680 0.716510
v 7.222547 0.342680 0.716510
v 7.222547 0.342680 0.716510
v 7.308746 0.427952 0.285676
v 7.308746 0.427952 0.285676
v 7.308746 0.427952 0.285676
v 7.290821 0.412736 0.390652
v 7.290821 0.412736 0.390652
v 7.290821 0.412736 0.390652
v 7.195163 0.303474 0.825043
v 7.195163 0.303474 0.825043
v 7.195163 0.303474 0.825043
v 7.338921 0.452432 0.066493
v 7.338921 0.452432 0.066493
v 7.338921 0.452432 0.066493
v 7.344494 0.474517 -0.087973
v 7.344494 0.474517 -0.087973
v 7.344494 0.474517 -0.087973
v 7.345051 0.467552 -0.048247
v 7.345051 0.467552 -0.048247
v 7.345051 0.467552 -0.048247
v 7.271637 0.394636 0.493504
v 7.271637 0.394636 0.493504
v 7.271637 0.394636 0.493504
v 7.324610 0.440608 0.181035
v 7.324610 0.440608 0.181035
v 7.324610 0.440608 0.181035
v 7.152510 0.212275 0.989005
v 7.152510 0.212275 0.989005
v 7.152510 0.212275 0.989005
v 7.217821 0.193201 0.996799
v 7.217821 0.193201 0.996799
v 7.217821 0.193201 0.996799
v 7.267099 0.193892 0.984105
v 7.267099 0.193892 0.984105
v 7.267099 0.193892 0.984105
v 7.292311 0.320471 0.758416
v 7.292311 0.320471 0.758416
v 7.292311 0.320471 0.758416
v 7.349917 0.316586 0.748436
v 7.349917 0.316586 0.748436
v 7.349917 0.316586 0.748436
v 7.331614 0.297261 0.800753
v 7.331614 0.297261 0.800753
v 7.331614 0.297261 0.800753
v 7.367926 0.333365 0.694219
v 7.367926 0.333365 0.694219
v 7.367926 0.333365 0.694219
v 7.427188 0.381335 0.476950
v 7.427188 0.381335 0.476950
v 7.427188 0.381335 0.476950
v 7.450047 0.398074 0.376627
v 7.450047 0.398074 0.376627
v 7.450047 0.398074 0.376627
v 7.256862 0.160118 1.001565
v 7.256862 0.160118 1.001565
v 7.261863 0.177734 0.994949
v 7.261863 0.177734 0.994949
v 7.261863 0.177734 0.994949
v 7.297850 0.254432 0.895548
v 7.297850 0.254432 0.895548
v 7.297850 0.254432 0.895548
v 7.400840 0.360818 0.581383
v 7.400840 0.360818 0.581383
v 7.400840 0.360818 0.581383
v 7.488349 0.425110 0.164564
v 7.488349 0.425110 0.164564
v 7.488349 0.425110 0.164564
v 7.470988 0.413055 0.269561
v 7.470988 0.413055 0.269561
v 7.470988 0.413055 0.269561
v 7.274366 0.212562 0.963988
v 7.274366 0.212562 0.963988
v 7.274366 0.212562 0.963988
v 7.504297 0.436812 0.044110
v 7.504297 0.436812 0.044110
v 7.504297 0.436812 0.044110
v 7.474783 0.467774 -0.135651
v 7.474783 0.467774 -0.135651
v 7.474783 0.467774 -0.135651
v 7.490667 0.457225 -0.087972
v 7.490667 0.457225 -0.087972
v 7.490667 0.457225 -0.087972
v 7.293708 0.194094 0.976776
v 7.293708 0.194094 0.976776
v 7.293708 0.194094 0.976776
v 7.298640 0.194033 0.974720
v 7.298640 0.194033 0.974720
v 7.298640 0.194033 0.974720
v 7.380848 0.312737 0.742971
v 7.380848 0.312737 0.742971
v 7.386721 0.310790 0.741679
v 7.386721 0.310790 0.741679
v 7.386721 0.310790 0.741679
v 7.311434 0.231783 0.928657
v 7.311434 0.231783 0.928657
v 7.306185 0.232297 0.929755
v 7.306185 0.232297 0.929755
v 7.306185 0.232297 0.929755
v 7.337130 0.274686 0.845528
v 7.337130 0.274686 0.845528
v 7.538626 0.440485 -0.031083
v 7.538626 0.440485 -0.031083
v 7.538626 0.440485 -0.031083
v 7.531901 0.441995 -0.029541
v 7.531901 0.441995 -0.029541
v 7.531901 0.441995 -0.029541
v 7.483698 0.473025 -0.173548
v 7.285604 0.167109 0.991866
v 7.285604 0.167109 0.991866
v 7.285604 0.167109 0.991866
v 7.279997 0.166889 0.993478
v 7.279997 0.166889 0.993478
v 7.279997 0.166889 0.993478
v 7.466242 0.201970 0.874798
v 7.592349 0.423187 -0.165456
v 7.604218 0.409978 -0.153571
v 7.615550 0.387063 -0.021906
v 7.615550 0.387063 -0.021906
v 7.615550 0.387063 -0.021906
v 7.536409 0.275545 0.703328
v 7.536409 0.275545 0.703328
v 7.498310 0.211663 0.854633
v 7.498310 0.211663 0.854633
v 7.518582 0.246252 0.783892
v 7.518582 0.246252 0.783892
v 7.502021 0.218583 0.843206
v 7.502021 0.218583 0.843206
v 7.400353 0.194305 0.916074
v 7.468296 0.212976 0.870055
v 7.468296 0.212976 0.870055
v 7.468296 0.212976 0.870055
v 7.481170 0.233985 0.829360
v 7.481170 0.233985 0.829360
v 7.481170 0.233985 0.829360
v 7.502172 0.266159 0.753512
v 7.502172 0.266159 0.753512
v 7.502172 0.266159 0.753512
v 7.523275 0.294954 0.659916
v 7.523275 0.294954 0.659916
v 7.523275 0.294954 0.659916
v 7.543791 0.320190 0.555635
v 7.543791 0.320190 0.555635
v 7.543791 0.320190 0.555635
v 7.559813 0.338710 0.461210
v 7.559813 0.338710 0.461210
v 7.559813 0.338710 0.461210
v 7.572579 0.352793 0.365762
v 7.572579 0.352793 0.365762
v 7.572579 0.352793 0.365762
v 7.585207 0.366244 0.257259
v 7.585207 0.366244 0.257259
v 7.585207 0.366244 0.257259
v 7.595500 0.377319 0.151493
v 7.595500 0.377319 0.151493
v 7.595500 0.377319 0.151493
v 7.603732 0.388346 0.037396
v 7.603732 0.388346 0.037396
v 7.603732 0.388346 0.037396
v 7.616985 0.393104 -0.101020
v 7.617933 0.389544 -0.066576
v 7.572137 0.436850 -0.154280
v 7.572137 0.436850 -0.154280
v 7.572137 0.436850 -0.154280
v 7.574818 0.437783 -0.173550
v 7.574818 0.437783 -0.173550
v 7.574818 0.437783 -0.173550
v 7.517330 0.466644 -0.204709
v 7.507143 0.468865 -0.194405
v 7.605340 0.406551 -0.125677
v 7.605340 0.406551 -0.125677
v 7.605340 0.406551 -0.125677
v 7.604618 0.409084 -0.146218
v 7.604618 0.409084 -0.146218
v 7.499673 0.469412 -0.178539
v 6.783725 0.482165 -0.016972
v 6.783725 0.482165 -0.016972
v 7.096669 0.480960 -0.044959
v 7.096669 0.480960 -0.044959
v 7.344112 0.477849 -0.106373
v 7.344112 0.477849 -0.106373
v 7.344112 0.477849 -0.106373
v 7.466965 0.472781 -0.157271
v 7.466965 0.472781 -0.157271
v 7.504014 0.464807 -0.150460
v 7.504014 0.464807 -0.150460
v 7.425412 0.470958 -0.115521
v 7.425412 0.470958 -0.115521
v 7.425412 0.470958 -0.115521
v 7.530364 0.460498 -0.192505
v 7.530364 0.460498 -0.192505
v 7.520150 0.462120 -0.175421
v 7.520150 0.462120 -0.175421
v 7.520150 0.462120 -0.175421
v 7.566013 0.434890 -0.111165
v 7.566013 0.434890 -0.111165
v 7.566013 0.434890 -0.111165
v 7.522342 0.465456 -0.209893
v 7.606355 0.401331 -0.082852
v 7.606355 0.401331 -0.082852
v 7.606355 0.401331 -0.082852
v 7.591592 0.420642 -0.138392
v 7.591592 0.420642 -0.138392
v 7.591592 0.420642 -0.138392
v 7.520875 0.465038 -0.201452
v 7.612906 0.398074 -0.113384
v 7.612906 0.398074 -0.113384
v 7.549389 0.450836 -0.174615
v 7.549389 0.450836 -0.174615
v 7.549389 0.450836 -0.174615
v 7.288469 0.194125 0.978277
v 7.288469 0.194125 0.978277
v 7.288469 0.194125 0.978277
v 7.374837 0.314174 0.744033
v 7.374837 0.314174 0.744033
v 7.317714 0.231057 0.926376
v 7.317714 0.231057 0.926376
v 7.348844 0.272365 0.842628
v 7.348844 0.272365 0.842628
v 7.348844 0.272365 0.842628
v 7.342728 0.273731 0.844390
v 7.342728 0.273731 0.844390
v 7.543036 0.438684 -0.033172
v 7.543036 0.438684 -0.033172
v 7.543036 0.438684 -0.033172
v 7.491302 0.472140 -0.178954
v 7.288503 0.167145 0.990950
v 7.495849 0.466070 -0.145116
v 7.495849 0.466070 -0.145116
v 7.495849 0.466070 -0.145116
v 7.501234 0.465358 -0.148048
v 7.501234 0.465358 -0.148048
v 7.325633 0.252632 0.889973
v 7.325633 0.252632 0.889973
v 7.325633 0.252632 0.889973
v 7.288710 0.178465 0.987192
v 7.524397 0.419529 0.160731
v 7.524397 0.419529 0.160731
v 7.506695 0.407504 0.265931
v 7.506695 0.407504 0.265931
v 7.300996 0.212101 0.957621
v 7.300996 0.212101 0.957621
v 7.300996 0.212101 0.957621
v 7.540605 0.431300 0.038738
v 7.540605 0.431300 0.038738
v 7.521329 0.453563 -0.098057
v 7.461262 0.376070 0.473307
v 7.461262 0.376070 0.473307
v 7.461262 0.376070 0.473307
v 7.434031 0.355982 0.576714
v 7.434031 0.355982 0.576714
v 7.434031 0.355982 0.576714
v 7.485049 0.392498 0.373552
v 7.485049 0.392498 0.373552
v 7.399758 0.329041 0.689103
v 7.399758 0.329041 0.689103
v 7.399758 0.329041 0.689103
v 7.361506 0.294078 0.794962
v 7.361506 0.294078 0.794962
v 5.963232 0.409978 -0.153571
v 5.963232 0.409978 -0.153571
v 5.956057 0.401767 -0.143384
v 6.012806 0.450815 -0.192686
v 5.992025 0.438089 -0.178857
v 5.949290 0.384696 -0.019076
v 5.950903 0.379083 0.037883
v 5.950903 0.379083 0.037883
v 5.956991 0.368266 0.149558
v 5.965547 0.357439 0.255416
v 5.976051 0.344367 0.364097
v 5.999604 0.312638 0.550960
v 5.999604 0.312638 0.550960
v 6.016869 0.287770 0.653383
v 6.025482 0.274310 0.701909
v 6.025482 0.274310 0.701909
v 5.986220 0.330813 0.458571
v 5.986220 0.330813 0.458571
v 6.057757 0.463819 -0.158511
v 6.057757 0.463819 -0.158511
v 6.036444 0.451430 -0.113797
v 6.036444 0.451430 -0.113797
v 6.036444 0.451430 -0.113797
v 6.010197 0.432264 -0.046121
v 6.010197 0.432264 -0.046121
v 6.010197 0.432264 -0.046121
v 6.010197 0.432264 -0.046121
v 5.961217 0.394731 -0.025011
v 5.961217 0.394731 -0.025011
v 5.961217 0.394731 -0.025011
v 5.981646 0.410994 -0.029874
v 5.981646 0.410994 -0.029874
v 5.981646 0.410994 -0.029874
v 6.220762 0.228933 0.913623
v 6.220762 0.228933 0.913623
v 6.220762 0.228933 0.913623
v 6.231002 0.211727 0.940109
v 6.231002 0.211727 0.940109
v 6.231002 0.211727 0.940109
v 6.245265 0.194326 0.962422
v 6.245265 0.194326 0.962422
v 6.245265 0.194326 0.962422
v 6.245265 0.194326 0.962422
v 6.009845 0.421218 0.036567
v 6.009845 0.421218 0.036567
v 6.009845 0.421218 0.036567
v 6.024688 0.409360 0.158362
v 6.024688 0.409360 0.158362
v 6.024688 0.409360 0.158362
v 6.040966 0.397449 0.263778
v 6.040966 0.397449 0.263778
v 6.040966 0.397449 0.263778
v 6.060904 0.382707 0.371643
v 6.060904 0.382707 0.371643
v 6.060904 0.382707 0.371643
v 6.082611 0.366780 0.470475
v 6.082611 0.366780 0.470475
v 6.082611 0.366780 0.470475
v 6.107718 0.347054 0.571978
v 6.107718 0.347054 0.571978
v 6.107718 0.347054 0.571978
v 6.139418 0.320521 0.682703
v 6.139418 0.320521 0.682703
v 6.139418 0.320521 0.682703
v 6.156779 0.304810 0.735666
v 6.156779 0.304810 0.735666
v 6.156779 0.304810 0.735666
v 6.054758 0.280998 0.709434
v 6.054758 0.280998 0.709434
v 6.054758 0.280998 0.709434
v 6.105727 0.292811 0.722567
v 6.105727 0.292811 0.722567
v 6.105727 0.292811 0.722567
v 6.100682 0.208885 0.874336
v 6.100682 0.208885 0.874336
v 6.168759 0.203697 0.914971
v 6.168759 0.203697 0.914971
v 6.168759 0.203697 0.914971
v 6.033909 0.260262 0.744167
v 6.033909 0.260262 0.744167
v 6.042542 0.245338 0.781706
v 6.174490 0.287153 0.786047
v 6.174490 0.287153 0.786047
v 6.174490 0.287153 0.786047
v 6.191769 0.267978 0.833549
v 6.191769 0.267978 0.833549
v 6.191769 0.267978 0.833549
v 6.075859 0.250303 0.793286
v 6.075859 0.250303 0.793286
v 6.075859 0.250303 0.793286
v 6.133841 0.259081 0.813473
v 6.133841 0.259081 0.813473
v 6.133841 0.259081 0.813473
v 6.577357 0.282315 0.899115
v 6.577357 0.282315 0.899115
v 6.577357 0.282315 0.899115
v 6.473327 0.471262 0.040725
v 6.473327 0.471262 0.040725
v 6.473327 0.471262 0.040725
v 6.470729 0.481564 -0.050235
v 6.470729 0.481564 -0.050235
v 6.588806 0.233181 0.979959
v 6.588806 0.233181 0.979959
v 6.588806 0.233181 0.979959
v 6.406858 0.234178 0.957178
v 6.406858 0.234178 0.957178
v 6.406858 0.234178 0.957178
v 6.385167 0.280721 0.874604
v 6.385167 0.280721 0.874604
v 6.385167 0.280721 0.874604
v 6.223686 0.459331 0.006376
v 6.223686 0.459331 0.006376
v 6.223686 0.459331 0.006376
v 6.223397 0.478898 -0.112212
v 6.596903 0.189639 1.032811
v 6.596903 0.189639 1.032811
v 6.596903 0.189639 1.032811
v 6.563932 0.328504 0.797576
v 6.563932 0.328504 0.797576
v 6.563932 0.328504 0.797576
v 6.470973 0.479319 -0.031059
v 6.470973 0.479319 -0.031059
v 6.470973 0.479319 -0.031059
v 6.471570 0.475916 -0.001960
v 6.471570 0.475916 -0.001960
v 6.471570 0.475916 -0.001960
v 6.476854 0.466037 0.092878
v 6.476854 0.466037 0.092878
v 6.476854 0.466037 0.092878
v 6.487274 0.454185 0.202592
v 6.487274 0.454185 0.202592
v 6.487274 0.454185 0.202592
v 6.570838 0.306321 0.850257
v 6.570838 0.306321 0.850257
v 6.570838 0.306321 0.850257
v 6.511574 0.424958 0.409302
v 6.511574 0.424958 0.409302
v 6.511574 0.424958 0.409302
v 6.525317 0.405071 0.515417
v 6.525317 0.405071 0.515417
v 6.525317 0.405071 0.515417
v 6.556668 0.348112 0.742704
v 6.556668 0.348112 0.742704
v 6.556668 0.348112 0.742704
v 6.593346 0.210455 1.010832
v 6.593346 0.210455 1.010832
v 6.593346 0.210455 1.010832
v 6.499074 0.440840 0.306207
v 6.499074 0.440840 0.306207
v 6.499074 0.440840 0.306207
v 6.540860 0.380229 0.628169
v 6.540860 0.380229 0.628169
v 6.540860 0.380229 0.628169
v 6.583409 0.257511 0.942512
v 6.583409 0.257511 0.942512
v 6.583409 0.257511 0.942512
v 6.207654 0.248065 0.877272
v 6.207654 0.248065 0.877272
v 6.207654 0.248065 0.877272
v 6.094629 0.220597 0.856471
v 6.094629 0.220597 0.856471
v 6.094629 0.220597 0.856471
v 6.157735 0.224725 0.885135
v 6.157735 0.224725 0.885135
v 6.157735 0.224725 0.885135
v 6.051354 0.229904 0.815529
v 6.051354 0.229904 0.815529
v 6.058209 0.217222 0.839724
v 6.058209 0.217222 0.839724
v 6.058209 0.217222 0.839724
v 6.599445 0.148571 1.050466
v 6.276403 0.166714 0.989620
v 6.271035 0.177689 0.983831
v 6.271035 0.177689 0.983831
v 6.600952 0.157829 1.049098
v 6.600952 0.157829 1.049098
v 6.600952 0.157829 1.049098
v 6.599409 0.171297 1.044398
v 6.599409 0.171297 1.044398
v 6.599409 0.171297 1.044398
v 6.100159 0.195347 0.872921
v 6.164536 0.187383 0.913342
v 6.229534 0.177196 0.954272
v 6.261533 0.167636 0.974644
v 6.236255 0.187613 0.960064
v 6.236255 0.187613 0.960064
v 6.601386 0.151048 1.050866
v 6.601386 0.151048 1.050866
v 6.428609 0.161725 1.028628
v 6.428609 0.161725 1.028628
v 6.428609 0.161725 1.028628
v 6.233259 0.183785 0.957976
v 6.233259 0.183785 0.957976
v 6.231322 0.180436 0.956088
v 6.231322 0.180436 0.956088
v 6.061248 0.210055 0.849352
v 6.265067 0.172715 0.979059
v 6.421167 0.192123 1.011760
v 6.421167 0.192123 1.011760
v 6.421167 0.192123 1.011760
v 6.358697 0.324422 0.771791
v 6.358697 0.324422 0.771791
v 6.358697 0.324422 0.771791
v 6.283026 0.232938 0.934229
v 6.283026 0.232938 0.934229
v 6.283026 0.232938 0.934229
v 6.333401 0.233718 0.944251
v 6.333401 0.233718 0.944251
v 6.333401 0.233718 0.944251
v 6.253524 0.276189 0.850246
v 6.253524 0.276189 0.850246
v 6.253524 0.276189 0.850246
v 6.307190 0.278500 0.860858
v 6.307190 0.278500 0.860858
v 6.307190 0.278500 0.860858
v 6.063542 0.445402 -0.023706
v 6.063542 0.445402 -0.023706
v 6.063542 0.445402 -0.023706
v 6.128411 0.451823 -0.010796
v 6.128411 0.451823 -0.010796
v 6.128411 0.451823 -0.010796
v 6.102632 0.474236 -0.163362
v 6.147069 0.476483 -0.141861
v 6.308965 0.166028 0.999681
v 6.308965 0.166028 0.999681
v 6.308965 0.166028 0.999681
v 6.357946 0.164123 1.013118
v 6.357946 0.164123 1.013118
v 6.357946 0.164123 1.013118
v 6.429923 0.155276 1.030488
v 6.429923 0.155276 1.030488
v 6.425702 0.174535 1.023765
v 6.425702 0.174535 1.023765
v 6.425702 0.174535 1.023765
v 6.396832 0.257289 0.918817
v 6.396832 0.257289 0.918817
v 6.396832 0.257289 0.918817
v 6.318327 0.372253 0.602144
v 6.318327 0.372253 0.602144
v 6.318327 0.372253 0.602144
v 6.344903 0.342680 0.716510
v 6.344903 0.342680 0.716510
v 6.344903 0.342680 0.716510
v 6.258704 0.427952 0.285676
v 6.258704 0.427952 0.285676
v 6.258704 0.427952 0.285676
v 6.276628 0.412736 0.390652
v 6.276628 0.412736 0.390652
v 6.276628 0.412736 0.390652
v 6.372287 0.303474 0.825043
v 6.372287 0.303474 0.825043
v 6.372287 0.303474 0.825043
v 6.228529 0.452432 0.066493
v 6.228529 0.452432 0.066493
v 6.228529 0.452432 0.066493
v 6.222956 0.474517 -0.087973
v 6.222956 0.474517 -0.087973
v 6.222956 0.474517 -0.087973
v 6.222398 0.467552 -0.048247
v 6.222398 0.467552 -0.048247
v 6.222398 0.467552 -0.048247
v 6.295813 0.394636 0.493504
v 6.295813 0.394636 0.493504
v 6.295813 0.394636 0.493504
v 6.242840 0.440608 0.181035
v 6.242840 0.440608 0.181035
v 6.242840 0.440608 0.181035
v 6.414940 0.212275 0.989005
v 6.414940 0.212275 0.989005
v 6.414940 0.212275 0.989005
v 6.349629 0.193201 0.996799
v 6.349629 0.193201 0.996799
v 6.349629 0.193201 0.996799
v 6.300351 0.193892 0.984104
v 6.300351 0.193892 0.984104
v 6.300351 0.193892 0.984104
v 6.275139 0.320471 0.758417
v 6.275139 0.320471 0.758417
v 6.275139 0.320471 0.758417
v 6.217532 0.316586 0.748436
v 6.217532 0.316586 0.748436
v 6.217532 0.316586 0.748436
v 6.235835 0.297261 0.800753
v 6.235835 0.297261 0.800753
v 6.235835 0.297261 0.800753
v 6.199524 0.333365 0.694219
v 6.199524 0.333365 0.694219
v 6.199524 0.333365 0.694219
v 6.140262 0.381335 0.476950
v 6.140262 0.381335 0.476950
v 6.140262 0.381335 0.476950
v 6.117404 0.398074 0.376627
v 6.117404 0.398074 0.376627
v 6.117404 0.398074 0.376627
v 6.310588 0.160118 1.001565
v 6.310588 0.160118 1.001565
v 6.305587 0.177734 0.994950
v 6.305587 0.177734 0.994950
v 6.305587 0.177734 0.994950
v 6.269599 0.254432 0.895548
v 6.269599 0.254432 0.895548
v 6.269599 0.254432 0.895548
v 6.166610 0.360818 0.581383
v 6.166610 0.360818 0.581383
v 6.166610 0.360818 0.581383
v 6.079100 0.425110 0.164564
v 6.079100 0.425110 0.164564
v 6.079100 0.425110 0.164564
v 6.096462 0.413055 0.269561
v 6.096462 0.413055 0.269561
v 6.096462 0.413055 0.269561
v 6.293083 0.212562 0.963988
v 6.293083 0.212562 0.963988
v 6.293083 0.212562 0.963988
v 6.063152 0.436812 0.044110
v 6.063152 0.436812 0.044110
v 6.063152 0.436812 0.044110
v 6.092667 0.467774 -0.135651
v 6.092667 0.467774 -0.135651
v 6.092667 0.467774 -0.135651
v 6.076783 0.457225 -0.087972
v 6.076783 0.457225 -0.087972
v 6.076783 0.457225 -0.087972
v 6.273741 0.194094 0.976776
v 6.273741 0.194094 0.976776
v 6.273741 0.194094 0.976776
v 6.268810 0.194033 0.974720
v 6.268810 0.194033 0.974720
v 6.268810 0.194033 0.974720
v 6.186602 0.312737 0.742971
v 6.186602 0.312737 0.742971
v 6.180729 0.310790 0.741679
v 6.180729 0.310790 0.741679
v 6.180729 0.310790 0.741679
v 6.261265 0.232297 0.929756
v 6.261265 0.232297 0.929756
v 6.230319 0.274686 0.845528
v 6.230319 0.274686 0.845528
v 6.028824 0.440485 -0.031083
v 6.028824 0.440485 -0.031083
v 6.035549 0.441995 -0.029541
v 6.035549 0.441995 -0.029541
v 6.035549 0.441995 -0.029541
v 6.287453 0.166889 0.993478
v 6.287453 0.166889 0.993478
v 6.101208 0.201970 0.874798
v 6.101208 0.201970 0.874798
v 5.975101 0.423187 -0.165456
v 5.975101 0.423187 -0.165456
v 5.951900 0.387063 -0.021906
v 5.951900 0.387063 -0.021906
v 6.031040 0.275545 0.703328
v 6.031040 0.275545 0.703328
v 6.031040 0.275545 0.703328
v 6.069139 0.211663 0.854633
v 6.069139 0.211663 0.854633
v 6.048867 0.246252 0.783893
v 6.048867 0.246252 0.783893
v 6.065429 0.218583 0.843206
v 6.065429 0.218583 0.843206
v 6.065429 0.218583 0.843206
v 6.167096 0.194305 0.916073
v 6.101200 0.205399 0.875233
v 6.101200 0.205399 0.875233
v 6.100795 0.198632 0.873930
v 6.100795 0.198632 0.873930
v 6.099154 0.212976 0.870055
v 6.099154 0.212976 0.870055
v 6.086280 0.233985 0.829360
v 6.086280 0.233985 0.829360
v 6.086280 0.233985 0.829360
v 6.065278 0.266159 0.753513
v 6.065278 0.266159 0.753513
v 6.065278 0.266159 0.753513
v 6.044174 0.294954 0.659916
v 6.044174 0.294954 0.659916
v 6.044174 0.294954 0.659916
v 6.023659 0.320190 0.555634
v 6.023659 0.320190 0.555634
v 6.023659 0.320190 0.555634
v 6.007636 0.338710 0.461210
v 6.007636 0.338710 0.461210
v 6.007636 0.338710 0.461210
v 5.994870 0.352793 0.365763
v 5.994870 0.352793 0.365763
v 5.994870 0.352793 0.365763
v 5.982243 0.366244 0.257259
v 5.982243 0.366244 0.257259
v 5.982243 0.366244 0.257259
v 5.971950 0.377319 0.151493
v 5.971950 0.377319 0.151493
v 5.971950 0.377319 0.151493
v 5.963717 0.388346 0.037396
v 5.963717 0.388346 0.037396
v 5.963717 0.388346 0.037396
v 5.950464 0.393104 -0.101020
v 5.950464 0.393104 -0.101020
v 5.949516 0.389544 -0.066576
v 5.995313 0.436850 -0.154280
v 5.995313 0.436850 -0.154280
v 5.995313 0.436850 -0.154280
v 5.992632 0.437783 -0.173550
v 5.992632 0.437783 -0.173550
v 6.050120 0.466644 -0.204709
v 6.060307 0.468865 -0.194405
v 6.060307 0.468865 -0.194405
v 6.070663 0.471056 -0.184163
v 5.962110 0.406551 -0.125677
v 5.962110 0.406551 -0.125677
v 5.962110 0.406551 -0.125677
v 5.962831 0.409084 -0.146218
v 5.962831 0.409084 -0.146218
v 5.962831 0.409084 -0.146218
v 6.067777 0.469412 -0.178539
v 6.067777 0.469412 -0.178539
v 6.067777 0.469412 -0.178539
v 6.470780 0.480960 -0.044959
v 6.470780 0.480960 -0.044959
v 6.470780 0.480960 -0.044959
v 6.223338 0.477849 -0.106373
v 6.223338 0.477849 -0.106373
v 6.100485 0.472781 -0.157271
v 6.100485 0.472781 -0.157271
v 6.066216 0.465358 -0.148048
v 6.066216 0.465358 -0.148048
v 6.063436 0.464807 -0.150461
v 6.063436 0.464807 -0.150461
v 6.142038 0.470958 -0.115521
v 6.142038 0.470958 -0.115521
v 6.142038 0.470958 -0.115521
v 6.037086 0.460498 -0.192505
v 6.037086 0.460498 -0.192505
v 6.037086 0.460498 -0.192505
v 6.047299 0.462120 -0.175421
v 6.047299 0.462120 -0.175421
v 6.047299 0.462120 -0.175421
v 5.951101 0.395288 -0.121514
v 6.001437 0.434890 -0.111165
v 6.001437 0.434890 -0.111165
v 6.001437 0.434890 -0.111165
v 5.961094 0.401331 -0.082852
v 5.961094 0.401331 -0.082852
v 5.961094 0.401331 -0.082852
v 6.032160 0.459737 -0.201002
v 6.032160 0.459737 -0.201002
v 5.975857 0.420642 -0.138392
v 5.975857 0.420642 -0.138392
v 5.975857 0.420642 -0.138392
v 6.046575 0.465038 -0.201452
v 6.046575 0.465038 -0.201452
v 5.954543 0.398074 -0.113384
v 5.954543 0.398074 -0.113384
v 5.954543 0.398074 -0.113384
v 6.018061 0.450836 -0.174615
v 6.018061 0.450836 -0.174615
v 6.018061 0.450836 -0.174615
v 6.278980 0.194125 0.978277
v 6.278980 0.194125 0.978277
v 6.278980 0.194125 0.978277
v 6.192613 0.314174 0.744033
v 6.192613 0.314174 0.744033
v 6.249736 0.231057 0.926376
v 6.249736 0.231057 0.926376
v 6.249736 0.231057 0.926376
v 6.256016 0.231783 0.928657
v 6.256016 0.231783 0.928657
v 6.218606 0.272365 0.842629
v 6.218606 0.272365 0.842629
v 6.218606 0.272365 0.842629
v 6.224722 0.273731 0.844389
v 6.224722 0.273731 0.844389
v 6.024414 0.438684 -0.033172
v 6.024414 0.438684 -0.033172
v 6.078747 0.472540 -0.176797
v 6.281845 0.167109 0.991866
v 6.071600 0.466070 -0.145116
v 6.071600 0.466070 -0.145116
v 6.241817 0.252632 0.889973
v 6.241817 0.252632 0.889973
v 6.241817 0.252632 0.889973
v 6.278740 0.178464 0.987192
v 6.278740 0.178464 0.987192
v 6.278740 0.178464 0.987192
v 6.043052 0.419529 0.160731
v 6.043052 0.419529 0.160731
v 6.043052 0.419529 0.160731
v 6.060754 0.407504 0.265931
v 6.060754 0.407504 0.265931
v 6.060754 0.407504 0.265931
v 6.266454 0.212101 0.957621
v 6.266454 0.212101 0.957621
v 6.026845 0.431300 0.038738
v 6.026845 0.431300 0.038738
v 6.046121 0.453563 -0.098057
v 6.046121 0.453563 -0.098057
v 6.106188 0.376070 0.473307
v 6.106188 0.376070 0.473307
v 6.133420 0.355982 0.576714
v 6.133420 0.355982 0.576714
v 6.082401 0.392498 0.373552
v 6.082401 0.392498 0.373552
v 6.167692 0.329041 0.689103
v 6.167692 0.329041 0.689103
v 6.167692 0.329041 0.689103
v 6.205944 0.294078 0.794963
v 6.205944 0.294078 0.794963
v 6.205944 0.294078 0.794963
v 7.540606 0.450992 -0.144896
v 7.540606 0.450992 -0.144896
v 7.540606 0.450992 -0.144896
v 7.581280 0.404526 0.037168
v 7.581280 0.404526 0.037168
v 7.581280 0.404526 0.037168
v 7.569386 0.393256 0.154895
v 7.569386 0.393256 0.154895
v 7.569386 0.393256 0.154895
v 7.556078 0.381753 0.260496
v 7.556078 0.381753 0.260496
v 7.556078 0.381753 0.260496
v 7.539763 0.367648 0.368685
v 7.539763 0.367648 0.368685
v 7.539763 0.367648 0.368685
v 7.522489 0.352640 0.465828
v 7.522489 0.352640 0.465828
v 7.522489 0.352640 0.465828
v 7.501884 0.333519 0.563801
v 7.501884 0.333519 0.563801
v 7.501884 0.333519 0.563801
v 7.475727 0.307638 0.671320
v 7.475727 0.307638 0.671320
v 7.475727 0.307638 0.671320
v 7.447572 0.276578 0.769812
v 7.447572 0.276578 0.769812
v 7.447572 0.276578 0.769812
v 7.420432 0.240979 0.853395
v 7.420432 0.240979 0.853395
v 7.420432 0.240979 0.853395
v 7.402669 0.212466 0.904909
v 7.402669 0.212466 0.904909
v 7.402669 0.212466 0.904909
v 7.433362 0.462021 -0.071066
v 7.433362 0.462021 -0.071066
v 7.433362 0.462021 -0.071066
v 7.436605 0.444005 0.053684
v 7.436605 0.444005 0.053684
v 7.436605 0.444005 0.053684
v 7.494030 0.470516 -0.172829
v 7.224756 0.212600 0.975202
v 7.224756 0.212600 0.975202
v 7.224756 0.212600 0.975202
v 7.404576 0.419955 0.276258
v 7.404576 0.419955 0.276258
v 7.404576 0.419955 0.276258
v 7.338994 0.366287 0.590010
v 7.338994 0.366287 0.590010
v 7.338994 0.366287 0.590010
v 7.246052 0.255966 0.905655
v 7.246052 0.255966 0.905655
v 7.246052 0.255966 0.905655
v 7.355697 0.295288 0.796088
v 7.355697 0.295288 0.796088
v 7.355697 0.295288 0.796088
v 7.405499 0.326945 0.687948
v 7.405499 0.326945 0.687948
v 7.405499 0.326945 0.687948
v 7.300067 0.175393 0.981417
v 7.300067 0.175393 0.981417
v 7.336128 0.180436 0.956088
v 7.401618 0.190797 0.914724
v 7.466655 0.198632 0.873930
v 7.399094 0.198192 0.917014
v 7.399094 0.198192 0.917014
v 7.466249 0.205399 0.875233
v 7.212769 0.176353 1.008301
v 7.212769 0.176353 1.008301
v 7.212769 0.176353 1.008301
v 7.304223 0.170138 0.976815
v 7.490163 0.390152 0.373100
v 7.490163 0.390152 0.373100
v 7.454639 0.377830 0.474015
v 7.454639 0.377830 0.474015
v 7.454639 0.377830 0.474015
v 7.275940 0.300374 0.811271
v 7.275940 0.300374 0.811271
v 7.275940 0.300374 0.811271
v 7.384921 0.404904 0.382353
v 7.384921 0.404904 0.382353
v 7.384921 0.404904 0.382353
v 7.308627 0.337925 0.703615
v 7.308627 0.337925 0.703615
v 7.308627 0.337925 0.703615
v 7.363723 0.387590 0.483726
v 7.363723 0.387590 0.483726
v 7.363723 0.387590 0.483726
v 7.207949 0.157959 1.014999
v 7.207949 0.157959 1.014999
v 7.421325 0.432263 0.171427
v 7.421325 0.432263 0.171427
v 7.421325 0.432263 0.171427
v 7.515270 0.454673 -0.095790
v 7.515270 0.454673 -0.095790
v 7.533589 0.432997 0.039835
v 7.533589 0.432997 0.039835
v 7.533589 0.432997 0.039835
v 7.295812 0.212365 0.958905
v 7.295812 0.212365 0.958905
v 7.295812 0.212365 0.958905
v 7.499755 0.409294 0.266639
v 7.499755 0.409294 0.266639
v 7.427580 0.357658 0.577621
v 7.427580 0.357658 0.577621
v 7.427580 0.357658 0.577621
v 7.291872 0.178430 0.986068
v 7.320233 0.253365 0.891059
v 7.320233 0.253365 0.891059
v 7.320233 0.253365 0.891059
v 7.497467 0.202168 0.854661
v 7.496179 0.213444 0.854657
v 7.496179 0.213444 0.854657
v 7.509439 0.230738 0.818172
v 7.509439 0.230738 0.818172
v 7.509439 0.230738 0.818172
v 7.527585 0.261349 0.745930
v 7.527585 0.261349 0.745930
v 7.527585 0.261349 0.745930
v 7.545396 0.289098 0.654614
v 7.545396 0.289098 0.654614
v 7.545396 0.289098 0.654614
v 7.563278 0.314034 0.551840
v 7.563278 0.314034 0.551840
v 7.563278 0.314034 0.551840
v 7.577162 0.332274 0.459067
v 7.577162 0.332274 0.459067
v 7.587824 0.345928 0.364408
v 7.587824 0.345928 0.364408
v 7.598731 0.359073 0.255761
v 7.598731 0.359073 0.255761
v 7.607617 0.369947 0.149919
v 7.607617 0.369947 0.149919
v 7.607617 0.369947 0.149919
v 7.614079 0.380867 0.037570
v 7.614079 0.380867 0.037570
v 7.614657 0.393235 -0.074657
v 7.614657 0.393235 -0.074657
v 7.497843 0.208663 0.855468
v 7.510358 0.467223 -0.189952
v 7.510358 0.467223 -0.189952
v 7.421443 0.475212 -0.135853
v 7.421443 0.475212 -0.135853
v 7.421443 0.475212 -0.135853
v 7.589422 0.416562 -0.092530
v 7.589422 0.416562 -0.092530
v 7.589422 0.416562 -0.092530
v 7.592349 0.422564 -0.159303
v 7.592349 0.422564 -0.159303
v 7.535290 0.459737 -0.201003
v 7.611905 0.400580 -0.133755
v 7.611905 0.400580 -0.133755
v 7.611905 0.400580 -0.133755
v 7.553525 0.450792 -0.188678
v 7.553525 0.450792 -0.188678
v 7.553525 0.450792 -0.188678
v 7.517386 0.421279 0.161525
v 7.517386 0.421279 0.161525
v 7.517386 0.421279 0.161525
v 7.529198 0.417206 0.160120
v 7.529198 0.417206 0.160120
v 7.331830 0.251553 0.887997
v 7.331830 0.251553 0.887997
v 7.331830 0.251553 0.887997
v 7.283290 0.178335 0.988790
v 7.283290 0.178335 0.988790
v 7.439545 0.353794 0.575798
v 7.439545 0.353794 0.575798
v 7.439545 0.353794 0.575798
v 7.511645 0.405152 0.265408
v 7.511645 0.405152 0.265408
v 7.511645 0.405152 0.265408
v 7.307157 0.211816 0.955042
v 7.307157 0.211816 0.955042
v 7.307157 0.211816 0.955042
v 7.545205 0.429062 0.037901
v 7.545205 0.429062 0.037901
v 7.524629 0.452618 -0.100726
v 7.524629 0.452618 -0.100726
v 7.278406 0.161102 0.995361
v 7.466572 0.373808 0.472700
v 7.466572 0.373808 0.472700
v 7.466572 0.373808 0.472700
v 7.478246 0.394317 0.374149
v 7.478246 0.394317 0.374149
v 7.478246 0.394317 0.374149
v 7.393571 0.330611 0.690097
v 7.393571 0.330611 0.690097
v 7.393571 0.330611 0.690097
v 7.367511 0.292399 0.793446
v 7.367511 0.292399 0.793446
v 7.486321 0.471474 -0.167405
v 7.486321 0.471474 -0.167405
v 6.026844 0.450992 -0.144896
v 6.026844 0.450992 -0.144896
v 6.026844 0.450992 -0.144896
v 5.986170 0.404526 0.037168
v 5.986170 0.404526 0.037168
v 5.986170 0.404526 0.037168
v 5.998063 0.393256 0.154895
v 5.998063 0.393256 0.154895
v 5.998063 0.393256 0.154895
v 6.011372 0.381753 0.260495
v 6.011372 0.381753 0.260495
v 6.011372 0.381753 0.260495
v 6.027686 0.367648 0.368685
v 6.027686 0.367648 0.368685
v 6.027686 0.367648 0.368685
v 6.044961 0.352640 0.465828
v 6.044961 0.352640 0.465828
v 6.044961 0.352640 0.465828
v 6.065565 0.333519 0.563801
v 6.065565 0.333519 0.563801
v 6.065565 0.333519 0.563801
v 6.091723 0.307638 0.671320
v 6.091723 0.307638 0.671320
v 6.091723 0.307638 0.671320
v 6.119878 0.276578 0.769812
v 6.119878 0.276578 0.769812
v 6.119878 0.276578 0.769812
v 6.147018 0.240979 0.853395
v 6.147018 0.240979 0.853395
v 6.147018 0.240979 0.853395
v 6.164780 0.212466 0.904908
v 6.164780 0.212466 0.904908
v 6.164780 0.212466 0.904908
v 6.134088 0.462021 -0.071066
v 6.134088 0.462021 -0.071066
v 6.134088 0.462021 -0.071066
v 6.130845 0.444005 0.053684
v 6.130845 0.444005 0.053684
v 6.130845 0.444005 0.053684
v 6.073420 0.470516 -0.172829
v 6.342693 0.212600 0.975202
v 6.342693 0.212600 0.975202
v 6.342693 0.212600 0.975202
v 6.162874 0.419955 0.276258
v 6.162874 0.419955 0.276258
v 6.162874 0.419955 0.276258
v 6.228456 0.366287 0.590010
v 6.228456 0.366287 0.590010
v 6.228456 0.366287 0.590010
v 6.321398 0.255966 0.905655
v 6.321398 0.255966 0.905655
v 6.321398 0.255966 0.905655
v 6.211753 0.295288 0.796088
v 6.211753 0.295288 0.796088
v 6.211753 0.295288 0.796088
v 6.161950 0.326945 0.687948
v 6.161950 0.326945 0.687948
v 6.161950 0.326945 0.687948
v 6.267383 0.175393 0.981417
v 6.165833 0.190797 0.914724
v 6.168356 0.198192 0.917014
v 6.168356 0.198192 0.917014
v 6.354681 0.176353 1.008301
v 6.354681 0.176353 1.008301
v 6.354681 0.176353 1.008301
v 6.263227 0.170138 0.976815
v 6.077286 0.390152 0.373100
v 6.077286 0.390152 0.373100
v 6.112810 0.377830 0.474015
v 6.112810 0.377830 0.474015
v 6.112810 0.377830 0.474015
v 6.291510 0.300374 0.811271
v 6.291510 0.300374 0.811271
v 6.291510 0.300374 0.811271
v 6.182528 0.404904 0.382353
v 6.182528 0.404904 0.382353
v 6.182528 0.404904 0.382353
v 6.258822 0.337925 0.703615
v 6.258822 0.337925 0.703615
v 6.258822 0.337925 0.703615
v 6.203727 0.387590 0.483726
v 6.203727 0.387590 0.483726
v 6.203727 0.387590 0.483726
v 6.359501 0.157959 1.014999
v 6.359501 0.157959 1.014999
v 6.146125 0.432263 0.171427
v 6.146125 0.432263 0.171427
v 6.146125 0.432263 0.171427
v 6.052179 0.454673 -0.095790
v 6.052179 0.454673 -0.095790
v 6.052179 0.454673 -0.095790
v 6.033860 0.432997 0.039835
v 6.033860 0.432997 0.039835
v 6.271638 0.212365 0.958905
v 6.271638 0.212365 0.958905
v 6.067694 0.409294 0.266639
v 6.067694 0.409294 0.266639
v 6.067694 0.409294 0.266639
v 6.139870 0.357658 0.577621
v 6.139870 0.357658 0.577621
v 6.275578 0.178430 0.986068
v 6.275578 0.178430 0.986068
v 6.275578 0.178430 0.986068
v 6.247216 0.253365 0.891059
v 6.247216 0.253365 0.891059
v 6.247216 0.253365 0.891059
v 6.069983 0.202168 0.854661
v 6.071271 0.213444 0.854657
v 6.071271 0.213444 0.854657
v 6.058011 0.230738 0.818172
v 6.058011 0.230738 0.818172
v 6.058011 0.230738 0.818172
v 6.039865 0.261349 0.745930
v 6.039865 0.261349 0.745930
v 6.039865 0.261349 0.745930
v 6.022054 0.289098 0.654614
v 6.022054 0.289098 0.654614
v 6.004172 0.314034 0.551840
v 6.004172 0.314034 0.551840
v 6.004172 0.314034 0.551840
v 5.990288 0.332274 0.459067
v 5.990288 0.332274 0.459067
v 5.990288 0.332274 0.459067
v 5.979626 0.345928 0.364409
v 5.979626 0.345928 0.364409
v 5.968719 0.359073 0.255761
v 5.968719 0.359073 0.255761
v 5.959833 0.369947 0.149919
v 5.959833 0.369947 0.149919
v 5.953372 0.380867 0.037570
v 5.953372 0.380867 0.037570
v 5.953372 0.380867 0.037570
v 5.952793 0.393235 -0.074657
v 5.952793 0.393235 -0.074657
v 6.069607 0.208663 0.855468
v 6.057092 0.467223 -0.189952
v 6.057092 0.467223 -0.189952
v 6.057092 0.467223 -0.189952
v 6.146007 0.475212 -0.135853
v 6.146007 0.475212 -0.135853
v 5.978028 0.416562 -0.092530
v 5.978028 0.416562 -0.092530
v 5.978028 0.416562 -0.092530
v 5.975101 0.422564 -0.159303
v 5.975101 0.422564 -0.159303
v 5.975101 0.422564 -0.159303
v 6.041464 0.463954 -0.207331
v 6.041464 0.463954 -0.207331
v 5.955545 0.400580 -0.133755
v 5.955545 0.400580 -0.133755
v 6.013925 0.450792 -0.188678
v 6.013925 0.450792 -0.188678
v 6.050063 0.421279 0.161525
v 6.050063 0.421279 0.161525
v 6.050063 0.421279 0.161525
v 6.038252 0.417206 0.160120
v 6.038252 0.417206 0.160120
v 6.038252 0.417206 0.160120
v 6.235620 0.251553 0.887997
v 6.235620 0.251553 0.887997
v 6.235620 0.251553 0.887997
v 6.284160 0.178335 0.988790
v 6.284160 0.178335 0.988790
v 6.284160 0.178335 0.988790
v 6.127905 0.353794 0.575798
v 6.127905 0.353794 0.575798
v 6.127905 0.353794 0.575798
v 6.055804 0.405152 0.265408
v 6.055804 0.405152 0.265408
v 6.055804 0.405152 0.265408
v 6.260293 0.211816 0.955042
v 6.260293 0.211816 0.955042
v 6.260293 0.211816 0.955042
v 6.022244 0.429062 0.037901
v 6.022244 0.429062 0.037901
v 6.022244 0.429062 0.037901
v 6.042821 0.452618 -0.100725
v 6.042821 0.452618 -0.100725
v 6.289044 0.161102 0.995362
v 6.289044 0.161102 0.995362
v 6.100878 0.373808 0.472700
v 6.100878 0.373808 0.472700
v 6.089203 0.394317 0.374149
v 6.089203 0.394317 0.374149
v 6.089203 0.394317 0.374149
v 6.173878 0.330611 0.690097
v 6.173878 0.330611 0.690097
v 6.173878 0.330611 0.690097
v 6.199939 0.292399 0.793446
v 6.199939 0.292399 0.793446
v 6.199939 0.292399 0.793446
v 6.081129 0.471474 -0.167405
v 7.345166 0.225084 0.910818
v 7.345166 0.225084 0.910818
v 7.334752 0.208343 0.936842
v 7.334752 0.208343 0.936842
v 7.334752 0.208343 0.936842
v 7.320039 0.192051 0.958520
v 7.396561 0.201365 0.911095
v 7.396561 0.201365 0.911095
v 7.523522 0.241035 0.779572
v 6.783725 0.227988 0.986789
v 6.783725 0.227988 0.986789
v 6.783725 0.227988 0.986789
v 6.783725 0.205506 1.016870
v 6.783725 0.427291 0.417787
v 6.783725 0.427291 0.417787
v 6.783725 0.406039 0.525612
v 6.783725 0.406039 0.525612
v 6.783725 0.406039 0.525612
v 6.783725 0.379420 0.640147
v 6.783725 0.379420 0.640147
v 6.783725 0.379420 0.640147
v 6.783725 0.345677 0.753603
v 6.783725 0.345677 0.753603
v 6.989863 0.277916 0.896749
v 6.989863 0.277916 0.896749
v 6.989863 0.277916 0.896749
v 6.783725 0.277817 0.907427
v 6.783725 0.472954 0.059723
v 6.978415 0.229086 0.977100
v 6.978415 0.229086 0.977100
v 6.978415 0.229086 0.977100
v 7.160133 0.230054 0.954389
v 7.160133 0.230054 0.954389
v 7.160133 0.230054 0.954389
v 7.181826 0.276304 0.872305
v 7.181826 0.276304 0.872305
v 7.181826 0.276304 0.872305
v 6.783725 0.185424 1.037861
v 6.970256 0.186488 1.028939
v 6.970256 0.186488 1.028939
v 6.970256 0.186488 1.028939
v 6.783725 0.325312 0.807539
v 7.003286 0.323860 0.795737
v 7.003286 0.323860 0.795737
v 7.003286 0.323860 0.795737
v 6.996382 0.301788 0.848159
v 6.996382 0.301788 0.848159
v 6.996382 0.301788 0.848159
v 7.010549 0.343378 0.741110
v 7.010549 0.343378 0.741110
v 7.010549 0.343378 0.741110
v 6.973860 0.206635 1.007615
v 6.973860 0.206635 1.007615
v 6.973860 0.206635 1.007615
v 7.041883 0.400184 0.514391
v 7.041883 0.400184 0.514391
v 7.026349 0.375386 0.626953
v 7.026349 0.375386 0.626953
v 6.983811 0.253260 0.939890
v 6.983811 0.253260 0.939890
v 6.983811 0.253260 0.939890
v 6.783725 0.252534 0.950060
v 6.783725 0.252534 0.950060
v 7.358329 0.244000 0.874756
v 7.408227 0.220801 0.882417
v 7.408227 0.220801 0.882417
v 7.514570 0.225770 0.813166
v 7.507248 0.213523 0.837013
v 6.966128 0.156405 1.044320
v 6.967698 0.169159 1.039892
v 6.967698 0.169159 1.039892
v 6.967698 0.169159 1.039892
v 6.783725 0.167995 1.048634
v 6.783725 0.167995 1.048634
v 6.783725 0.155070 1.052986
v 7.145655 0.188965 1.007935
v 7.145655 0.188965 1.007935
v 7.145655 0.188965 1.007935
v 7.208313 0.319775 0.769997
v 7.208313 0.319775 0.769997
v 7.208313 0.319775 0.769997
v 7.283753 0.228832 0.931457
v 7.283753 0.228832 0.931457
v 7.233469 0.229601 0.941475
v 7.233469 0.229601 0.941475
v 7.233469 0.229601 0.941475
v 7.259685 0.274081 0.858591
v 7.259685 0.274081 0.858591
v 7.208396 0.162776 1.008432
v 7.140993 0.172407 1.019305
v 7.140993 0.172407 1.019305
v 7.170164 0.253006 0.916277
v 7.170164 0.253006 0.916277
v 7.248704 0.367415 0.600955
v 7.222119 0.337945 0.714963
v 7.222119 0.337945 0.714963
v 7.194712 0.298936 0.822993
v 7.194712 0.298936 0.822993
v 7.194712 0.298936 0.822993
v 7.271216 0.389758 0.492491
v 7.271216 0.389758 0.492491
v 7.152002 0.208439 0.985839
v 7.152002 0.208439 0.985839
v 7.152002 0.208439 0.985839
v 7.216970 0.190120 0.992954
v 7.216970 0.190120 0.992954
v 7.216970 0.190120 0.992954
v 7.266116 0.190897 0.980223
v 7.266116 0.190897 0.980223
v 7.266116 0.190897 0.980223
v 7.291747 0.315837 0.756625
v 7.291747 0.315837 0.756625
v 7.313245 0.271774 0.848001
v 7.330919 0.292749 0.798713
v 7.330919 0.292749 0.798713
v 7.349226 0.311974 0.746634
v 7.367245 0.328663 0.692659
v 7.260689 0.175728 0.990523
v 7.297194 0.250132 0.893084
v 7.297194 0.250132 0.893084
v 7.297194 0.250132 0.893084
v 7.400174 0.356014 0.580170
v 7.400174 0.356014 0.580170
v 7.273588 0.208834 0.960749
v 7.273588 0.208834 0.960749
v 7.273588 0.208834 0.960749
v 7.500246 0.214720 0.840575
v 7.471379 0.216573 0.853878
v 7.471379 0.216573 0.853878
v 7.466571 0.209545 0.866853
v 7.466571 0.209545 0.866853
v 7.490173 0.246049 0.791073
v 7.479746 0.229835 0.826962
v 7.344062 0.469609 -0.088826
v 7.424817 0.466072 -0.116400
v 7.096311 0.474355 -0.031637
v 6.783725 0.476617 -0.004752
v 7.287399 0.191189 0.974374
v 7.287399 0.191189 0.974374
v 7.341325 0.269551 0.842032
v 7.324333 0.248526 0.887434
v 7.310191 0.227860 0.925818
v 7.299720 0.208573 0.954316
v 7.359994 0.289848 0.792766
v 6.222283 0.225084 0.910818
v 6.232697 0.208343 0.936841
v 6.232697 0.208343 0.936841
v 6.232697 0.208343 0.936841
v 6.247411 0.192051 0.958520
v 6.247411 0.192051 0.958520
v 6.107228 0.288404 0.720744
v 6.102936 0.206840 0.870369
v 6.170889 0.201365 0.911095
v 6.175979 0.282883 0.783914
v 6.193232 0.263798 0.831228
v 6.193232 0.263798 0.831228
v 6.077276 0.246049 0.791073
v 6.077276 0.246049 0.791073
v 6.135277 0.254863 0.811205
v 6.135277 0.254863 0.811205
v 6.577586 0.277916 0.896749
v 6.577586 0.277916 0.896749
v 6.473557 0.466295 0.040200
v 6.589035 0.229086 0.977100
v 6.385624 0.276304 0.872305
v 6.224127 0.454396 0.005706
v 6.564163 0.323860 0.795737
v 6.564163 0.323860 0.795737
v 6.571067 0.301789 0.848159
v 6.571067 0.301789 0.848159
v 6.511832 0.420042 0.408428
v 6.511832 0.420042 0.408428
v 6.511832 0.420042 0.408428
v 6.525567 0.400184 0.514391
v 6.525567 0.400184 0.514391
v 6.556901 0.343379 0.741110
v 6.556901 0.343379 0.741110
v 6.556901 0.343379 0.741110
v 6.499335 0.435898 0.305489
v 6.499335 0.435898 0.305489
v 6.541101 0.375386 0.626953
v 6.541101 0.375386 0.626953
v 6.583638 0.253260 0.939890
v 6.583638 0.253260 0.939890
v 6.209121 0.244000 0.874757
v 6.096070 0.216573 0.853878
v 6.096070 0.216573 0.853878
v 6.159223 0.220801 0.882417
v 6.159223 0.220801 0.882417
v 6.052880 0.225770 0.813166
v 6.601321 0.156405 1.044320
v 6.594718 0.152130 1.046211
v 6.421794 0.188965 1.007935
v 6.421794 0.188965 1.007935
v 6.359137 0.319775 0.769998
v 6.283696 0.228832 0.931456
v 6.283696 0.228832 0.931456
v 6.333981 0.229601 0.941475
v 6.333981 0.229601 0.941475
v 6.333981 0.229601 0.941475
v 6.254205 0.271774 0.848001
v 6.254205 0.271774 0.848001
v 6.307765 0.274081 0.858591
v 6.064227 0.440497 -0.024395
v 6.128981 0.446904 -0.011489
v 6.359054 0.162776 1.008432
v 6.426456 0.172407 1.019304
v 6.426456 0.172407 1.019304
v 6.318745 0.367415 0.600954
v 6.318745 0.367415 0.600954
v 6.318745 0.367415 0.600954
v 6.345331 0.337945 0.714963
v 6.345331 0.337945 0.714963
v 6.259128 0.423022 0.284962
v 6.259128 0.423022 0.284962
v 6.277053 0.407830 0.389785
v 6.277053 0.407830 0.389785
v 6.277053 0.407830 0.389785
v 6.296233 0.389758 0.492491
v 6.296233 0.389758 0.492491
v 6.296233 0.389758 0.492491
v 6.350479 0.190120 0.992953
v 6.350479 0.190120 0.992953
v 6.350479 0.190120 0.992953
v 6.301333 0.190897 0.980223
v 6.301333 0.190897 0.980223
v 6.275702 0.315837 0.756625
v 6.218224 0.311974 0.746634
v 6.236530 0.292749 0.798713
v 6.236530 0.292749 0.798713
v 6.270256 0.250132 0.893084
v 6.270256 0.250132 0.893084
v 6.270256 0.250132 0.893084
v 6.293861 0.208834 0.960749
v 6.293861 0.208834 0.960749
v 6.293861 0.208834 0.960749
v 6.231280 0.270342 0.843246
v 6.231280 0.270342 0.843246
v 6.087704 0.229835 0.826962
v 6.223388 0.469609 -0.088826
v 6.142632 0.466073 -0.116400
v 6.471139 0.474355 -0.031637
v 6.280050 0.191189 0.974374
v 6.280050 0.191189 0.974374
v 6.280050 0.191189 0.974374
v 6.220154 0.268242 0.840261
v 6.220154 0.268242 0.840261
v 6.226125 0.269551 0.842032
v 6.243117 0.248526 0.887434
v 6.257259 0.227860 0.925818
v 6.267730 0.208573 0.954316
v 6.207455 0.289848 0.792766
v 7.446121 0.272259 0.767754
v 7.432173 0.254863 0.811205
v 7.418989 0.236871 0.850937
v 6.783725 0.443776 0.316734
v 7.068114 0.435898 0.305489
v 7.055618 0.420042 0.408428
v 6.783725 0.302431 0.859362
v 6.783725 0.469040 0.108748
v 7.090344 0.461070 0.092362
v 6.783725 0.457597 0.215450
v 7.079911 0.449231 0.201973
v 7.400980 0.209027 0.901695
v 7.400980 0.209027 0.901695
v 7.400980 0.209027 0.901695
v 7.324181 0.435665 0.180421
v 7.290396 0.407830 0.389785
v 7.308322 0.423022 0.284962
v 7.344611 0.462634 -0.049038
v 7.224087 0.208813 0.972007
v 7.224087 0.208813 0.972007
v 7.224087 0.208813 0.972007
v 7.404043 0.415037 0.275536
v 7.470337 0.408152 0.268824
v 7.338458 0.361462 0.588816
v 7.245487 0.251671 0.903157
v 7.245487 0.251671 0.903157
v 7.373767 0.309668 0.742150
v 7.354667 0.290870 0.793985
v 7.354667 0.290870 0.793985
v 7.336169 0.270342 0.843246
v 7.211743 0.174291 1.003863
v 7.211743 0.174291 1.003863
v 7.275364 0.295846 0.809231
v 7.275364 0.295846 0.809231
v 7.384384 0.400011 0.381478
v 7.449388 0.393198 0.375735
v 7.308077 0.333202 0.702069
v 7.363188 0.382724 0.482706
v 7.420787 0.427330 0.170816
v 7.305338 0.228233 0.926968
v 7.294905 0.208693 0.955635
v 7.294905 0.208693 0.955635
v 7.319350 0.249113 0.888581
v 7.319350 0.249113 0.888581
v 7.517179 0.241977 0.781712
v 7.507916 0.226620 0.815781
v 7.095680 0.470951 -0.002519
v 6.783725 0.475363 0.021017
v 7.347295 0.268242 0.840261
v 7.330325 0.247527 0.885443
v 7.316198 0.227238 0.923527
v 7.305525 0.208433 0.951742
v 7.305525 0.208433 0.951742
v 6.121329 0.272259 0.767755
v 6.121329 0.272259 0.767755
v 6.121329 0.272259 0.767755
v 6.148461 0.236871 0.850937
v 6.477106 0.461070 0.092362
v 6.487539 0.449231 0.201973
v 6.166470 0.209027 0.901695
v 6.243268 0.435665 0.180422
v 6.228965 0.447484 0.065923
v 6.372738 0.298936 0.822993
v 6.397285 0.253006 0.916277
v 6.134674 0.457124 -0.071883
v 6.222839 0.462634 -0.049038
v 6.131398 0.439070 0.053103
v 6.343363 0.208813 0.972007
v 6.343363 0.208813 0.972007
v 6.343363 0.208813 0.972007
v 6.163407 0.415037 0.275536
v 6.228992 0.361462 0.588816
v 6.228992 0.361462 0.588816
v 6.228992 0.361462 0.588816
v 6.321963 0.251671 0.903157
v 6.321963 0.251671 0.903157
v 6.212782 0.290870 0.793985
v 6.212782 0.290870 0.793985
v 6.193683 0.309668 0.742149
v 6.238894 0.186929 0.955873
v 6.599752 0.169159 1.039892
v 6.306761 0.175728 0.990523
v 6.355707 0.174291 1.003863
v 6.355707 0.174291 1.003863
v 6.292086 0.295846 0.809231
v 6.183065 0.400011 0.381478
v 6.259372 0.333202 0.702069
v 6.259372 0.333202 0.702069
v 6.204262 0.382724 0.482706
v 6.146663 0.427330 0.170816
v 6.272545 0.208693 0.955635
v 6.272545 0.208693 0.955635
v 6.248100 0.249113 0.888581
v 6.067204 0.214720 0.840574
v 6.059533 0.226620 0.815780
v 6.050272 0.241977 0.781713
v 6.471769 0.470951 -0.002519
v 6.251252 0.227238 0.923527
v 6.237124 0.247527 0.885443
v 6.285385 0.176350 0.984368
v 6.285385 0.176350 0.984368
v 6.261925 0.208433 0.951742
v 6.261925 0.208433 0.951742
v 6.174961 0.326018 0.688447
v 7.604218 0.409978 -0.153571
v 7.611392 0.401767 -0.143384
v 7.536718 0.459541 -0.203756
v 7.616547 0.379083 0.037883
v 7.601903 0.357439 0.255416
v 7.591398 0.344367 0.364097
v 7.541968 0.274310 0.701909
v 7.581229 0.330813 0.458571
v 7.524908 0.245338 0.781706
v 7.096720 0.481564 -0.050234
v 7.096720 0.481564 -0.050234
v 6.783725 0.482385 -0.022070
v 6.783725 0.482385 -0.022070
v 7.509241 0.217222 0.839724
v 6.783725 0.147076 1.059184
v 6.968004 0.148571 1.050466
v 6.783725 0.149608 1.059524
v 7.467290 0.195347 0.872921
v 7.402914 0.187383 0.913342
v 7.337915 0.177196 0.954272
v 7.292993 0.165509 0.987604
v 7.294532 0.163864 0.985201
v 7.505600 0.206271 0.850268
v 7.505600 0.206271 0.850268
v 7.331194 0.187613 0.960064
v 7.334190 0.183785 0.957976
v 6.966064 0.151048 1.050866
v 7.334190 0.183785 0.957976
v 7.336128 0.180436 0.956088
v 7.336128 0.180436 0.956088
v 7.302383 0.172715 0.979059
v 7.464818 0.474236 -0.163362
v 7.137808 0.152854 1.030331
v 7.137527 0.155276 1.030488
v 7.256565 0.157827 1.001503
v 7.256862 0.160118 1.001565
v 7.342728 0.273731 0.844390
v 7.337130 0.274686 0.845528
v 7.488703 0.472540 -0.176798
v 7.488703 0.472540 -0.176798
v 7.466242 0.201970 0.874798
v 7.497462 0.205380 0.855307
v 7.497462 0.205380 0.855307
v 7.497462 0.205380 0.855307
v 7.592349 0.423187 -0.165456
v 7.536409 0.275545 0.703328
v 7.518582 0.246252 0.783892
v 7.502021 0.218583 0.843206
v 7.400353 0.194305 0.916074
v 7.466767 0.208885 0.874336
v 7.466249 0.205399 0.875233
v 7.466249 0.205399 0.875233
v 7.466242 0.201970 0.874798
v 7.466655 0.198632 0.873930
v 7.466655 0.198632 0.873930
v 7.616985 0.393104 -0.101020
v 7.617933 0.389544 -0.066576
v 7.517330 0.466644 -0.204709
v 7.507143 0.468865 -0.194405
v 7.496786 0.471056 -0.184163
v 7.496786 0.471056 -0.184163
v 7.604618 0.409084 -0.146218
v 7.499673 0.469412 -0.178539
v 7.499673 0.469412 -0.178539
v 6.783725 0.482165 -0.016972
v 7.096669 0.480960 -0.044959
v 7.466965 0.472781 -0.157271
v 7.501234 0.465358 -0.148048
v 7.504014 0.464807 -0.150460
v 7.535290 0.459737 -0.201003
v 7.535290 0.459737 -0.201003
v 7.530364 0.460498 -0.192505
v 7.520875 0.465038 -0.201452
v 7.520875 0.465038 -0.201452
v 7.612906 0.398074 -0.113384
v 7.374837 0.314174 0.744033
v 7.380848 0.312737 0.742971
v 7.317714 0.231057 0.926376
v 7.311434 0.231783 0.928657
v 7.288503 0.167145 0.990950
v 7.288710 0.178465 0.987192
v 7.506695 0.407504 0.265931
v 7.540605 0.431300 0.038738
v 7.524397 0.419529 0.160731
v 7.521329 0.453563 -0.098057
v 7.284094 0.161361 0.993749
v 7.284094 0.161361 0.993749
v 7.485049 0.392498 0.373552
v 7.491395 0.470947 -0.170620
v 7.491395 0.470947 -0.170620
v 7.491395 0.470947 -0.170620
v 5.956057 0.401767 -0.143384
v 5.952437 0.397529 -0.133581
v 6.030732 0.459541 -0.203756
v 6.030732 0.459541 -0.203756
v 6.012806 0.450815 -0.192686
v 5.992025 0.438089 -0.178857
v 5.949290 0.384696 -0.019076
v 5.956991 0.368266 0.149558
v 5.965547 0.357439 0.255416
v 5.976051 0.344367 0.364097
v 6.016869 0.287770 0.653383
v 6.100682 0.208885 0.874336
v 6.042542 0.245338 0.781706
v 6.223397 0.478898 -0.112212
v 6.599445 0.148571 1.050466
v 6.271035 0.177689 0.983831
v 6.100159 0.195347 0.872921
v 6.164536 0.187383 0.913342
v 6.229534 0.177196 0.954272
v 6.270189 0.160530 0.980376
v 6.261533 0.167636 0.974644
v 6.274457 0.165509 0.987604
v 6.274457 0.165509 0.987604
v 6.272918 0.163864 0.985201
v 6.061850 0.206271 0.850268
v 6.061850 0.206271 0.850268
v 6.236255 0.187613 0.960064
v 6.233259 0.183785 0.957976
v 6.601386 0.151048 1.050866
v 6.231322 0.180436 0.956088
v 6.271527 0.162184 0.982775
v 6.265067 0.172715 0.979059
v 6.102632 0.474236 -0.163362
v 6.147069 0.476483 -0.141861
v 6.429641 0.152854 1.030331
v 6.429923 0.155276 1.030488
v 6.310884 0.157827 1.001503
v 6.310588 0.160118 1.001565
v 6.256016 0.231783 0.928657
v 6.261265 0.232297 0.929756
v 6.224722 0.273731 0.844389
v 6.230319 0.274686 0.845528
v 6.078747 0.472540 -0.176797
v 6.078747 0.472540 -0.176797
v 6.083751 0.473025 -0.173548
v 6.083751 0.473025 -0.173548
v 6.083751 0.473025 -0.173548
v 6.281845 0.167109 0.991866
v 6.287453 0.166889 0.993478
v 6.069988 0.205380 0.855307
v 6.069988 0.205380 0.855307
v 6.069988 0.205380 0.855307
v 5.951900 0.387063 -0.021906
v 6.048867 0.246252 0.783893
v 6.167096 0.194305 0.916073
v 6.101200 0.205399 0.875233
v 6.101208 0.201970 0.874798
v 6.100795 0.198632 0.873930
v 6.099154 0.212976 0.870055
v 5.949516 0.389544 -0.066576
v 5.992632 0.437783 -0.173550
v 6.050120 0.466644 -0.204709
v 6.039892 0.463588 -0.209372
v 6.070663 0.471056 -0.184163
v 6.057757 0.463819 -0.158511
v 6.223338 0.477849 -0.106373
v 6.100485 0.472781 -0.157271
v 6.063436 0.464807 -0.150461
v 6.032160 0.459737 -0.201002
v 6.046575 0.465038 -0.201452
v 6.192613 0.314174 0.744033
v 6.186602 0.312737 0.742971
v 6.289342 0.158844 0.995305
v 6.024414 0.438684 -0.033172
v 6.028824 0.440485 -0.031083
v 6.076148 0.472140 -0.178954
v 6.076148 0.472140 -0.178954
v 6.278947 0.167145 0.990950
v 6.071600 0.466070 -0.145116
v 6.066216 0.465358 -0.148048
v 6.266454 0.212101 0.957621
v 6.026845 0.431300 0.038738
v 6.283356 0.161361 0.993749
v 6.133420 0.355982 0.576714
v 6.082401 0.392498 0.373552
v 6.076055 0.470947 -0.170620
v 6.076055 0.470947 -0.170620
v 6.076055 0.470947 -0.170620
v 7.494030 0.470516 -0.172829
v 7.494030 0.470516 -0.172829
v 7.300067 0.175393 0.981417
v 7.401618 0.190797 0.914724
v 7.401618 0.190797 0.914724
v 7.400353 0.194305 0.916074
v 7.399094 0.198192 0.917014
v 7.302383 0.172715 0.979059
v 7.304223 0.170138 0.976815
v 7.490163 0.390152 0.373100
v 7.207739 0.155603 1.014915
v 7.207949 0.157959 1.014999
v 7.515270 0.454673 -0.095790
v 7.499755 0.409294 0.266639
v 7.291872 0.178430 0.986068
v 7.296414 0.177689 0.983831
v 7.291872 0.178430 0.986068
v 7.497467 0.202168 0.854661
v 7.497467 0.202168 0.854661
v 7.577162 0.332274 0.459067
v 7.587824 0.345928 0.364408
v 7.598731 0.359073 0.255761
v 7.614079 0.380867 0.037570
v 7.614657 0.393235 -0.074657
v 7.498310 0.211663 0.854633
v 7.497843 0.208663 0.855468
v 7.497843 0.208663 0.855468
v 7.510358 0.467223 -0.189952
v 7.592349 0.422564 -0.159303
v 7.525986 0.463954 -0.207331
v 7.525986 0.463954 -0.207331
v 7.529198 0.417206 0.160120
v 7.288710 0.178465 0.987192
v 7.283290 0.178335 0.988790
v 7.545205 0.429062 0.037901
v 7.521329 0.453563 -0.098057
v 7.524629 0.452618 -0.100726
v 7.278108 0.158844 0.995305
v 7.278406 0.161102 0.995361
v 7.278406 0.161102 0.995361
v 7.361506 0.294078 0.794962
v 7.367511 0.292399 0.793446
v 7.486321 0.471474 -0.167405
v 6.073420 0.470516 -0.172829
v 6.073420 0.470516 -0.172829
v 6.267383 0.175393 0.981417
v 6.267383 0.175393 0.981417
v 6.165833 0.190797 0.914724
v 6.165833 0.190797 0.914724
v 6.167096 0.194305 0.916073
v 6.168356 0.198192 0.917014
v 6.263227 0.170138 0.976815
v 6.263227 0.170138 0.976815
v 6.265067 0.172715 0.979059
v 6.077286 0.390152 0.373100
v 6.359501 0.157959 1.014999
v 6.359711 0.155603 1.014915
v 6.033860 0.432997 0.039835
v 6.271638 0.212365 0.958905
v 6.139870 0.357658 0.577621
v 6.069983 0.202168 0.854661
v 6.022054 0.289098 0.654614
v 5.979626 0.345928 0.364409
v 5.968719 0.359073 0.255761
v 5.959833 0.369947 0.149919
v 5.952793 0.393235 -0.074657
v 6.069607 0.208663 0.855468
v 6.069607 0.208663 0.855468
v 6.069139 0.211663 0.854633
v 6.146007 0.475212 -0.135853
v 5.955545 0.400580 -0.133755
v 6.013925 0.450792 -0.188678
v 6.046121 0.453563 -0.098057
v 6.042821 0.452618 -0.100725
v 6.289044 0.161102 0.995362
v 6.106188 0.376070 0.473307
v 6.100878 0.373808 0.472700
v 6.081129 0.471474 -0.167405
v 6.081129 0.471474 -0.167405
v 7.464514 0.206840 0.870369
v 7.532159 0.255837 0.742293
v 7.523522 0.241035 0.779572
v 7.490173 0.246049 0.791073
v 7.432173 0.254863 0.811205
v 7.374218 0.263798 0.831228
v 6.783725 0.476617 -0.004752
v 6.783725 0.475363 0.021017
v 6.783725 0.475363 0.021017
v 6.783725 0.472954 0.059723
v 6.783725 0.205506 1.016870
v 6.783725 0.472954 0.059723
v 6.783725 0.469040 0.108748
v 6.783725 0.469040 0.108748
v 6.783725 0.457597 0.215450
v 6.783725 0.457597 0.215450
v 6.783725 0.443776 0.316734
v 6.783725 0.443776 0.316734
v 6.783725 0.427291 0.417787
v 6.783725 0.345677 0.753603
v 6.783725 0.325312 0.807539
v 6.783725 0.325312 0.807539
v 6.783725 0.302431 0.859362
v 6.783725 0.302431 0.859362
v 6.783725 0.277817 0.907427
v 6.783725 0.277817 0.907427
v 7.093893 0.466295 0.040200
v 7.096311 0.474355 -0.031637
v 7.095680 0.470951 -0.002519
v 7.090344 0.461070 0.092362
v 7.079911 0.449231 0.201973
v 7.055618 0.420042 0.408428
v 7.041883 0.400184 0.514391
v 7.079911 0.449231 0.201973
v 7.068114 0.435898 0.305489
v 7.068114 0.435898 0.305489
v 7.055618 0.420042 0.408428
v 7.026349 0.375386 0.626953
v 6.783725 0.252534 0.950060
v 7.358329 0.244000 0.874756
v 7.471379 0.216573 0.853878
v 7.408227 0.220801 0.882417
v 7.514570 0.225770 0.813166
v 6.783725 0.150679 1.055335
v 6.783725 0.185424 1.037861
v 6.783725 0.167995 1.048634
v 7.313245 0.271774 0.848001
v 7.259685 0.274081 0.858591
v 7.257228 0.164701 0.995027
v 7.208396 0.162776 1.008432
v 7.138024 0.160326 1.023897
v 7.140993 0.172407 1.019305
v 7.248704 0.367415 0.600955
v 7.308322 0.423022 0.284962
v 7.290396 0.407830 0.389785
v 7.344062 0.469609 -0.088826
v 7.344611 0.462634 -0.049038
v 7.290396 0.407830 0.389785
v 7.271216 0.389758 0.492491
v 7.338484 0.447484 0.065923
v 7.324181 0.435665 0.180421
v 7.324181 0.435665 0.180421
v 7.308322 0.423022 0.284962
v 7.291747 0.315837 0.756625
v 7.349226 0.311974 0.746634
v 7.313245 0.271774 0.848001
v 7.349226 0.311974 0.746634
v 7.367245 0.328663 0.692659
v 7.426528 0.376488 0.475913
v 7.426528 0.376488 0.475913
v 7.260689 0.175728 0.990523
v 7.260689 0.175728 0.990523
v 7.487698 0.420191 0.163950
v 7.487698 0.420191 0.163950
v 7.470337 0.408152 0.268824
v 7.449388 0.393198 0.375735
v 7.503631 0.431891 0.043525
v 7.292338 0.191277 0.972879
v 7.296806 0.191428 0.970865
v 7.310191 0.227860 0.925818
v 7.305338 0.228233 0.926968
v 7.305338 0.228233 0.926968
v 7.283753 0.228832 0.931457
v 7.341325 0.269551 0.842032
v 7.336169 0.270342 0.843246
v 7.336169 0.270342 0.843246
v 7.517179 0.241977 0.781712
v 7.517179 0.241977 0.781712
v 7.490173 0.246049 0.791073
v 7.500246 0.214720 0.840575
v 7.479746 0.229835 0.826962
v 7.500744 0.261795 0.751534
v 6.783725 0.477173 -0.017254
v 6.783725 0.476617 -0.004752
v 7.096527 0.475994 -0.045528
v 7.096311 0.474355 -0.031637
v 7.343693 0.472942 -0.107237
v 7.344062 0.469609 -0.088826
v 7.287399 0.191189 0.974374
v 7.292338 0.191277 0.972879
v 7.373767 0.309668 0.742150
v 7.373767 0.309668 0.742150
v 7.345166 0.225084 0.910818
v 7.316198 0.227238 0.923527
v 7.316198 0.227238 0.923527
v 7.310191 0.227860 0.925818
v 7.347295 0.268242 0.840261
v 7.341325 0.269551 0.842032
v 7.324333 0.248526 0.887434
v 7.299720 0.208573 0.954316
v 7.359994 0.289848 0.792766
v 6.222283 0.225084 0.910818
v 6.102936 0.206840 0.870369
v 6.170889 0.201365 0.911095
v 6.175979 0.282883 0.783914
v 6.193232 0.263798 0.831228
v 6.135277 0.254863 0.811205
v 6.473557 0.466295 0.040200
v 6.407316 0.230054 0.954389
v 6.385624 0.276304 0.872305
v 6.224127 0.454396 0.005706
v 6.471139 0.474355 -0.031637
v 6.471769 0.470951 -0.002519
v 6.471769 0.470951 -0.002519
v 6.473557 0.466295 0.040200
v 6.477106 0.461070 0.092362
v 6.477106 0.461070 0.092362
v 6.487539 0.449231 0.201973
v 6.564163 0.323860 0.795737
v 6.571067 0.301789 0.848159
v 6.487539 0.449231 0.201973
v 6.499335 0.435898 0.305489
v 6.525567 0.400184 0.514391
v 6.541101 0.375386 0.626953
v 6.577586 0.277916 0.896749
v 6.583638 0.253260 0.939890
v 6.209121 0.244000 0.874757
v 6.159223 0.220801 0.882417
v 6.043927 0.241035 0.779572
v 6.052880 0.225770 0.813166
v 6.060202 0.213523 0.837013
v 6.060202 0.213523 0.837013
v 6.247411 0.192051 0.958520
v 6.601321 0.156405 1.044320
v 6.599752 0.169159 1.039892
v 6.599752 0.169159 1.039892
v 6.597194 0.186488 1.028939
v 6.238894 0.186929 0.955873
v 6.359137 0.319775 0.769998
v 6.307765 0.274081 0.858591
v 6.385624 0.276304 0.872305
v 6.128981 0.446904 -0.011489
v 6.224127 0.454396 0.005706
v 6.310222 0.164701 0.995027
v 6.359054 0.162776 1.008432
v 6.429425 0.160326 1.023897
v 6.426456 0.172407 1.019304
v 6.397285 0.253006 0.916277
v 6.397285 0.253006 0.916277
v 6.407316 0.230054 0.954389
v 6.345331 0.337945 0.714963
v 6.359137 0.319775 0.769998
v 6.372738 0.298936 0.822993
v 6.372738 0.298936 0.822993
v 6.228965 0.447484 0.065923
v 6.223388 0.469609 -0.088826
v 6.222839 0.462634 -0.049038
v 6.222839 0.462634 -0.049038
v 6.228965 0.447484 0.065923
v 6.243268 0.435665 0.180422
v 6.243268 0.435665 0.180422
v 6.259128 0.423022 0.284962
v 6.415447 0.208439 0.985839
v 6.275702 0.315837 0.756625
v 6.254205 0.271774 0.848001
v 6.236530 0.292749 0.798713
v 6.218224 0.311974 0.746634
v 6.218224 0.311974 0.746634
v 6.200205 0.328663 0.692660
v 6.200205 0.328663 0.692660
v 6.200205 0.328663 0.692660
v 6.140921 0.376488 0.475913
v 6.140921 0.376488 0.475913
v 6.140921 0.376488 0.475913
v 6.118062 0.393198 0.375735
v 6.118062 0.393198 0.375735
v 6.301333 0.190897 0.980223
v 6.306761 0.175728 0.990523
v 6.306761 0.175728 0.990523
v 6.167275 0.356013 0.580170
v 6.167275 0.356013 0.580170
v 6.167275 0.356013 0.580170
v 6.079751 0.420191 0.163949
v 6.079751 0.420191 0.163949
v 6.097112 0.408152 0.268824
v 6.097112 0.408152 0.268824
v 6.064227 0.440497 -0.024395
v 6.063819 0.431891 0.043525
v 6.063819 0.431891 0.043525
v 6.093387 0.462900 -0.136505
v 6.077488 0.452340 -0.088771
v 6.077488 0.452340 -0.088771
v 6.275112 0.191277 0.972879
v 6.275112 0.191277 0.972879
v 6.270643 0.191428 0.970865
v 6.257259 0.227860 0.925818
v 6.262111 0.228233 0.926968
v 6.262111 0.228233 0.926968
v 6.262111 0.228233 0.926968
v 6.283696 0.228832 0.931456
v 6.226125 0.269551 0.842032
v 6.231280 0.270342 0.843246
v 6.084654 0.468180 -0.174388
v 6.071646 0.209113 0.851137
v 6.071646 0.209113 0.851137
v 6.050272 0.241977 0.781713
v 6.077276 0.246049 0.791073
v 6.067204 0.214720 0.840574
v 6.067204 0.214720 0.840574
v 6.096070 0.216573 0.853878
v 6.100879 0.209545 0.866853
v 6.100879 0.209545 0.866853
v 6.100879 0.209545 0.866853
v 6.087704 0.229835 0.826962
v 6.066706 0.261795 0.751534
v 6.066706 0.261795 0.751534
v 6.470923 0.475994 -0.045528
v 6.471139 0.474355 -0.031637
v 6.223757 0.472942 -0.107237
v 6.223388 0.469609 -0.088826
v 6.142632 0.466073 -0.116400
v 6.193683 0.309668 0.742149
v 6.193683 0.309668 0.742149
v 6.222283 0.225084 0.910818
v 6.251252 0.227238 0.923527
v 6.251252 0.227238 0.923527
v 6.257259 0.227860 0.925818
v 6.220154 0.268242 0.840261
v 6.226125 0.269551 0.842032
v 6.243117 0.248526 0.887434
v 6.267730 0.208573 0.954316
v 6.207455 0.289848 0.792766
v 7.418989 0.236871 0.850937
v 7.418989 0.236871 0.850937
v 7.436052 0.439070 0.053103
v 7.404043 0.415037 0.275536
v 7.404043 0.415037 0.275536
v 7.248704 0.367415 0.600955
v 7.338458 0.361462 0.588816
v 7.338458 0.361462 0.588816
v 7.170164 0.253006 0.916277
v 7.245487 0.251671 0.903157
v 7.354667 0.290870 0.793985
v 7.211743 0.174291 1.003863
v 7.330919 0.292749 0.798713
v 7.275364 0.295846 0.809231
v 7.384384 0.400011 0.381478
v 7.384384 0.400011 0.381478
v 7.222119 0.337945 0.714963
v 7.308077 0.333202 0.702069
v 7.308077 0.333202 0.702069
v 7.363188 0.382724 0.482706
v 7.363188 0.382724 0.482706
v 7.420787 0.427330 0.170816
v 7.420787 0.427330 0.170816
v 7.294905 0.208693 0.955635
v 7.319350 0.249113 0.888581
v 7.507916 0.226620 0.815781
v 7.479746 0.229835 0.826962
v 7.507916 0.226620 0.815781
v 7.526186 0.256952 0.744004
v 7.424817 0.466072 -0.116400
v 7.330325 0.247527 0.885443
v 7.324333 0.248526 0.887434
v 7.330325 0.247527 0.885443
v 7.358329 0.244000 0.874756
v 7.282064 0.176350 0.984368
v 7.299720 0.208573 0.954316
v 7.305525 0.208433 0.951742
v 7.392488 0.326018 0.688447
v 7.367245 0.328663 0.692659
v 6.148461 0.236871 0.850937
v 6.148461 0.236871 0.850937
v 6.166470 0.209027 0.901695
v 6.166470 0.209027 0.901695
v 6.134674 0.457124 -0.071883
v 6.134674 0.457124 -0.071883
v 6.131398 0.439070 0.053103
v 6.131398 0.439070 0.053103
v 6.128981 0.446904 -0.011489
v 6.163407 0.415037 0.275536
v 6.163407 0.415037 0.275536
v 6.321963 0.251671 0.903157
v 6.212782 0.290870 0.793985
v 6.270421 0.175074 0.977459
v 6.355707 0.174291 1.003863
v 6.292086 0.295846 0.809231
v 6.307765 0.274081 0.858591
v 6.292086 0.295846 0.809231
v 6.183065 0.400011 0.381478
v 6.183065 0.400011 0.381478
v 6.275702 0.315837 0.756625
v 6.259372 0.333202 0.702069
v 6.204262 0.382724 0.482706
v 6.204262 0.382724 0.482706
v 6.146663 0.427330 0.170816
v 6.146663 0.427330 0.170816
v 6.272545 0.208693 0.955635
v 6.140937 0.352949 0.576323
v 6.248100 0.249113 0.888581
v 6.248100 0.249113 0.888581
v 6.073115 0.209962 0.851580
v 6.073115 0.209962 0.851580
v 6.059533 0.226620 0.815780
v 6.087704 0.229835 0.826962
v 6.059533 0.226620 0.815780
v 6.146604 0.470330 -0.136755
v 6.209121 0.244000 0.874757
v 6.237124 0.247527 0.885443
v 6.243117 0.248526 0.887434
v 6.237124 0.247527 0.885443
v 6.267730 0.208573 0.954316
v 6.261925 0.208433 0.951742
v 6.174961 0.326018 0.688447
v 6.201558 0.288212 0.791246
v 6.207455 0.289848 0.792766
v 7.524908 0.245338 0.781706
v 7.523522 0.241035 0.779572
v 6.058209 0.217222 0.839724
v 6.102632 0.474236 -0.163362
v 6.103375 0.469373 -0.164260
v 7.516095 0.229904 0.815529
v 7.514570 0.225770 0.813166
v 6.051354 0.229904 0.815529
v 6.052880 0.225770 0.813166
v 6.147069 0.476483 -0.141861
vn 0.5563 0.8241 0.1068
vn 0.4659 0.3379 0.8178
vn 0.3071 0.8572 0.4135
vn 0.9285 -0.3628 0.0795
vn 0.2973 0.8412 0.4517
vn 0.0241 0.8632 0.5043
vn 0.0237 0.9959 0.0869
vn 0.0915 0.5340 0.8405
vn 0.0647 0.9198 0.3870
vn 0.0662 0.8397 0.5390
vn 0.3144 0.7331 0.6031
vn 0.4676 0.2261 0.8545
vn 0.1050 0.3243 0.9401
vn 0.7118 -0.1990 0.6736
vn 0.5814 -0.1823 0.7929
vn 0.0995 0.9382 0.3316
vn 0.1024 0.8439 0.5267
vn 0.1051 0.8952 0.4332
vn 0.1006 0.9874 0.1225
vn 0.2165 -0.0458 0.9752
vn 0.2004 0.2365 0.9508
vn 0.1372 0.8465 0.5144
vn 0.1434 0.8730 0.4661
vn 0.1456 0.9816 0.1236
vn 0.2603 0.2304 0.9376
vn 0.2264 0.4893 0.8422
vn 0.1517 0.9292 0.3369
vn 0.2787 -0.0615 0.9584
vn 0.6188 0.7794 0.0979
vn 0.3001 0.9014 0.3122
vn 0.5141 0.1476 0.8450
vn 0.2808 0.8653 0.4153
vn 0.2838 0.8244 0.4896
vn 0.5351 -0.1054 0.8382
vn 0.3188 0.9416 0.1087
vn 0.0175 0.9962 0.0847
vn 0.1032 0.9782 0.1800
vn 0.1547 0.9733 0.1697
vn 0.4498 0.8856 0.1156
vn 0.7091 0.7028 0.0567
vn 0.3296 0.9372 0.1142
vn 0.2404 0.4830 0.8420
vn 0.3549 0.8309 0.4286
vn 0.2744 -0.0595 0.9598
vn 0.2041 0.8276 0.5229
vn 0.3316 0.8222 0.4626
vn 0.3800 0.9211 0.0841
vn 0.2574 0.2368 0.9368
vn 0.2027 0.9677 0.1496
vn -0.5563 0.8241 0.1068
vn -0.4659 0.3379 0.8178
vn -0.3071 0.8572 0.4135
vn -0.9285 -0.3628 0.0795
vn -0.2973 0.8412 0.4517
vn -0.0237 0.9959 0.0869
vn -0.0373 0.5279 0.8485
vn -0.0256 0.9173 0.3973
vn -0.0667 0.8683 0.4916
vn -0.0915 0.5340 0.8405
vn -0.0647 0.9198 0.3870
vn -0.0662 0.8397 0.5390
vn -0.0247 0.8020 0.5968
vn -0.3144 0.7331 0.6031
vn -0.4676 0.2261 0.8545
vn -0.0427 0.3228 0.9455
vn -0.1050 0.3243 0.9401
vn -0.7118 -0.1990 0.6736
vn -0.5814 -0.1822 0.7929
vn -0.0995 0.9382 0.3316
vn -0.1024 0.8439 0.5267
vn -0.1051 0.8952 0.4332
vn -0.1006 0.9874 0.1225
vn -0.2165 -0.0457 0.9752
vn -0.2004 0.2365 0.9508
vn -0.1372 0.8465 0.5144
vn -0.1434 0.8730 0.4661
vn -0.1456 0.9816 0.1236
vn 0.4510 0.2310 -0.8621
vn -0.2603 0.2304 0.9376
vn -0.2264 0.4893 0.8422
vn -0.1517 0.9292 0.3369
vn -0.2787 -0.0615 0.9584
vn -0.6188 0.7794 0.0979
vn -0.3001 0.9014 0.3122
vn -0.5141 0.1476 0.8450
vn -0.2808 0.8653 0.4153
vn -0.2838 0.8244 0.4896
vn -0.5351 -0.1054 0.8382
vn -0.3188 0.9416 0.1087
vn -0.0175 0.9962 0.0847
vn -0.1032 0.9782 0.1800
vn -0.1547 0.9733 0.1697
vn -0.4498 0.8856 0.1156
vn -0.7091 0.7028 0.0567
vn -0.3678 0.9228 0.1148
vn -0.2404 0.4830 0.8420
vn -0.3549 0.8309 0.4286
vn -0.2744 -0.0595 0.9598
vn -0.2968 0.7377 0.6064
vn -0.3316 0.8222 0.4626
vn -0.2473 0.9616 0.1191
vn -0.3048 0.2951 0.9056
vn -0.3147 0.9441 0.0986
vn 0.4306 0.8992 0.0779
vn 0.3616 0.6087 0.7062
vn 0.5133 0.8516 0.1061
vn 0.5244 0.8386 0.1478
vn 0.4888 0.8545 0.1757
vn 0.4436 0.8723 0.2056
vn 0.3617 0.8936 0.2657
vn 0.3397 0.8870 0.3127
vn 0.2960 0.8683 0.3980
vn 0.9383 -0.3357 0.0832
vn 0.2889 0.8298 0.4775
vn -0.0289 0.9954 0.0909
vn -0.0334 0.9905 0.1333
vn -0.0327 0.9868 0.1585
vn -0.0301 0.9744 0.2227
vn -0.0282 0.9598 0.2792
vn 0.0655 0.9891 0.1322
vn 0.0643 0.9800 0.1883
vn 0.0656 0.9916 0.1119
vn 0.0660 0.8962 0.4388
vn 0.0632 0.9400 0.3352
vn 0.0291 0.7224 0.6908
vn 0.0628 0.9738 0.2185
vn 0.2967 0.7947 0.5295
vn 0.3110 0.7447 0.5905
vn 0.9010 -0.4318 0.0418
vn 0.4272 0.3952 0.8132
vn -0.0441 0.2474 0.9679
vn 0.5735 -0.2033 0.7936
vn 0.5328 -0.1678 0.8295
vn 0.1084 0.2495 0.9623
vn 0.1214 0.8462 0.5189
vn 0.1275 0.8937 0.4303
vn 0.0958 0.9711 0.2184
vn 0.0968 0.9864 0.1326
vn 0.0966 0.9827 0.1581
vn 0.0617 0.9892 0.1328
vn 0.1292 0.7207 0.6811
vn 0.1676 0.5236 0.8353
vn 0.1226 0.9352 0.3323
vn 0.2669 -0.0592 0.9619
vn 0.1260 0.9145 0.3844
vn 0.1444 0.9757 0.1648
vn 0.1455 0.9700 0.1948
vn 0.1432 0.9831 0.1141
vn 0.2544 0.3007 0.9192
vn 0.1485 0.9502 0.2740
vn 0.1794 0.6847 0.7064
vn 0.1495 0.9774 0.1493
vn 0.1581 0.9714 0.1771
vn 0.5591 0.0109 0.8290
vn 0.6426 0.7624 0.0766
vn 0.5371 -0.1577 0.8287
vn 0.5338 -0.0671 0.8430
vn 0.3965 0.5651 0.7235
vn 0.3251 0.9005 0.2890
vn 0.3504 0.9043 0.2436
vn 0.3903 0.8994 0.1967
vn 0.4473 0.8778 0.1714
vn 0.5529 0.8235 0.1272
vn 0.4590 0.8809 0.1160
vn 0.3471 0.9316 0.1079
vn -0.0128 0.9965 0.0830
vn 0.0520 0.9871 0.1516
vn 0.3355 0.9372 0.0950
vn 0.1353 0.9748 0.1772
vn 0.7014 0.7107 0.0534
vn 0.6542 0.7512 0.0873
vn 0.3678 0.9228 0.1148
vn 0.6875 0.7219 0.0782
vn 0.2634 0.9554 0.1338
vn 0.3047 0.2951 0.9056
vn 0.2527 0.9593 0.1261
vn 0.2967 0.7918 0.5338
vn 0.2797 0.9108 0.3036
vn 0.4422 0.8797 0.1747
vn 0.3161 0.6300 0.7093
vn 0.3984 0.8751 0.2746
vn 0.2660 0.9460 0.1852
vn 0.2806 0.8868 0.3673
vn 0.2001 0.9666 0.1604
vn -0.4306 0.8992 0.0779
vn -0.3616 0.6087 0.7062
vn -0.5133 0.8516 0.1061
vn -0.5244 0.8386 0.1478
vn -0.4888 0.8545 0.1757
vn -0.4436 0.8723 0.2056
vn -0.3617 0.8936 0.2657
vn -0.3221 0.8717 0.3694
vn -0.2904 0.8792 0.3776
vn -0.2853 0.8367 0.4675
vn -0.0656 0.9916 0.1119
vn -0.0643 0.9800 0.1883
vn -0.0650 0.9855 0.1568
vn -0.0632 0.9400 0.3352
vn -0.2967 0.7947 0.5295
vn -0.3110 0.7447 0.5905
vn -0.9010 -0.4318 0.0418
vn -0.5327 -0.1678 0.8295
vn -0.1084 0.2495 0.9623
vn -0.5498 0.4994 0.6695
vn -0.2489 0.2280 0.9413
vn -0.0958 0.9711 0.2184
vn -0.0968 0.9864 0.1326
vn -0.1043 0.8710 0.4801
vn -0.0570 0.9872 0.1488
vn -0.1075 0.8060 0.5821
vn -0.1676 0.5236 0.8353
vn -0.2669 -0.0592 0.9619
vn -0.1275 0.8936 0.4303
vn -0.1444 0.9757 0.1648
vn -0.1455 0.9700 0.1948
vn -0.1432 0.9831 0.1141
vn -0.2544 0.3007 0.9192
vn -0.1485 0.9502 0.2739
vn -0.1465 0.7920 0.5927
vn -0.1531 0.9744 0.1647
vn -0.3161 0.6300 0.7093
vn -0.6338 0.7689 0.0844
vn -0.5371 -0.1576 0.8287
vn -0.5387 -0.0334 0.8418
vn -0.5359 -0.1575 0.8295
vn -0.2861 0.8006 0.5265
vn -0.2824 0.8421 0.4595
vn -0.2860 0.8876 0.3611
vn -0.3222 0.9047 0.2790
vn -0.3480 0.9079 0.2339
vn -0.3881 0.9039 0.1797
vn -0.4456 0.8815 0.1563
vn -0.5010 0.8550 0.1341
vn -0.5528 0.8252 0.1158
vn -0.5964 0.7962 0.1016
vn -0.3155 0.9418 0.1161
vn -0.0482 0.9880 0.1469
vn -0.7014 0.7107 0.0534
vn -0.3234 0.9407 0.1027
vn -0.5915 0.7991 0.1074
vn -0.3396 0.9333 0.1172
vn -0.2528 0.9593 0.1261
vn -0.3107 0.8136 0.4914
vn -0.2574 0.3043 0.9171
vn -0.3984 0.8751 0.2746
vn -0.2660 0.9460 0.1852
vn -0.4353 0.8939 0.1065
vn -0.2806 0.8868 0.3673
vn -0.2027 0.9677 0.1497
vn 0.4340 0.8940 0.1110
vn 0.2893 0.8497 0.4409
vn 0.2933 0.8024 0.5196
vn 0.3661 0.6186 0.6952
vn 0.1275 0.9798 0.1539
vn 0.1188 0.9865 0.1127
vn 0.3023 0.9458 0.1186
vn 0.1634 0.7004 0.6948
vn 0.1175 0.9800 0.1604
vn 0.1191 0.9558 0.2689
vn 0.2519 0.8567 0.4500
vn 0.5780 -0.0828 0.8118
vn 0.5385 -0.1413 0.8307
vn 0.2419 0.3009 0.9225
vn 0.1177 0.9747 0.1903
vn 0.2852 0.2327 0.9298
vn 0.2090 0.6714 0.7110
vn 0.3480 0.9078 0.2339
vn 0.3881 0.9039 0.1797
vn 0.4456 0.8815 0.1563
vn 0.5010 0.8550 0.1341
vn 0.5439 0.8318 0.1112
vn 0.5964 0.7962 0.1016
vn 0.6901 0.7214 0.0574
vn 0.3395 0.9333 0.1172
vn -0.3427 0.9339 0.1016
vn -0.5911 0.7988 0.1114
vn -0.5005 0.8499 0.1645
vn -0.4469 0.8738 0.1917
vn -0.3917 0.8936 0.2190
vn -0.3532 0.8998 0.2562
vn -0.3289 0.8948 0.3021
vn -0.3098 0.8832 0.3521
vn -0.1045 0.9791 0.1744
vn -0.1188 0.9865 0.1127
vn -0.3059 0.9459 0.1079
vn -0.1175 0.9800 0.1604
vn -0.1191 0.9558 0.2689
vn -0.1531 0.9090 0.3877
vn -0.7164 -0.1183 0.6876
vn -0.5440 -0.1452 0.8264
vn -0.6890 -0.2467 0.6815
vn -0.1177 0.9747 0.1903
vn -0.2836 0.8427 0.4577
vn -0.2779 0.8931 0.3537
vn -0.5438 0.8318 0.1112
vn -0.3209 0.9401 0.1147
vn -0.4422 0.8797 0.1747
vn -0.2574 0.2368 0.9368
vn -0.3600 -0.6108 -0.7052
vn -0.2936 -0.8238 -0.4850
vn -0.0667 -0.8683 -0.4916
vn -0.0237 -0.9959 -0.0869
vn -0.0915 -0.5341 -0.8404
vn -0.0647 -0.9198 -0.3870
vn -0.0662 -0.8397 -0.5389
vn -0.3143 -0.7334 -0.6028
vn -0.1051 -0.3225 -0.9407
vn -0.0995 -0.9382 -0.3316
vn -0.1024 -0.8439 -0.5267
vn -0.1051 -0.8952 -0.4332
vn -0.1370 -0.8466 -0.5142
vn -0.1432 -0.8731 -0.4660
vn -0.2266 -0.4885 -0.8426
vn -0.1513 -0.9294 -0.3368
vn -0.2808 -0.8653 -0.4153
vn -0.2833 -0.8249 -0.4892
vn -0.0520 -0.9871 -0.1517
vn -0.1032 -0.9782 -0.1800
vn -0.2407 -0.4826 -0.8421
vn -0.2725 -0.8684 -0.4142
vn -0.2972 -0.7376 -0.6063
vn -0.3323 -0.8219 -0.4627
vn 0.3601 -0.6108 -0.7052
vn 0.2960 -0.8683 -0.3980
vn 0.2974 -0.8412 -0.4517
vn 0.0289 -0.9954 -0.0909
vn 0.0373 -0.5277 -0.8486
vn 0.0256 -0.9173 -0.3973
vn 0.0241 -0.8632 -0.5043
vn 0.0667 -0.8683 -0.4916
vn 0.0237 -0.9959 -0.0869
vn 0.0915 -0.5341 -0.8405
vn 0.0632 -0.9400 -0.3352
vn 0.0662 -0.8397 -0.5389
vn 0.3143 -0.7334 -0.6028
vn -0.0484 -0.2553 0.9657
vn 0.0428 -0.3209 -0.9462
vn 0.0915 -0.5341 -0.8404
vn 0.1028 -0.9176 -0.3840
vn 0.1024 -0.8439 -0.5266
vn 0.0617 -0.9892 -0.1328
vn 0.1051 -0.3225 -0.9407
vn 0.1370 -0.8466 -0.5142
vn 0.1432 -0.8731 -0.4660
vn 0.1792 -0.6853 -0.7058
vn 0.1513 -0.9294 -0.3368
vn 0.2904 -0.8792 -0.3776
vn 0.2853 -0.8367 -0.4675
vn 0.2987 -0.7717 -0.5615
vn 0.0128 -0.9965 -0.0830
vn 0.0520 -0.9871 -0.1517
vn 0.1032 -0.9782 -0.1800
vn 0.2071 -0.6727 -0.7103
vn 0.2725 -0.8684 -0.4142
vn 0.2973 -0.7376 -0.6063
vn 0.3323 -0.8219 -0.4627
vn 0.5155 0.2447 -0.8212
vn -0.2889 -0.8298 -0.4775
vn 0.0323 -0.9936 -0.1085
vn 0.0334 -0.9905 -0.1333
vn 0.0327 -0.9868 -0.1585
vn 0.0317 -0.9811 -0.1907
vn 0.0301 -0.9744 -0.2227
vn 0.0282 -0.9598 -0.2792
vn 0.0246 -0.8929 -0.4496
vn -0.0655 -0.9891 -0.1322
vn -0.0628 -0.9738 -0.2185
vn -0.0656 -0.9916 -0.1119
vn -0.0660 -0.8962 -0.4388
vn -0.0327 -0.9868 -0.1585
vn -0.0632 -0.9400 -0.3352
vn -0.0291 -0.7232 -0.6900
vn -0.0282 -0.9598 -0.2792
vn 0.0239 -0.8340 -0.5513
vn -0.2967 -0.7948 -0.5294
vn -0.3108 -0.7451 -0.5901
vn -0.1214 -0.8462 -0.5188
vn -0.0958 -0.9711 -0.2184
vn -0.0968 -0.9864 -0.1326
vn -0.0642 -0.9800 -0.1883
vn -0.1290 -0.7216 -0.6802
vn -0.1677 -0.5234 -0.8354
vn -0.1260 -0.9145 -0.3844
vn -0.1440 -0.9758 -0.1647
vn -0.1480 -0.9503 -0.2738
vn -0.1792 -0.6853 -0.7058
vn -0.2839 -0.8042 -0.5222
vn -0.2974 -0.7915 -0.5339
vn -0.3159 -0.6306 -0.7089
vn 0.4623 -0.3496 -0.8149
vn 0.2893 -0.8497 -0.4409
vn 0.0655 -0.9891 -0.1322
vn 0.0642 -0.9800 -0.1883
vn 0.0656 -0.9916 -0.1119
vn 0.0660 -0.8962 -0.4388
vn 0.0650 -0.9855 -0.1568
vn 0.2967 -0.7948 -0.5294
vn 0.4926 -0.2591 -0.8308
vn 0.1051 -0.8952 -0.4332
vn 0.1006 -0.9874 -0.1225
vn 0.4160 0.2218 -0.8819
vn 0.0958 -0.9711 -0.2184
vn 0.0965 -0.9587 -0.2677
vn 0.0968 -0.9864 -0.1326
vn 0.1290 -0.7216 -0.6802
vn 0.1677 -0.5234 -0.8354
vn 0.0995 -0.9382 -0.3316
vn 0.1260 -0.9145 -0.3844
vn 0.1480 -0.9503 -0.2738
vn 0.1463 -0.7922 -0.5924
vn 0.2808 -0.8653 -0.4153
vn 0.2833 -0.8249 -0.4892
vn 0.2839 -0.8042 -0.5222
vn 0.2823 -0.8421 -0.4595
vn 0.2847 -0.8583 -0.4269
vn 0.2407 -0.4826 -0.8422
vn 0.3115 -0.8133 -0.4915
vn -0.2933 -0.8025 -0.5196
vn -0.3605 -0.6308 -0.6871
vn -0.1045 -0.9791 -0.1744
vn -0.1188 -0.9865 -0.1127
vn -0.1631 -0.7011 -0.6942
vn -0.1191 -0.9558 -0.2689
vn -0.1505 -0.8901 -0.4301
vn -0.2422 -0.2984 -0.9232
vn -0.0966 -0.9827 -0.1581
vn -0.1226 -0.9352 -0.3322
vn 0.2889 -0.8298 -0.4775
vn 0.3108 -0.7451 -0.5901
vn 0.1032 -0.9827 -0.1536
vn 0.1188 -0.9865 -0.1127
vn 0.1075 -0.8062 -0.5819
vn 0.1175 -0.9800 -0.1604
vn 0.1191 -0.9558 -0.2689
vn 0.1527 -0.9091 -0.3876
vn 0.1459 -0.9632 -0.2258
vn 0.1177 -0.9747 -0.1903
vn 0.3738 0.9201 0.1172
vn 0.6104 0.7863 0.0959
vn 0.5934 0.7991 0.0968
vn 0.4902 0.8620 0.1288
vn 0.4351 0.8878 0.1500
vn 0.3134 0.9091 0.2743
vn 0.3386 0.9126 0.2293
vn 0.2914 0.9068 0.3047
vn 0.3780 0.9096 0.1725
vn 0.3427 0.9339 0.1016
vn 0.3059 0.9459 0.1079
vn 0.4189 0.9025 0.1005
vn 0.5605 0.8206 0.1116
vn 0.5911 0.7988 0.1114
vn 0.6338 0.7689 0.0844
vn 0.3623 0.6145 0.7008
vn 0.4947 0.2555 0.8307
vn 0.5463 0.8257 0.1407
vn 0.5005 0.8499 0.1645
vn 0.4469 0.8738 0.1917
vn 0.3917 0.8936 0.2190
vn 0.3958 0.8878 0.2347
vn 0.3532 0.8998 0.2562
vn 0.3289 0.8948 0.3021
vn 0.3098 0.8832 0.3521
vn 0.3221 0.8717 0.3694
vn 0.3043 0.8938 0.3295
vn 0.2860 0.8876 0.3611
vn 0.2904 0.8792 0.3776
vn 0.4837 0.2665 0.8337
vn 0.2779 0.8931 0.3538
vn 0.2735 0.8702 0.4099
vn 0.2936 0.8238 0.4850
vn 0.2847 0.8583 0.4269
vn 0.2824 0.8421 0.4595
vn 0.2853 0.8367 0.4675
vn 0.0128 0.9965 0.0830
vn 0.0289 0.9954 0.0909
vn 0.0247 0.8020 0.5968
vn 0.0239 0.8340 0.5513
vn -0.0239 0.8340 0.5513
vn -0.0291 0.7224 0.6908
vn 0.0373 0.5279 0.8485
vn 0.0323 0.9936 0.1085
vn -0.0323 0.9936 0.1085
vn 0.0334 0.9905 0.1333
vn 0.0327 0.9868 0.1585
vn 0.0317 0.9811 0.1907
vn -0.0317 0.9811 0.1907
vn 0.0301 0.9744 0.2227
vn 0.0282 0.9598 0.2792
vn 0.0267 0.9377 0.3463
vn -0.0267 0.9377 0.3463
vn 0.0256 0.9173 0.3973
vn 0.0246 0.8929 0.4496
vn -0.0246 0.8929 0.4496
vn -0.0241 0.8632 0.5043
vn 0.0667 0.8683 0.4916
vn 0.0645 0.9916 0.1119
vn 0.0664 0.8065 0.5875
vn 0.1075 0.8060 0.5821
vn 0.1043 0.8710 0.4801
vn 0.1032 0.9827 0.1536
vn 0.0482 0.9880 0.1469
vn 0.1021 0.9780 0.1819
vn 0.0738 0.7274 0.6823
vn 0.0570 0.9872 0.1488
vn 0.0650 0.9855 0.1568
vn 0.0622 0.9607 0.2704
vn 0.2874 0.8148 0.5035
vn 0.2861 0.8006 0.5265
vn 0.2994 0.7703 0.5630
vn 0.2836 0.8426 0.4577
vn 0.3465 0.7933 0.5007
vn 0.5499 0.4994 0.6695
vn 0.0480 -0.1278 0.9906
vn 0.6411 0.0570 0.7653
vn 0.0441 0.2474 0.9679
vn 0.0427 0.3228 0.9455
vn 0.5440 -0.1452 0.8264
vn 0.1941 0.3117 0.9302
vn 0.7164 -0.1183 0.6876
vn 0.1028 0.9176 0.3840
vn 0.1313 0.7984 0.5876
vn 0.1465 0.7920 0.5927
vn 0.1244 0.8733 0.4711
vn 0.1508 0.8901 0.4302
vn 0.1222 0.9847 0.1240
vn 0.1378 0.9734 0.1828
vn 0.2489 0.2280 0.9413
vn 0.1191 -0.0586 0.9912
vn 0.0965 0.9586 0.2677
vn 0.0964 0.9773 0.1885
vn 0.0983 0.9887 0.1128
vn 0.1045 0.9791 0.1744
vn 0.2115 0.5019 0.8387
vn 0.1531 0.9090 0.3877
vn 0.1177 0.9682 0.2207
vn 0.1464 0.9631 0.2259
vn 0.1172 0.9841 0.1333
vn 0.1428 0.9804 0.1360
vn 0.1328 0.9761 0.1721
vn 0.1531 0.9744 0.1647
vn 0.3307 0.4525 0.8282
vn 0.3747 0.8432 0.3856
vn 0.2713 0.8690 0.4139
vn 0.1947 0.7766 0.5991
vn 0.2352 0.9637 0.1264
vn 0.4354 0.8939 0.1065
vn 0.2473 0.9616 0.1191
vn 0.2574 0.3043 0.9171
vn 0.5359 -0.1575 0.8295
vn 0.7242 0.6881 0.0454
vn 0.4453 0.6944 0.5652
vn 0.5449 -0.1362 0.8274
vn 0.3222 0.9047 0.2789
vn 0.5026 0.8519 0.1471
vn 0.5528 0.8252 0.1158
vn 0.5915 0.7991 0.1074
vn 0.5693 0.8150 0.1084
vn 0.3209 0.9401 0.1147
vn 0.6778 0.7322 0.0673
vn 0.7132 0.6986 0.0573
vn 0.0103 0.9968 0.0793
vn 0.2744 0.9542 0.1188
vn 0.3553 0.9284 0.1089
vn 0.3234 0.9407 0.1028
vn 0.3108 0.8136 0.4914
vn 0.2171 0.9662 0.1392
vn 0.2270 0.8477 0.4794
vn 0.2584 0.9540 0.1523
vn 0.4499 0.8813 0.1446
vn 0.4302 0.8783 0.2086
vn 0.2968 0.7377 0.6064
vn 0.2750 0.9277 0.2525
vn 0.2711 0.9373 0.2189
vn 0.4127 0.8780 0.2424
vn 0.3879 0.8626 0.3247
vn -0.7242 0.6881 0.0454
vn -0.7132 0.6987 0.0574
vn -0.3738 0.9201 0.1172
vn -0.4589 0.8809 0.1160
vn -0.5934 0.7991 0.0968
vn -0.4903 0.8620 0.1288
vn -0.4351 0.8878 0.1500
vn -0.3134 0.9091 0.2743
vn -0.3386 0.9126 0.2293
vn -0.2914 0.9068 0.3047
vn -0.3780 0.9096 0.1725
vn -0.4188 0.9025 0.1005
vn -0.3355 0.9372 0.0950
vn -0.5605 0.8206 0.1116
vn -0.2933 0.8024 0.5197
vn -0.3623 0.6145 0.7008
vn -0.4947 0.2554 0.8307
vn -0.4271 0.3952 0.8132
vn -0.5463 0.8257 0.1407
vn -0.3958 0.8878 0.2347
vn -0.3397 0.8870 0.3127
vn -0.2960 0.8683 0.3980
vn -0.3043 0.8938 0.3295
vn -0.3661 0.6186 0.6952
vn -0.4837 0.2664 0.8337
vn -0.2735 0.8702 0.4099
vn -0.2893 0.8497 0.4409
vn -0.2889 0.8298 0.4775
vn -0.2936 0.8238 0.4850
vn -0.2847 0.8583 0.4269
vn -0.0660 0.8962 0.4388
vn -0.0645 0.9916 0.1119
vn -0.0617 0.9892 0.1328
vn -0.0103 0.9968 0.0793
vn -0.0664 0.8065 0.5875
vn -0.1033 0.9827 0.1536
vn -0.0738 0.7274 0.6823
vn -0.0520 0.9871 0.1516
vn -0.0655 0.9891 0.1322
vn -0.0628 0.9738 0.2185
vn -0.0622 0.9607 0.2704
vn -0.2874 0.8148 0.5035
vn -0.2994 0.7703 0.5630
vn -0.3465 0.7933 0.5007
vn -0.4453 0.6945 0.5652
vn -0.0480 -0.1278 0.9906
vn -0.6411 0.0570 0.7653
vn -0.5385 -0.1412 0.8307
vn -0.5780 -0.0828 0.8118
vn -0.1941 0.3117 0.9301
vn -0.5449 -0.1361 0.8274
vn -0.5591 0.0108 0.8290
vn -0.1292 0.7207 0.6811
vn -0.1028 0.9176 0.3840
vn -0.1313 0.7984 0.5876
vn -0.1214 0.8462 0.5189
vn -0.1244 0.8733 0.4711
vn -0.1508 0.8901 0.4302
vn -0.1275 0.9798 0.1539
vn -0.1222 0.9847 0.1240
vn -0.1495 0.9774 0.1493
vn -0.1378 0.9734 0.1828
vn -0.2419 0.3009 0.9225
vn -0.1191 -0.0585 0.9912
vn -0.0965 0.9586 0.2677
vn -0.0966 0.9827 0.1581
vn -0.0964 0.9773 0.1885
vn -0.0983 0.9887 0.1128
vn -0.1634 0.7004 0.6948
vn -0.2115 0.5019 0.8387
vn -0.1794 0.6847 0.7064
vn -0.1260 0.9145 0.3844
vn -0.1226 0.9352 0.3323
vn -0.1177 0.9682 0.2207
vn -0.1464 0.9631 0.2259
vn -0.1172 0.9841 0.1333
vn -0.1428 0.9804 0.1360
vn -0.1328 0.9761 0.1721
vn -0.1353 0.9748 0.1772
vn -0.3308 0.4525 0.8282
vn -0.2090 0.6714 0.7110
vn -0.3747 0.8432 0.3856
vn -0.2713 0.8690 0.4139
vn -0.1947 0.7766 0.5991
vn -0.2519 0.8567 0.4500
vn -0.2352 0.9637 0.1264
vn -0.5377 -0.1377 0.8318
vn -0.6103 0.7863 0.0960
vn -0.7132 0.6986 0.0574
vn -0.3965 0.5651 0.7235
vn -0.5337 -0.0671 0.8430
vn -0.3251 0.9005 0.2890
vn -0.3504 0.9043 0.2436
vn -0.3903 0.8994 0.1967
vn -0.4473 0.8778 0.1714
vn -0.5026 0.8519 0.1471
vn -0.5529 0.8235 0.1272
vn -0.6901 0.7215 0.0574
vn -0.4340 0.8940 0.1110
vn -0.5693 0.8150 0.1084
vn -0.6875 0.7219 0.0781
vn -0.6778 0.7322 0.0673
vn -0.6542 0.7512 0.0873
vn -0.3023 0.9458 0.1186
vn -0.2744 0.9542 0.1188
vn -0.2171 0.9662 0.1392
vn -0.3553 0.9284 0.1089
vn -0.3296 0.9372 0.1142
vn -0.6980 0.7141 0.0534
vn -0.3471 0.9316 0.1079
vn -0.2967 0.7918 0.5338
vn -0.2001 0.9666 0.1604
vn -0.2270 0.8477 0.4794
vn -0.2041 0.8276 0.5229
vn -0.2584 0.9540 0.1523
vn -0.4498 0.8813 0.1446
vn -0.4302 0.8783 0.2086
vn -0.2750 0.9277 0.2525
vn -0.2711 0.9373 0.2189
vn -0.3880 0.8626 0.3247
vn -0.2797 0.9108 0.3036
vn 0.5377 -0.1377 0.8318
vn 0.3147 0.9441 0.0986
vn -0.2633 0.9554 0.1338
vn -0.1580 0.9714 0.1771
vn -0.3607 -0.6181 -0.6985
vn -0.2735 -0.8702 -0.4099
vn -0.0247 -0.8021 -0.5966
vn -0.0239 -0.8340 -0.5513
vn -0.0317 -0.9811 -0.1907
vn -0.0301 -0.9744 -0.2227
vn -0.0267 -0.9377 -0.3463
vn -0.0241 -0.8632 -0.5043
vn -0.0246 -0.8929 -0.4496
vn -0.0664 -0.8067 -0.5873
vn -0.1075 -0.8062 -0.5819
vn -0.1043 -0.8710 -0.4801
vn -0.0736 -0.7282 -0.6814
vn -0.0373 -0.5277 -0.8486
vn -0.0256 -0.9173 -0.3973
vn -0.0622 -0.9607 -0.2704
vn -0.2874 -0.8148 -0.5034
vn -0.2836 -0.8427 -0.4577
vn -0.3453 -0.7939 -0.5005
vn -0.0428 -0.3209 -0.9462
vn -0.1028 -0.9176 -0.3840
vn -0.1312 -0.7986 -0.5873
vn -0.1244 -0.8733 -0.4711
vn -0.1944 -0.3094 -0.9309
vn -0.0964 -0.9773 -0.1885
vn -0.2117 -0.5013 -0.8390
vn -0.1527 -0.9091 -0.3876
vn -0.1177 -0.9682 -0.2207
vn -0.1463 -0.7922 -0.5924
vn -0.2987 -0.7717 -0.5615
vn -0.2847 -0.8583 -0.4269
vn -0.2853 -0.8367 -0.4675
vn -0.0570 -0.9872 -0.1488
vn -0.0175 -0.9962 -0.0847
vn -0.2071 -0.6727 -0.7103
vn -0.2526 -0.8565 -0.4502
vn -0.2269 -0.8478 -0.4793
vn -0.1925 -0.7776 -0.5986
vn 0.3607 -0.6181 -0.6985
vn 0.3605 -0.6308 -0.6871
vn 0.2937 -0.8238 -0.4850
vn 0.0645 -0.9916 -0.1119
vn 0.0267 -0.9377 -0.3463
vn 0.0628 -0.9738 -0.2185
vn 0.0622 -0.9607 -0.2704
vn 0.2874 -0.8148 -0.5034
vn 0.2933 -0.8025 -0.5196
vn 0.2836 -0.8427 -0.4577
vn 0.1312 -0.7986 -0.5873
vn 0.1214 -0.8462 -0.5188
vn 0.1244 -0.8733 -0.4711
vn 0.1505 -0.8901 -0.4301
vn 0.1275 -0.9798 -0.1539
vn 0.2423 -0.2984 -0.9232
vn 0.1944 -0.3094 -0.9309
vn 0.0966 -0.9827 -0.1581
vn 0.0964 -0.9773 -0.1885
vn 0.1631 -0.7011 -0.6942
vn 0.2117 -0.5013 -0.8390
vn 0.2526 -0.8565 -0.4502
vn 0.1045 -0.9791 -0.1744
vn 0.0570 -0.9872 -0.1488
vn 0.2266 -0.4885 -0.8426
vn 0.2269 -0.8478 -0.4793
vn 0.1925 -0.7776 -0.5986
vn -0.0334 -0.9905 -0.1333
vn -0.0289 -0.9954 -0.0909
vn -0.0323 -0.9936 -0.1085
vn -0.0983 -0.9887 -0.1128
vn -0.0650 -0.9855 -0.1568
vn -0.1172 -0.9841 -0.1333
vn -0.1177 -0.9747 -0.1903
vn -0.0965 -0.9587 -0.2677
vn 0.0983 -0.9887 -0.1128
vn 0.0647 -0.9198 -0.3870
vn 0.1328 -0.9761 -0.1721
vn 0.1222 -0.9847 -0.1240
vn 0.1172 -0.9841 -0.1333
vn 0.1177 -0.9682 -0.2207
vn 0.4344 -0.7071 -0.5580
vn 0.3453 -0.7939 -0.5005
vn 0.5387 -0.0334 0.8418
vn 0.3155 0.9418 0.1161
vn -0.6426 0.7623 0.0766
vn -0.1022 0.9780 0.1819
vn -0.5735 -0.2033 0.7935
vn -0.3801 0.9211 0.0841
vn -0.4127 0.8780 0.2424
vn 0.0175 -0.9962 -0.0847
vn -0.1275 -0.8936 -0.4303
vn -0.1175 -0.9800 -0.1604
vn -0.2030 -0.8281 -0.5226
vn -0.2823 -0.8421 -0.4595
vn -0.0128 -0.9965 -0.0830
vn -0.3115 -0.8132 -0.4915
vn 0.3982 -0.5615 -0.7254
vn 0.1043 -0.8710 -0.4801
vn 0.1275 -0.8936 -0.4303
vn 0.1226 -0.9352 -0.3322
vn 0.3159 -0.6306 -0.7089
vn 0.2030 -0.8281 -0.5226
vn 0.2974 -0.7915 -0.5339
vt 0.663242 0.253132
vt 0.661153 0.250290
vt 0.664654 0.244484
vt 0.666645 0.249582
vt 0.659023 0.247483
vt 0.662488 0.239164
vt 0.666754 0.226652
vt 0.669226 0.237947
vt 0.670902 0.245456
vt 0.667497 0.190752
vt 0.671001 0.211257
vt 0.665996 0.212053
vt 0.662039 0.190910
vt 0.675803 0.210545
vt 0.677008 0.221518
vt 0.672580 0.222999
vt 0.581408 0.188295
vt 0.531184 0.187117
vt 0.531107 0.169925
vt 0.578830 0.170684
vt 0.663864 0.172423
vt 0.658017 0.172695
vt 0.587237 0.058177
vt 0.559388 0.057481
vt 0.558390 0.051863
vt 0.585323 0.052364
vt 0.659652 0.153680
vt 0.653320 0.154109
vt 0.530752 0.088000
vt 0.530715 0.079229
vt 0.563359 0.079939
vt 0.564879 0.088778
vt 0.655352 0.136877
vt 0.648357 0.137137
vt 0.573180 0.135521
vt 0.530954 0.134836
vt 0.530871 0.115824
vt 0.569865 0.116809
vt 0.650449 0.119910
vt 0.642698 0.119750
vt 0.583771 0.207092
vt 0.531265 0.205355
vt 0.644359 0.101256
vt 0.635682 0.100838
vt 0.566460 0.097902
vt 0.530791 0.097024
vt 0.650482 0.092938
vt 0.653115 0.101739
vt 0.641134 0.092308
vt 0.631918 0.091750
vt 0.645416 0.077684
vt 0.647928 0.084984
vt 0.637934 0.083968
vt 0.634814 0.076164
vt 0.628119 0.083042
vt 0.624416 0.074748
vt 0.641056 0.065942
vt 0.642969 0.070989
vt 0.631886 0.068932
vt 0.629528 0.063044
vt 0.620973 0.067015
vt 0.618104 0.060417
vt 0.530622 0.056820
vt 0.530598 0.051202
vt 0.606512 0.118558
vt 0.600740 0.099463
vt 0.611470 0.136784
vt 0.619779 0.172016
vt 0.576125 0.153294
vt 0.615739 0.154168
vt 0.560578 0.064109
vt 0.530649 0.063448
vt 0.531032 0.152886
vt 0.597787 0.090205
vt 0.584632 0.216096
vt 0.531302 0.213779
vt 0.530681 0.070958
vt 0.561914 0.071632
vt 0.594865 0.081195
vt 0.585483 0.231944
vt 0.531366 0.228001
vt 0.531361 0.227053
vt 0.585449 0.231005
vt 0.531352 0.224893
vt 0.585358 0.228577
vt 0.629170 0.241196
vt 0.629143 0.240154
vt 0.557635 0.047469
vt 0.583831 0.047827
vt 0.628041 0.059180
vt 0.640072 0.063326
vt 0.615931 0.055318
vt 0.613229 0.050712
vt 0.627300 0.056921
vt 0.639813 0.062307
vt 0.626934 0.209690
vt 0.623443 0.189927
vt 0.640265 0.190491
vt 0.644091 0.210848
vt 0.636326 0.172494
vt 0.647876 0.172775
vt 0.651991 0.190836
vt 0.627129 0.137156
vt 0.631858 0.154377
vt 0.621662 0.119215
vt 0.632221 0.119617
vt 0.638039 0.137327
vt 0.628268 0.220169
vt 0.629088 0.236871
vt 0.592072 0.072699
vt 0.589506 0.064993
vt 0.615076 0.100131
vt 0.652516 0.243924
vt 0.643583 0.240933
vt 0.644637 0.232903
vt 0.654927 0.235202
vt 0.628907 0.229803
vt 0.645121 0.222150
vt 0.656669 0.223620
vt 0.656049 0.211682
vt 0.663423 0.212155
vt 0.662518 0.212114
vt 0.658363 0.190988
vt 0.659296 0.190978
vt 0.655352 0.251099
vt 0.655783 0.249954
vt 0.656286 0.250303
vt 0.655846 0.251440
vt 0.657346 0.245778
vt 0.657882 0.246158
vt 0.657387 0.251217
vt 0.656912 0.252268
vt 0.607367 0.058998
vt 0.599087 0.058566
vt 0.596989 0.052757
vt 0.605164 0.053322
vt 0.595431 0.048252
vt 0.603621 0.048971
vt 0.657099 0.190968
vt 0.652911 0.172871
vt 0.654157 0.172867
vt 0.643112 0.154433
vt 0.655109 0.172828
vt 0.649239 0.154389
vt 0.650210 0.154321
vt 0.642799 0.137364
vt 0.636835 0.119753
vt 0.637980 0.119740
vt 0.643980 0.137335
vt 0.625094 0.100565
vt 0.639002 0.119709
vt 0.630565 0.100703
vt 0.631615 0.100684
vt 0.613720 0.073892
vt 0.604791 0.073344
vt 0.601727 0.065495
vt 0.610282 0.065955
vt 0.530558 0.041540
vt 0.530554 0.040510
vt 0.556802 0.041264
vt 0.556881 0.042276
vt 0.530580 0.046799
vt 0.530552 0.040049
vt 0.557152 0.040823
vt 0.626579 0.091561
vt 0.625528 0.091575
vt 0.621526 0.082665
vt 0.622532 0.082662
vt 0.621291 0.091394
vt 0.617449 0.082451
vt 0.617628 0.074112
vt 0.618587 0.074118
vt 0.627639 0.091546
vt 0.662699 0.120212
vt 0.661849 0.120189
vt 0.657217 0.101994
vt 0.658179 0.102057
vt 0.608567 0.046525
vt 0.609369 0.046325
vt 0.615008 0.049985
vt 0.607655 0.044469
vt 0.608152 0.044349
vt 0.608677 0.044145
vt 0.610021 0.046012
vt 0.615790 0.049541
vt 0.058873 0.044848
vt 0.069031 0.043329
vt 0.068923 0.043841
vt 0.058880 0.045303
vt 0.079364 0.041833
vt 0.079182 0.042369
vt 0.079015 0.042873
vt 0.068807 0.044337
vt 0.058852 0.045758
vt 0.530567 0.043632
vt 0.557150 0.044333
vt 0.627508 0.055937
vt 0.639875 0.061686
vt 0.627978 0.055393
vt 0.640117 0.061144
vt 0.594394 0.045052
vt 0.602632 0.045834
vt 0.582819 0.044648
vt 0.582225 0.042592
vt 0.593793 0.042958
vt 0.602071 0.043758
vt 0.582010 0.041171
vt 0.581964 0.041582
vt 0.084487 0.041149
vt 0.084366 0.041612
vt 0.086013 0.041140
vt 0.085924 0.041498
vt 0.084250 0.042078
vt 0.644973 0.137276
vt 0.669558 0.153016
vt 0.668873 0.153062
vt 0.665591 0.136511
vt 0.666353 0.136485
vt 0.672971 0.172000
vt 0.672343 0.172029
vt 0.585130 0.223505
vt 0.399565 0.137793
vt 0.406549 0.137980
vt 0.402402 0.154825
vt 0.396107 0.154459
vt 0.648022 0.154424
vt 0.608133 0.081896
vt 0.611604 0.090896
vt 0.593492 0.041539
vt 0.593511 0.041924
vt 0.601794 0.042345
vt 0.601810 0.042729
vt 0.606475 0.043429
vt 0.606959 0.043514
vt 0.607176 0.044472
vt 0.606683 0.044413
vt 0.656350 0.245337
vt 0.659370 0.236262
vt 0.660485 0.236569
vt 0.661677 0.224269
vt 0.662906 0.224431
vt 0.661246 0.212037
vt 0.389507 0.191861
vt 0.394893 0.191973
vt 0.391574 0.212512
vt 0.386766 0.211843
vt 0.611869 0.059207
vt 0.610986 0.059191
vt 0.608733 0.053613
vt 0.609606 0.053667
vt 0.607198 0.049381
vt 0.608083 0.049481
vt 0.675966 0.190499
vt 0.675383 0.190516
vt 0.398360 0.173609
vt 0.392570 0.173392
vt 0.629476 0.100718
vt 0.408461 0.102809
vt 0.417217 0.102242
vt 0.411298 0.120962
vt 0.403530 0.121222
vt 0.607172 0.046424
vt 0.607720 0.046492
vt 0.608947 0.049633
vt 0.614025 0.066142
vt 0.614940 0.066147
vt 0.053119 0.046468
vt 0.054111 0.045648
vt 0.054291 0.046050
vt 0.053489 0.046590
vt 0.054416 0.046436
vt 0.647817 0.067492
vt 0.646415 0.067242
vt 0.645159 0.065228
vt 0.645580 0.065009
vt 0.649474 0.072184
vt 0.648222 0.071956
vt 0.651616 0.078610
vt 0.650433 0.078430
vt 0.653752 0.085619
vt 0.652643 0.085495
vt 0.655910 0.093345
vt 0.654878 0.093264
vt 0.658217 0.120098
vt 0.662333 0.136627
vt 0.665943 0.153257
vt 0.669651 0.172154
vt 0.672881 0.190591
vt 0.678020 0.210201
vt 0.678542 0.210072
vt 0.679577 0.220097
vt 0.679034 0.220679
vt 0.678062 0.239347
vt 0.677723 0.231743
vt 0.679536 0.230019
vt 0.679725 0.236905
vt 0.680187 0.228483
vt 0.680521 0.234579
vt 0.645643 0.064477
vt 0.647176 0.065410
vt 0.645819 0.063938
vt 0.647277 0.064735
vt 0.661562 0.254900
vt 0.659488 0.253050
vt 0.660938 0.255544
vt 0.658938 0.253900
vt 0.650971 0.249018
vt 0.642892 0.245712
vt 0.643035 0.244621
vt 0.651304 0.247897
vt 0.531332 0.220447
vt 0.501860 0.057721
vt 0.500725 0.064359
vt 0.673990 0.233999
vt 0.674951 0.242072
vt 0.671817 0.249743
vt 0.671638 0.248816
vt 0.675350 0.245759
vt 0.675431 0.246847
vt 0.678191 0.243000
vt 0.678221 0.244309
vt 0.664549 0.255010
vt 0.662894 0.256181
vt 0.662576 0.255849
vt 0.664253 0.254549
vt 0.661929 0.256370
vt 0.679818 0.240530
vt 0.679858 0.242245
vt 0.680704 0.238212
vt 0.667582 0.251995
vt 0.667837 0.252684
vt 0.619666 0.074172
vt 0.616025 0.066234
vt 0.612965 0.059342
vt 0.606254 0.046302
vt 0.605740 0.044272
vt 0.610684 0.053859
vt 0.663776 0.224705
vt 0.661133 0.236978
vt 0.605519 0.042873
vt 0.605518 0.043255
vt 0.606489 0.043059
vt 0.623603 0.082677
vt 0.654842 0.249455
vt 0.654425 0.250591
vt 0.399713 0.254320
vt 0.396278 0.250800
vt 0.398223 0.245683
vt 0.401776 0.251458
vt 0.391984 0.246713
vt 0.393591 0.239188
vt 0.395961 0.227870
vt 0.400341 0.240344
vt 0.403882 0.248632
vt 0.400353 0.192081
vt 0.396587 0.213262
vt 0.503531 0.047694
vt 0.502811 0.052094
vt 0.475880 0.052817
vt 0.477336 0.048268
vt 0.390102 0.224269
vt 0.385660 0.222827
vt 0.404211 0.173828
vt 0.480969 0.188741
vt 0.478774 0.207561
vt 0.408740 0.155196
vt 0.499451 0.071893
vt 0.498077 0.080213
vt 0.413549 0.138175
vt 0.483390 0.171106
vt 0.419051 0.120730
vt 0.488731 0.135888
vt 0.485942 0.153690
vt 0.425898 0.101742
vt 0.411010 0.093978
vt 0.420361 0.093255
vt 0.429582 0.092611
vt 0.415930 0.078649
vt 0.426544 0.077024
vt 0.423487 0.084874
vt 0.413487 0.085989
vt 0.436948 0.075523
vt 0.433309 0.083858
vt 0.420206 0.066805
vt 0.431738 0.063843
vt 0.429421 0.069751
vt 0.418321 0.071901
vt 0.443154 0.061131
vt 0.440334 0.067755
vt 0.491883 0.117145
vt 0.450444 0.137489
vt 0.455242 0.119213
vt 0.438945 0.190750
vt 0.442449 0.172804
vt 0.460849 0.100059
vt 0.495127 0.098205
vt 0.496630 0.089066
vt 0.463725 0.090771
vt 0.477994 0.216572
vt 0.435632 0.210546
vt 0.434391 0.221038
vt 0.477380 0.229061
vt 0.477310 0.231489
vt 0.477285 0.232428
vt 0.474014 0.058647
vt 0.433722 0.237749
vt 0.433696 0.241033
vt 0.421175 0.064185
vt 0.433200 0.059966
vt 0.421430 0.063166
vt 0.433927 0.057700
vt 0.447959 0.051386
vt 0.445290 0.056013
vt 0.422126 0.191466
vt 0.410401 0.191916
vt 0.414354 0.173816
vt 0.425903 0.173430
vt 0.418483 0.211859
vt 0.434784 0.138002
vt 0.423872 0.138272
vt 0.429531 0.120502
vt 0.440092 0.120004
vt 0.430208 0.155270
vt 0.446329 0.154916
vt 0.433679 0.242075
vt 0.469297 0.073211
vt 0.466573 0.081733
vt 0.471800 0.065482
vt 0.446512 0.100850
vt 0.410357 0.245014
vt 0.407866 0.236313
vt 0.418137 0.233921
vt 0.419263 0.241942
vt 0.406019 0.224745
vt 0.417556 0.223171
vt 0.433839 0.230678
vt 0.406531 0.212802
vt 0.399162 0.213341
vt 0.403097 0.192125
vt 0.404031 0.192126
vt 0.400066 0.213292
vt 0.407585 0.252215
vt 0.407094 0.252560
vt 0.406645 0.251427
vt 0.407144 0.251074
vt 0.406036 0.253398
vt 0.405551 0.252351
vt 0.405010 0.247297
vt 0.405543 0.246912
vt 0.453886 0.059629
vt 0.456045 0.053935
vt 0.464217 0.053304
vt 0.462164 0.059131
vt 0.457554 0.049571
vt 0.465739 0.048787
vt 0.407120 0.173934
vt 0.411853 0.155380
vt 0.412824 0.155439
vt 0.408073 0.173965
vt 0.418952 0.155428
vt 0.409319 0.173957
vt 0.405294 0.192095
vt 0.422748 0.120656
vt 0.429966 0.101551
vt 0.431017 0.101561
vt 0.423771 0.120677
vt 0.436491 0.101373
vt 0.424916 0.120679
vt 0.419111 0.138352
vt 0.417930 0.138333
vt 0.447647 0.074580
vt 0.451024 0.066611
vt 0.459579 0.066083
vt 0.456577 0.073960
vt 0.504312 0.041481
vt 0.503958 0.041043
vt 0.504241 0.042495
vt 0.434925 0.092375
vt 0.438899 0.083431
vt 0.439906 0.083425
vt 0.435977 0.092379
vt 0.442777 0.074846
vt 0.443737 0.074832
vt 0.443985 0.083177
vt 0.440217 0.092161
vt 0.433864 0.092369
vt 0.404360 0.103103
vt 0.399898 0.121348
vt 0.399047 0.121378
vt 0.403398 0.103176
vt 0.446174 0.050672
vt 0.451786 0.046969
vt 0.452589 0.047163
vt 0.445389 0.050233
vt 0.451131 0.046661
vt 0.452461 0.044783
vt 0.452988 0.044984
vt 0.453485 0.045100
vt 0.214054 0.045293
vt 0.214044 0.045748
vt 0.204009 0.044228
vt 0.203904 0.043716
vt 0.214069 0.046203
vt 0.204123 0.044725
vt 0.193923 0.043202
vt 0.193759 0.042697
vt 0.193580 0.042160
vt 0.503990 0.044554
vt 0.421365 0.062544
vt 0.433712 0.056717
vt 0.421121 0.062002
vt 0.433239 0.056175
vt 0.458519 0.046426
vt 0.466750 0.045578
vt 0.459064 0.044345
vt 0.467335 0.043479
vt 0.478899 0.043019
vt 0.478322 0.045080
vt 0.479153 0.042007
vt 0.188580 0.041910
vt 0.188461 0.041447
vt 0.188693 0.042378
vt 0.187088 0.042160
vt 0.187022 0.041788
vt 0.186935 0.041429
vt 0.416935 0.138284
vt 0.393174 0.154290
vt 0.389877 0.173291
vt 0.389248 0.173268
vt 0.392489 0.154252
vt 0.396306 0.137707
vt 0.395543 0.137688
vt 0.479103 0.041597
vt 0.477563 0.223986
vt 0.414041 0.155463
vt 0.449906 0.091580
vt 0.453304 0.082544
vt 0.467608 0.042443
vt 0.467624 0.042058
vt 0.459317 0.043314
vt 0.459329 0.042930
vt 0.402320 0.237730
vt 0.403432 0.237413
vt 0.406535 0.246461
vt 0.399790 0.225613
vt 0.401017 0.225440
vt 0.401338 0.213203
vt 0.449383 0.059873
vt 0.451605 0.054314
vt 0.452477 0.054253
vt 0.450267 0.059850
vt 0.453096 0.050115
vt 0.453980 0.050009
vt 0.387004 0.191808
vt 0.386421 0.191796
vt 0.432107 0.101566
vt 0.452233 0.050274
vt 0.453436 0.047124
vt 0.453984 0.047051
vt 0.453964 0.045099
vt 0.454456 0.045037
vt 0.446364 0.066840
vt 0.447280 0.066828
vt 0.219820 0.046969
vt 0.219424 0.047086
vt 0.218628 0.046526
vt 0.218814 0.046121
vt 0.218498 0.046912
vt 0.413399 0.068440
vt 0.415643 0.065880
vt 0.416072 0.066100
vt 0.414817 0.068164
vt 0.413052 0.072935
vt 0.411797 0.073180
vt 0.410908 0.079452
vt 0.409726 0.079646
vt 0.408772 0.086550
vt 0.407663 0.086686
vt 0.406614 0.094348
vt 0.405582 0.094438
vt 0.384546 0.211520
vt 0.383626 0.222007
vt 0.384022 0.211395
vt 0.383078 0.221430
vt 0.384767 0.240667
vt 0.383083 0.238240
vt 0.383209 0.231353
vt 0.385038 0.233060
vt 0.382265 0.235922
vt 0.382544 0.229822
vt 0.414010 0.066255
vt 0.415586 0.065349
vt 0.413983 0.065574
vt 0.415416 0.064814
vt 0.403467 0.254203
vt 0.401410 0.256072
vt 0.404025 0.255048
vt 0.402040 0.256710
vt 0.411948 0.250093
vt 0.411604 0.248976
vt 0.419844 0.245625
vt 0.419997 0.246714
vt 0.112344 0.065489
vt 0.136276 0.065175
vt 0.136271 0.071196
vt 0.111136 0.071575
vt 0.387904 0.243365
vt 0.388791 0.235282
vt 0.391107 0.251008
vt 0.387466 0.248145
vt 0.387538 0.247055
vt 0.391278 0.250079
vt 0.384654 0.245631
vt 0.384672 0.244322
vt 0.398423 0.256210
vt 0.398715 0.255745
vt 0.400404 0.257031
vt 0.400089 0.257366
vt 0.401056 0.257546
vt 0.382998 0.243582
vt 0.383022 0.241867
vt 0.382264 0.241731
vt 0.382115 0.239557
vt 0.395114 0.253913
vt 0.395363 0.253222
vt 0.445280 0.066935
vt 0.441698 0.074908
vt 0.448288 0.060017
vt 0.454901 0.046922
vt 0.455399 0.044888
vt 0.450528 0.054514
vt 0.398922 0.225895
vt 0.401676 0.238145
vt 0.455612 0.043869
vt 0.455609 0.043488
vt 0.454657 0.044051
vt 0.454641 0.043682
vt 0.437828 0.083455
vt 0.408508 0.251699
vt 0.408080 0.250566
vt 0.136223 0.166960
vt 0.094456 0.167998
vt 0.096617 0.153330
vt 0.136227 0.152643
vt 0.092885 0.055584
vt 0.114319 0.055700
vt 0.113421 0.060160
vt 0.090955 0.060234
vt 0.109842 0.078332
vt 0.136266 0.077871
vt 0.136261 0.084989
vt 0.108500 0.085553
vt 0.136238 0.123524
vt 0.101369 0.124127
vt 0.104186 0.108627
vt 0.136246 0.107806
vt 0.136220 0.182176
vt 0.092474 0.183696
vt 0.136256 0.092343
vt 0.107129 0.093032
vt 0.041271 0.075781
vt 0.050285 0.074475
vt 0.047644 0.081058
vt 0.039193 0.081939
vt 0.045005 0.065762
vt 0.054818 0.063421
vt 0.052793 0.068359
vt 0.043338 0.070083
vt 0.062093 0.066825
vt 0.059119 0.073333
vt 0.064592 0.061273
vt 0.136284 0.055488
vt 0.136280 0.059900
vt 0.073759 0.109987
vt 0.078706 0.094160
vt 0.069563 0.125114
vt 0.062547 0.154337
vt 0.065964 0.139537
vt 0.098888 0.138877
vt 0.136232 0.138489
vt 0.081267 0.086503
vt 0.136219 0.189203
vt 0.091740 0.191231
vt 0.083846 0.079068
vt 0.091111 0.201704
vt 0.136218 0.198479
vt 0.136218 0.200283
vt 0.091026 0.203741
vt 0.114989 0.052306
vt 0.094425 0.052067
vt 0.045881 0.063690
vt 0.056122 0.060247
vt 0.066508 0.057006
vt 0.056834 0.058511
vt 0.068923 0.053224
vt 0.046199 0.063058
vt 0.042087 0.186371
vt 0.045455 0.169549
vt 0.059412 0.169194
vt 0.056347 0.185605
vt 0.035767 0.169748
vt 0.039266 0.154860
vt 0.048819 0.154670
vt 0.052582 0.139675
vt 0.056545 0.125393
vt 0.047486 0.125528
vt 0.052343 0.110812
vt 0.061136 0.110488
vt 0.054169 0.208394
vt 0.054062 0.211167
vt 0.086369 0.072079
vt 0.088758 0.065771
vt 0.066714 0.094622
vt 0.041901 0.211460
vt 0.041237 0.204720
vt 0.054441 0.202439
vt 0.032213 0.186896
vt 0.073715 0.060152
vt 0.075758 0.055363
vt 0.082927 0.055219
vt 0.080862 0.060029
vt 0.084554 0.051570
vt 0.077283 0.051712
vt 0.043258 0.139704
vt 0.058329 0.094947
vt 0.068082 0.072668
vt 0.071102 0.066008
vt 0.078401 0.065800
vt 0.075642 0.072338
vt 0.136287 0.052120
vt 0.057237 0.087472
vt 0.060672 0.080021
vt 0.061454 0.080000
vt 0.058046 0.087455
vt 0.064851 0.079831
vt 0.061559 0.087300
vt 0.064805 0.072825
vt 0.064054 0.072848
vt 0.136289 0.049770
vt 0.115416 0.049963
vt 0.115656 0.048433
vt 0.136290 0.048217
vt 0.078370 0.049107
vt 0.085690 0.049061
vt 0.095474 0.049695
vt 0.086379 0.047427
vt 0.096097 0.048171
vt 0.079069 0.047352
vt 0.091312 0.197446
vt 0.069690 0.086944
vt 0.072699 0.079457
vt 0.069913 0.060291
vt 0.071936 0.055614
vt 0.072646 0.055555
vt 0.070618 0.060266
vt 0.074069 0.051985
vt 0.073324 0.052079
vt 0.067215 0.066142
vt 0.067938 0.066124
vt 0.040412 0.066921
vt 0.041572 0.065200
vt 0.039173 0.067189
vt 0.038835 0.070965
vt 0.037779 0.071170
vt 0.037017 0.076447
vt 0.036018 0.076604
vt 0.035212 0.082395
vt 0.034277 0.082502
vt 0.048550 0.110941
vt 0.054712 0.095088
vt 0.035155 0.154933
vt 0.039242 0.139706
vt 0.042251 0.214572
vt 0.136218 0.194767
vt 0.159139 0.060197
vt 0.160207 0.065528
vt 0.066319 0.066215
vt 0.063160 0.072892
vt 0.069008 0.060408
vt 0.074981 0.049374
vt 0.074166 0.049477
vt 0.071047 0.055788
vt 0.072625 0.052232
vt 0.059785 0.080032
vt 0.177983 0.168016
vt 0.179960 0.183709
vt 0.161404 0.071616
vt 0.162687 0.078373
vt 0.175829 0.153353
vt 0.171100 0.124160
vt 0.173569 0.138905
vt 0.231160 0.075981
vt 0.233219 0.082103
vt 0.224807 0.081222
vt 0.222195 0.074664
vt 0.216528 0.080453
vt 0.213386 0.073491
vt 0.227461 0.088204
vt 0.219719 0.087740
vt 0.235300 0.088759
vt 0.227504 0.066039
vt 0.229133 0.070329
vt 0.219719 0.068561
vt 0.217717 0.063613
vt 0.210437 0.066981
vt 0.207959 0.061421
vt 0.168299 0.108665
vt 0.198706 0.110059
vt 0.202885 0.125173
vt 0.209881 0.154374
vt 0.213010 0.169222
vt 0.165377 0.093073
vt 0.193782 0.094244
vt 0.164018 0.085594
vt 0.191235 0.086590
vt 0.180691 0.191242
vt 0.216071 0.185624
vt 0.217301 0.194372
vt 0.181319 0.201712
vt 0.181403 0.203749
vt 0.218246 0.208402
vt 0.218354 0.211174
vt 0.216429 0.060430
vt 0.226638 0.063951
vt 0.215727 0.058690
vt 0.226324 0.063314
vt 0.206058 0.057147
vt 0.203657 0.053356
vt 0.226958 0.169579
vt 0.223598 0.154710
vt 0.233144 0.154901
vt 0.236640 0.169779
vt 0.230323 0.186391
vt 0.215889 0.125459
vt 0.211313 0.110570
vt 0.220094 0.110899
vt 0.224937 0.125597
vt 0.206473 0.139585
vt 0.219842 0.139727
vt 0.186163 0.072165
vt 0.188672 0.079155
vt 0.181604 0.060312
vt 0.183789 0.065853
vt 0.205759 0.094724
vt 0.238040 0.213679
vt 0.230508 0.211468
vt 0.231172 0.204730
vt 0.239743 0.206365
vt 0.231348 0.195764
vt 0.240895 0.196755
vt 0.217974 0.202450
vt 0.240191 0.186916
vt 0.198843 0.060271
vt 0.191697 0.060129
vt 0.189643 0.055314
vt 0.196813 0.055476
vt 0.188024 0.051661
vt 0.195298 0.051819
vt 0.179683 0.055658
vt 0.178149 0.052137
vt 0.229157 0.139758
vt 0.214130 0.095059
vt 0.204436 0.072798
vt 0.196884 0.072448
vt 0.194143 0.065906
vt 0.201438 0.066134
vt 0.215229 0.087601
vt 0.214423 0.087583
vt 0.211037 0.080137
vt 0.211816 0.080160
vt 0.207709 0.072965
vt 0.208459 0.072990
vt 0.207645 0.079961
vt 0.210917 0.087423
vt 0.199493 0.049757
vt 0.200106 0.049712
vt 0.205096 0.052957
vt 0.157160 0.049998
vt 0.156924 0.048467
vt 0.157584 0.052341
vt 0.215797 0.058083
vt 0.136291 0.047187
vt 0.136291 0.046812
vt 0.159644 0.047138
vt 0.157679 0.047460
vt 0.186893 0.049148
vt 0.194216 0.049210
vt 0.186207 0.047512
vt 0.193521 0.047453
vt 0.177105 0.049763
vt 0.176485 0.048238
vt 0.181118 0.197455
vt 0.223880 0.111030
vt 0.228834 0.125644
vt 0.199808 0.079569
vt 0.202799 0.087052
vt 0.202643 0.060421
vt 0.201938 0.060394
vt 0.199925 0.055676
vt 0.200635 0.055737
vt 0.198512 0.052100
vt 0.199257 0.052197
vt 0.204599 0.066260
vt 0.205321 0.066280
vt 0.233268 0.067493
vt 0.232061 0.067222
vt 0.230940 0.065522
vt 0.231195 0.065471
vt 0.234625 0.071410
vt 0.233582 0.071207
vt 0.235380 0.076641
vt 0.236372 0.076795
vt 0.237181 0.082554
vt 0.217740 0.095203
vt 0.230159 0.214577
vt 0.209352 0.073036
vt 0.206217 0.066355
vt 0.203547 0.060542
vt 0.197607 0.049486
vt 0.198422 0.049592
vt 0.201524 0.055914
vt 0.199956 0.052353
vt 0.212703 0.080173
vt 0.033561 0.082305
vt 0.035304 0.076388
vt 0.037067 0.070937
vt 0.038491 0.066958
vt 0.235327 0.071180
vt 0.237081 0.076580
vt 0.233925 0.067272
vt 0.236664 0.218654
vt 0.229843 0.216193
vt 0.230072 0.215489
vt 0.236929 0.217983
vt 0.240283 0.220288
vt 0.239532 0.219888
vt 0.239858 0.219228
vt 0.240649 0.219625
s 1
usemtl Car_Paint_-_All_Colors.001
f 1290/1/563 1292/2/563 1867/3/563 1308/4/563
f 1293/2/447 820/5/447 823/6/447 1868/3/447
f 1869/3/449 824/6/449 826/7/449 1295/8/449
f 1309/4/250 399/3/250 1296/8/250 1263/9/250
f 1874/10/455 1871/11/455 847/12/455 849/13/455
f 1257/14/451 830/15/451 833/16/451 1870/11/451
f 1872/11/450 834/16/450 827/7/450 846/12/450
f 980/17/483 918/18/483 920/19/483 997/20/483
f 1877/21/456 1875/10/456 850/13/456 852/22/456
f 953/23/497 951/24/497 994/25/497 1128/26/497
f 1880/27/457 1878/21/457 853/22/457 855/28/457
f 936/29/491 938/30/491 982/31/491 967/32/491
f 1883/33/458 1881/27/458 856/28/458 858/34/458
f 989/35/487 927/36/487 929/37/487 1000/38/487
f 1886/39/460 1884/33/460 859/34/460 861/40/460
f 979/17/481 977/41/481 915/42/481 917/18/481
f 1889/43/461 1887/39/461 862/40/461 864/44/461
f 991/45/489 933/46/489 935/29/489 968/32/489
f 870/47/464 1239/48/464 1888/43/464 873/49/464
f 874/49/462 1890/43/462 865/44/462 867/50/462
f 890/51/471 1237/52/471 1891/53/471 893/54/471
f 1236/52/466 872/47/466 875/49/466 1892/53/466
f 1893/53/112 119/49/112 868/50/112 884/55/112
f 894/54/251 407/53/251 885/55/251 887/56/251
f 1012/57/507 1234/58/507 1894/59/507 1015/60/507
f 1233/58/473 892/51/473 895/54/473 1895/59/473
f 1896/59/114 123/54/114 888/56/114 1009/61/114
f 1016/60/252 408/59/252 1010/61/252 837/62/252
f 950/24/476 905/63/476 908/64/476 996/25/476
f 1098/65/506 1001/38/506 992/45/506 1101/66/506
f 1123/67/126 990/35/126 143/38/126 1099/65/126
f 1104/68/505 998/20/505 986/69/505 1107/70/505
f 993/45/488 1002/38/488 930/37/488 932/46/488
f 1004/71/477 1007/72/477 906/63/477 952/24/477
f 987/69/484 999/20/484 921/19/484 923/73/484
f 1102/66/124 140/45/124 969/32/124 1060/74/124
f 947/75/475 903/76/475 914/42/475 976/41/475
f 983/31/492 939/30/492 941/77/492 944/78/492
f 9/32/9 984/31/9 1110/79/9 1061/74/9
f 2616/80/561 2618/81/561 1276/82/561 1278/83/561
f 988/35/485 985/69/485 924/73/485 926/36/485
f 1279/83/474 1277/82/474 897/84/474 971/85/474
f 962/86/501 2617/80/501 2672/83/501 1280/87/501
f 1129/26/503 995/25/503 965/88/503 1057/89/503
f 1014/57/509 1017/60/509 1897/90/509 1230/91/509
f 147/60/128 836/62/128 839/92/128 1898/90/128
f 1899/90/453 840/92/453 842/93/453 879/94/453
f 1231/91/253 409/90/253 878/94/253 876/95/253
f 1114/96/531 1125/97/531 1956/98/531 1904/99/531
f 1957/98/537 1911/100/537 1169/101/537 1166/102/537
f 1108/70/530 1122/67/530 1951/103/530 1945/104/530
f 1952/103/535 1914/105/535 1163/106/535 1150/107/535
f 959/108/496 948/75/496 978/41/496 1113/96/496
f 1281/87/167 225/83/167 972/85/167 1117/109/167
f 172/96/122 137/41/122 981/17/122 1127/97/122
f 1109/70/121 139/69/121 135/35/121 1124/67/121
f 1111/79/123 138/31/123 945/78/123 956/110/123
f 1106/68/139 170/70/139 1947/104/139 1910/100/139
f 958/110/495 946/78/495 1003/71/495 1095/111/495
f 1100/65/529 1103/66/529 1948/112/529 1913/105/529
f 1126/97/120 134/17/120 142/20/120 1105/68/120
f 1096/111/10 144/71/10 10/24/10 955/23/10
f 1178/113/539 1288/114/539 1900/115/539 1181/116/539
f 1287/114/532 1116/109/532 1119/117/532 1901/115/532
f 1902/115/500 1120/117/500 960/108/500 1079/118/500
f 1182/116/254 410/115/254 1078/118/254 1075/119/254
f 1076/119/525 1080/118/525 1903/99/525 1175/120/525
f 162/118/19 20/108/19 1115/96/19 1905/99/19
f 411/99/255 431/98/255 1167/102/255 1176/120/255
f 2042/121/569 1345/122/569 1338/123/569 2025/124/569
f 2646/125/174 2696/126/174 1906/127/174 245/128/174
f 2695/126/562 1331/129/562 1285/130/562 2786/127/562
f 2787/127/448 1286/130/448 821/5/448 2670/131/448
f 1326/128/256 412/127/256 1275/131/256 2667/132/256
f 1063/133/521 1066/134/521 1907/135/521 1172/136/521
f 1067/134/498 954/23/498 1130/26/498 1908/135/498
f 1909/135/141 176/26/141 1059/89/141 1131/137/141
f 1173/136/257 413/135/257 1132/137/257 1134/138/257
f 175/97/138 167/68/138 1912/100/138 1958/98/138
f 1337/123/568 2024/139/568 1968/140/568 1339/141/568
f 414/100/258 1946/104/258 1153/142/258 1170/101/258
f 2036/143/570 1340/141/570 1354/144/570 1938/145/570
f 174/67/137 166/65/137 1915/105/137 1953/103/137
f 1940/146/572 1969/147/572 1350/148/572 1347/149/572
f 415/105/259 1950/112/259 1147/150/259 1164/106/259
f 2032/151/575 1351/148/575 1356/152/575 1924/153/575
f 1069/154/523 1072/155/523 1916/156/523 1160/157/523
f 1073/155/499 957/110/499 1097/111/499 1917/156/499
f 1918/156/17 168/111/17 18/23/17 1068/134/17
f 1161/157/135 416/156/135 160/134/135 1064/133/135
f 1028/158/515 1031/159/515 1049/160/515 1034/161/515
f 141/25/125 909/64/125 911/162/125 964/88/125
f 1048/160/513 1032/159/513 1023/163/513 1024/164/513
f 1191/165/543 1315/166/543 1919/167/543 1358/168/543
f 1314/166/534 1141/169/534 1144/170/534 1920/167/534
f 1921/167/524 1143/170/524 1070/154/524 1201/171/524
f 1359/168/260 417/167/260 1200/171/260 1321/172/260
f 1190/165/542 1192/173/542 1922/153/542 1355/152/542
f 1193/173/463 869/50/463 866/44/463 1923/153/463
f 814/174/443 1988/175/443 1985/176/443 816/177/443
f 863/40/111 2033/151/111 418/153/111 118/44/111
f 843/93/454 1027/178/454 1925/179/454 1043/180/454
f 1026/178/514 1025/181/514 1042/182/514 1926/179/514
f 2788/179/519 2627/182/519 2628/183/519 1055/184/519
f 1044/180/261 419/179/261 2637/184/261 1056/185/261
f 2647/186/697 2655/187/697 1928/188/697 1929/189/697
f 1229/187/552 2634/190/552 1927/191/552 2789/188/552
f 2790/188/517 2636/191/517 1041/192/517 2625/193/517
f 2661/189/262 420/188/262 1040/193/262 1039/194/262
f 912/162/480 1045/195/480 1037/196/480 966/88/480
f 1036/196/516 1046/195/516 1029/158/516 1033/161/516
f 2656/95/467 880/94/467 1930/197/467 1932/198/467
f 120/94/2 2/93/2 154/180/2 1931/197/2
f 2792/197/782 2631/180/782 2632/185/782 2791/199/782
f 2658/198/157 421/197/157 207/199/157 2659/200/157
f 1135/138/533 1133/137/533 1933/201/533 1157/202/533
f 177/137/142 1058/89/142 1093/203/142 1934/201/142
f 1935/201/518 1092/203/518 1051/204/518 1088/205/518
f 1158/202/263 422/201/263 1087/205/263 1084/206/263
f 2622/164/528 2639/207/528 1090/208/528 2633/160/528
f 15/190/15 2793/209/15 1936/210/15 2635/191/15
f 159/209/14 14/211/14 158/212/14 2794/210/14
f 157/191/132 423/210/132 152/213/132 2626/192/132
f 1937/145/459 2046/214/459 860/34/459 857/28/459
f 2612/215/446 1993/216/446 1991/217/446 819/218/446
f 813/215/442 2611/219/442 1995/220/442 2806/216/442
f 854/22/109 2037/143/109 424/145/109 115/28/109
f 156/160/134 1091/208/134 1050/204/134 1035/161/134
f 1052/204/13 1094/203/13 1038/196/13 13/161/13
f 151/196/8 165/203/8 16/89/8 8/88/8
f 1118/109/504 970/85/504 973/221/504 1121/117/504
f 1741/222/669 2075/223/669 2073/224/669 1743/225/669
f 1348/149/573 1353/144/573 2049/226/573 1941/146/573
f 815/174/444 2614/218/444 2805/217/444 1990/175/444
f 1151/107/536 1165/106/536 1970/147/536 1939/146/536
f 1062/74/520 1112/79/520 1942/227/520 1137/228/520
f 171/79/18 19/110/18 1074/155/18 1943/227/18
f 1944/227/136 161/155/136 1071/154/136 1145/170/136
f 1138/228/145 426/227/145 180/170/145 1140/169/145
f 427/104/264 429/103/264 1149/107/264 1152/142/264
f 1349/149/574 2047/214/574 2795/145/574 2694/144/574
f 169/66/16 17/74/16 1139/228/16 1949/112/16
f 428/112/143 178/228/143 1142/169/143 1146/150/143
f 21/207/20 2796/229/20 1954/230/20 2640/208/20
f 179/229/144 2641/231/144 1155/232/144 2797/230/144
f 1955/230/527 1156/232/527 1085/206/527 1089/205/527
f 164/208/21 430/230/21 163/205/21 22/204/21
f 2692/233/265 432/234/265 1327/235/265 1210/236/265
f 1332/129/566 1329/237/566 1959/238/566 1346/239/566
f 1328/237/540 1180/113/540 1183/116/540 1960/238/540
f 433/238/152 192/116/152 1077/119/152 1206/240/152
f 2691/239/545 2798/238/545 1205/240/545 1202/241/545
f 1204/241/547 1207/240/547 1961/242/547 1344/122/547
f 197/240/24 25/119/24 1177/120/24 1962/242/24
f 1963/242/176 2022/139/176 248/123/176 254/122/176
f 1750/243/672 2066/244/672 2064/245/672 1753/246/672
f 1195/247/544 1197/248/544 1964/249/544 1341/250/544
f 1198/248/522 1065/133/522 1174/136/522 1965/249/522
f 1966/249/151 190/136/151 1136/138/151 1311/251/151
f 1342/250/266 435/249/266 1312/251/266 1185/252/266
f 2023/139/538 1168/102/538 1171/101/538 1967/140/538
f 811/253/441 1997/254/441 2807/220/441 812/219/441
f 2050/226/182 258/144/182 2688/141/182 2799/140/182
f 1744/225/670 2072/224/670 2070/255/670 1746/256/670
f 2053/257/178 1357/152/178 251/148/178 1971/147/178
f 1735/258/667 2082/259/667 2079/260/667 1737/261/667
f 1184/252/541 2687/262/541 1972/263/541 1187/264/541
f 1336/262/175 1211/236/175 246/235/175 2800/263/175
f 2802/263/12 2686/235/12 12/181/12 2801/178/12
f 1188/264/130 438/263/130 149/178/130 844/93/130
f 2643/172/567 2644/171/567 1973/265/567 1333/266/567
f 196/171/23 24/154/23 1162/157/23 1974/265/23
f 1975/265/22 187/157/22 23/133/22 1199/248/22
f 1334/266/45 439/265/45 195/248/45 46/247/45
f 2629/267/133 2649/268/133 1976/269/133 153/270/133
f 2648/268/549 1215/186/549 2660/189/549 2803/269/549
f 2804/269/156 209/189/156 2624/194/156 206/271/156
f 2620/272/551 1227/273/551 1977/274/551 1223/275/551
f 1013/57/508 1232/91/508 1978/274/508 1228/273/508
f 877/95/158 1224/275/158 440/274/158 210/91/158
f 1020/272/511 1019/276/511 1979/277/511 2654/273/511
f 1018/276/510 2615/278/510 1225/279/510 1980/277/510
f 1981/277/472 1226/279/472 891/51/472 1235/58/472
f 205/273/33 441/277/33 211/58/33 34/57/33
f 883/278/469 882/280/469 1982/281/469 2653/279/469
f 881/280/468 2613/282/468 1221/283/468 1983/281/468
f 1984/281/465 1222/283/465 871/47/465 1238/52/465
f 204/279/32 442/281/32 212/52/32 33/51/32
f 818/282/445 817/177/445 1987/176/445 2652/283/445
f 1986/176/553 1989/175/553 1242/284/553 1240/48/553
f 1148/150/150 2054/257/150 437/147/150 188/106/150
f 202/283/30 443/176/30 1241/48/30 31/47/30
f 444/175/267 1992/217/267 1245/285/267 1243/284/267
f 116/34/110 2048/214/110 2034/151/110 117/40/110
f 445/217/268 1994/216/268 1248/286/268 1246/285/268
f 425/146/147 2051/226/147 1154/142/147 183/107/147
f 446/216/269 1996/220/269 1251/287/269 1249/286/269
f 181/142/146 469/226/146 436/140/146 189/101/146
f 447/220/270 1998/254/270 1254/288/270 1252/287/270
f 2026/124/108 2035/143/108 114/22/108 851/13/108
f 1999/254/555 2001/289/555 1258/14/555 1255/288/555
f 185/102/148 458/139/148 434/242/148 191/120/148
f 809/290/440 807/291/440 1218/292/440 2000/289/440
f 449/289/272 1219/292/272 831/15/272 1259/14/272
f 1271/293/559 1300/294/559 2002/295/559 1306/296/559
f 1299/294/452 832/15/452 1220/292/452 2003/295/452
f 2809/295/155 201/292/155 808/291/155 2663/297/155
f 1307/296/273 450/295/273 1261/297/273 1260/298/273
f 1021/272/512 2810/275/512 2004/299/512 1054/300/512
f 203/275/31 32/95/31 2657/198/31 2811/299/31
f 2812/299/34 208/198/34 35/200/34 2650/301/34
f 1053/300/154 451/299/154 200/301/154 2630/302/154
f 42/1/41 236/303/41 2005/304/41 1294/2/41
f 1305/303/558 1268/305/558 1269/306/558 2006/304/558
f 2813/304/783 2665/306/783 2666/132/783 2669/131/783
f 230/2/35 452/304/35 223/131/35 36/5/35
f 1081/307/526 1082/308/526 2007/309/526 1283/310/526
f 1083/308/502 963/86/502 1282/87/502 2008/309/502
f 2009/309/37 226/87/37 38/109/37 1289/114/37
f 1284/310/169 453/309/169 229/114/169 1179/113/169
f 37/85/36 896/84/36 899/311/36 975/221/36
f 173/117/140 974/221/140 949/75/140 961/108/140
f 1461/312/478 907/63/478 1008/72/478 1514/313/478
f 136/221/7 900/311/7 902/76/7 7/75/7
f 1264/9/557 1297/8/557 2010/314/557 1302/315/557
f 232/8/1 1/7/1 835/16/1 2011/314/1
f 2012/314/29 110/16/29 30/15/29 1301/294/29
f 1303/315/171 454/314/171 233/294/171 1272/293/171
f 806/316/439 1266/317/439 2013/318/439 1216/319/439
f 1265/317/556 1262/9/556 1304/315/556 2014/318/556
f 455/318/173 235/315/173 1270/293/173 1273/320/173
f 2651/319/560 2814/318/560 1274/320/560 2607/321/560
f 2609/322/165 222/323/165 2815/324/165 2015/325/165
f 2816/324/564 1298/326/564 2664/305/564 2680/303/564
f 2677/325/274 456/324/274 2679/303/274 1291/1/274
f 1217/321/550 2668/320/550 2016/327/550 2608/328/550
f 221/320/40 41/293/40 237/296/40 2017/327/40
f 2018/327/170 2681/296/170 2662/298/170 231/329/170
f 802/322/438 2676/325/438 2019/330/438 803/331/438
f 234/325/172 2678/1/172 1310/4/172 2020/330/172
f 2021/330/39 238/4/39 40/9/39 1267/317/39
f 804/331/164 457/330/164 220/317/164 805/316/164
f 2610/290/271 2808/289/271 448/254/271 810/253/271
f 848/12/107 465/121/107 459/124/107 113/13/107
f 1747/256/671 2069/255/671 2067/244/671 1749/243/671
f 2690/123/179 252/141/179 463/143/179 2817/124/179
f 889/56/470 1318/332/470 2027/333/470 1011/61/470
f 1319/332/565 1322/172/565 1335/266/565 2028/333/565
f 2029/333/177 249/266/177 1196/247/177 1317/334/177
f 146/61/127 460/333/127 1316/334/127 838/62/127
f 27/138/26 1159/202/26 2030/335/26 1313/251/26
f 186/202/149 1086/206/149 1213/336/149 2031/335/149
f 2819/335/548 1212/336/548 1209/236/548 2818/262/548
f 239/251/42 461/335/42 250/262/42 43/252/42
f 468/214/181 257/149/181 1352/148/181 462/151/181
f 1738/261/668 2078/260/668 2076/223/668 1740/222/668
f 11/62/11 242/334/11 2038/337/11 841/92/11
f 2684/334/571 2685/247/571 1343/250/571 2039/337/571
f 2040/337/180 253/250/180 1186/252/180 1189/264/180
f 111/92/105 464/337/105 193/264/105 845/93/105
f 828/7/106 1323/338/106 2041/121/106 112/12/106
f 1324/338/546 1203/241/546 2689/122/546 2820/121/546
f 822/5/168 228/130/168 2043/339/168 825/6/168
f 2675/130/698 2674/129/698 2821/239/698 2044/339/698
f 2822/339/47 255/239/47 48/241/47 1325/338/47
f 109/6/104 466/339/104 244/338/104 829/7/104
f 29/231/28 2823/340/28 2045/341/28 2642/232/28
f 241/340/44 45/342/44 2693/233/44 2825/341/44
f 2824/341/48 256/233/48 49/236/48 1214/336/48
f 184/232/25 467/341/25 199/336/25 26/206/25
f 28/169/27 240/166/27 2052/257/27 182/150/27
f 2682/166/183 2683/165/183 259/152/183 470/257/183
f 3/50/3 1194/173/3 2055/343/3 886/55/3
f 194/173/43 44/165/43 2826/168/43 2056/343/43
f 2827/343/46 260/168/46 47/172/46 1320/332/46
f 122/55/5 471/343/5 243/332/5 5/56/5
f 2638/307/153 2673/310/153 2057/344/153 198/345/153
f 227/310/38 39/113/38 1330/237/38 2058/344/38
f 2828/344/49 247/237/49 50/129/49 2697/126/49
f 1208/345/184 472/344/184 261/126/184 2645/125/184
f 1790/346/682 1813/347/682 2059/348/682 1793/349/682
f 1814/347/674 1759/350/674 1798/351/674 2060/348/674
f 2061/348/587 1797/351/587 1383/352/587 1381/353/587
f 1794/349/275 473/348/275 1380/353/275 1378/354/275
f 2065/244/594 1406/355/594 1404/356/594 2062/245/594
f 1475/357/612 1505/358/612 1628/359/612 1557/360/612
f 2063/245/589 1403/356/589 1384/352/589 1391/361/589
f 1752/246/276 474/245/276 1390/361/276 1387/362/276
f 2068/255/277 1409/363/277 1407/355/277 475/244/277
f 1489/364/482 919/18/482 916/42/482 1487/365/482
f 2071/224/278 1412/366/278 1410/363/278 476/255/278
f 1453/367/493 943/77/493 940/30/493 1493/368/493
f 2074/223/279 1415/369/279 1413/366/279 477/224/279
f 127/18/116 1490/364/116 1507/370/116 922/19/116
f 2077/260/280 1418/371/280 1416/369/280 478/223/280
f 1498/372/486 928/36/486 925/73/486 1495/373/486
f 2081/259/281 1421/374/281 1419/371/281 479/260/281
f 1496/373/117 129/73/117 128/19/117 1508/370/117
f 1427/375/598 1430/376/598 2080/259/598 1734/258/598
f 1431/376/282 1424/377/282 1422/374/282 480/259/282
f 1447/378/605 1450/379/605 2083/380/605 1732/381/605
f 1451/379/602 1444/382/602 1442/383/602 2084/380/602
f 2085/380/597 1441/383/597 1425/377/597 1432/376/597
f 1731/381/193 481/380/193 272/376/193 1429/375/193
f 1519/384/617 1522/385/617 2086/386/617 1729/387/617
f 1523/385/590 1394/388/590 1517/389/590 2087/386/590
f 2088/386/603 1516/389/603 1445/382/603 1452/379/603
f 1728/387/194 482/386/194 275/379/194 1449/378/194
f 1510/390/615 1499/372/615 1622/391/615 1598/392/615
f 913/162/479 910/64/479 1506/358/479 1474/357/479
f 1509/370/614 1491/364/614 1625/393/614 1604/394/614
f 1511/390/616 1597/392/616 1600/395/616 1502/396/616
f 1513/313/494 1006/72/494 942/77/494 1455/367/494
f 937/29/490 934/46/490 1501/396/490 1477/397/490
f 1503/396/119 132/46/119 931/37/119 1512/390/119
f 1479/397/198 282/396/198 1601/395/198 1560/398/198
f 1492/368/57 133/30/57 58/29/57 1478/397/57
f 1486/365/115 126/42/115 904/76/115 1456/399/115
f 1612/400/607 1488/365/607 1457/399/607 1470/401/607
f 1481/402/166 898/84/166 224/82/166 1777/403/166
f 1776/403/609 2671/82/609 2619/81/609 1459/404/609
f 130/36/118 1500/372/118 285/390/118 131/37/118
f 1627/359/610 1504/358/610 1462/312/610 1464/405/610
f 1616/406/613 1482/402/613 1778/403/613 1780/407/613
f 1521/384/618 1726/408/618 2089/409/618 1524/385/618
f 1727/408/599 1433/410/599 1435/411/599 2090/409/599
f 2091/409/591 1436/411/591 1399/412/591 1397/413/591
f 288/385/200 483/409/200 1396/413/200 1393/388/200
f 2145/414/651 1665/415/651 1668/416/651 2102/417/651
f 2096/418/643 2144/414/643 1624/393/643 1613/400/643
f 2140/419/649 1649/420/649 1662/421/649 2105/422/649
f 2135/423/642 2139/419/642 1621/391/642 1607/424/642
f 1779/407/237 362/403/237 1460/404/237 1473/425/237
f 279/365/195 311/400/195 1626/393/195 276/364/195
f 1467/426/606 1454/367/606 1494/368/606 1610/427/606
f 1609/427/60 280/368/60 63/397/60 1561/398/60
f 1497/373/196 1608/424/196 1623/391/196 277/372/196
f 2103/417/641 2133/423/641 1606/424/641 1603/394/641
f 1466/405/61 64/312/61 1515/313/61 1595/428/61
f 2106/422/640 2136/429/640 1602/395/640 1599/392/640
f 1594/428/58 286/313/58 60/367/58 1469/426/58
f 284/370/197 1605/394/197 309/424/197 281/373/197
f 1677/430/653 1680/431/653 2092/432/653 1788/433/653
f 1681/431/634 1575/434/634 1578/435/634 2093/432/634
f 2094/432/611 1579/435/611 1471/401/611 1619/436/611
f 1787/433/283 484/432/283 1618/436/283 1615/406/283
f 1576/434/635 1674/437/635 2095/418/635 1580/435/635
f 2233/438/691 2215/439/691 1844/440/691 1852/441/691
f 1666/415/284 505/414/284 485/418/284 1675/437/284
f 301/435/72 2097/418/72 1614/400/72 76/401/72
f 2741/442/699 2774/443/699 2098/444/699 2784/445/699
f 2773/443/679 2761/446/679 1773/447/679 2829/444/679
f 486/444/285 1774/447/285 1379/354/285 1786/448/285
f 2783/445/680 2830/444/680 1785/448/680 1783/449/680
f 1563/450/630 1671/451/630 2099/452/630 1566/453/630
f 1672/451/644 1633/454/644 1631/455/644 2100/452/644
f 2101/452/628 1630/455/628 1559/360/628 1629/359/628
f 1567/453/210 487/452/210 315/359/210 1465/405/210
f 314/393/207 2146/414/207 2104/417/207 306/394/207
f 2227/456/692 2125/457/692 1860/458/692 1847/459/692
f 1652/460/286 2134/423/286 488/417/286 1669/416/286
f 1843/440/690 1846/459/690 2154/461/690 2211/462/690
f 313/391/206 2141/419/206 2107/422/206 305/392/206
f 2224/463/695 2114/464/695 1862/465/695 1858/466/695
f 1646/467/287 2137/429/287 489/422/287 1663/421/287
f 1857/466/693 2157/468/693 2127/469/693 1855/470/693
f 1569/471/632 1659/472/632 2108/473/632 1572/474/632
f 1660/472/631 1564/450/631 1568/453/631 2109/473/631
f 2110/473/70 299/453/70 74/405/70 1596/428/70
f 1573/474/208 490/473/208 307/428/208 1468/426/208
f 283/358/62 125/64/62 65/63/62 1463/312/62
f 2621/163/621 2623/159/621 1546/475/621 1530/476/621
f 1547/475/131 150/159/131 1030/158/131 1535/477/131
f 1690/478/658 1864/479/658 2111/480/658 1820/481/658
f 1865/479/660 1829/482/660 1696/483/660 2112/480/660
f 2113/480/633 1697/483/633 1570/471/633 1642/484/633
f 1819/481/288 491/480/288 1643/484/288 1640/485/288
f 1689/478/657 1861/465/657 2116/464/657 1691/486/657
f 1420/371/596 1423/374/596 2115/464/596 2223/463/596
f 2847/487/583 2176/488/583 1371/489/583 1373/490/583
f 1692/486/192 492/464/192 271/374/192 1426/377/192
f 1400/412/592 1544/491/592 2117/492/592 2713/493/592
f 1545/491/624 1551/494/624 2729/495/624 2832/492/624
f 493/492/289 1556/495/289 2721/496/289 2720/497/289
f 1532/493/622 2831/492/622 2719/497/622 1531/498/622
f 1706/499/662 1724/500/662 2118/501/662 2752/502/662
f 1725/500/623 1540/503/623 1541/504/623 2834/501/623
f 494/501/290 2715/504/290 1542/505/290 1554/506/290
f 1721/502/626 2833/501/626 1553/506/626 1552/507/626
f 68/158/65 1047/195/65 1537/508/65 1534/477/65
f 1538/508/56 155/195/56 57/162/56 1476/357/56
f 1434/410/600 1722/509/600 2119/510/600 1437/411/600
f 1723/509/666 2754/511/666 2835/512/666 2120/510/666
f 2836/510/224 346/512/224 2725/494/224 2724/491/224
f 273/411/51 495/510/51 293/491/51 52/412/51
f 1634/454/645 1656/513/645 2121/514/645 1632/455/645
f 1657/513/638 1583/515/638 1586/516/638 2122/514/638
f 2123/514/625 1587/516/625 1549/517/625 1591/518/625
f 316/455/211 496/514/211 1592/518/211 1558/360/211
f 1548/517/203 1590/519/203 294/475/203 1536/477/203
f 71/507/68 295/506/68 2124/520/68 2839/521/68
f 2727/506/786 2716/505/786 2718/522/786 2838/520/786
f 497/520/291 1543/522/291 2717/523/291 2728/524/291
f 298/521/67 2837/520/67 297/524/67 70/525/67
f 1414/366/595 1417/369/595 2239/526/595 2126/457/595
f 1411/363/190 268/366/190 498/457/190 2226/456/190
f 2848/527/582 2184/528/582 2706/529/582 1370/530/582
f 2181/531/586 2182/527/586 2707/530/586 1376/532/586
f 62/357/59 72/360/59 1593/518/59 1539/508/59
f 2726/475/639 1589/519/639 2732/533/639 2712/476/639
f 1472/401/608 1458/399/608 1484/534/608 1620/436/608
f 291/508/66 304/518/66 1550/517/66 69/477/66
f 2128/469/650 2158/468/650 1664/421/650 1650/420/650
f 2178/488/584 2179/531/584 1377/532/584 1372/489/584
f 2129/469/694 2243/535/694 1859/458/694 1856/470/694
f 1562/398/629 1636/536/629 2130/537/629 1611/427/629
f 1637/536/647 1639/485/647 1644/484/647 2131/537/647
f 2132/537/213 319/484/213 1571/471/213 1574/474/213
f 310/427/71 500/537/71 300/474/71 75/426/71
f 2840/457/788 2862/526/788 2861/470/788 2782/458/788
f 1651/460/292 1648/420/292 503/419/292 501/423/292
f 2138/429/648 1645/467/648 1641/485/648 1638/536/648
f 308/395/69 502/429/69 317/536/69 73/398/69
f 77/533/73 2733/519/73 2142/538/73 2842/539/73
f 303/519/74 78/517/74 1588/516/74 2143/538/74
f 504/538/205 302/516/205 1584/515/205 1655/540/205
f 318/539/212 2841/538/212 1654/540/212 2734/541/212
f 1784/449/681 1853/542/681 2147/543/681 1836/544/681
f 1854/542/661 1698/545/661 1700/546/661 2148/543/661
f 2149/543/636 1701/546/636 1577/434/636 1682/431/636
f 1835/544/220 506/543/220 331/431/220 1679/430/220
f 106/545/101 1851/441/101 2150/547/101 1702/546/101
f 385/440/242 2213/462/242 2843/547/242 2779/441/242
f 336/546/77 2151/547/77 1676/437/77 81/434/77
f 1824/548/659 1849/549/659 2152/550/659 1694/551/659
f 2778/549/656 1684/552/656 1817/553/656 2844/550/656
f 2153/550/646 1816/553/646 1635/454/646 1673/451/646
f 1695/551/219 508/550/219 329/451/219 1565/450/219
f 2212/462/652 2155/461/652 1670/416/652 1667/415/652
f 2242/535/246 2156/461/246 389/459/246 395/458/246
f 2849/528/581 2186/554/581 2705/555/581 1369/529/581
f 2245/556/696 2845/468/696 2781/466/696 1863/465/696
f 1683/552/655 1686/557/655 2159/558/655 1841/559/655
f 1687/557/593 1401/412/593 1533/493/593 2160/558/593
f 2161/558/64 290/493/64 67/498/64 2775/560/64
f 1840/559/102 511/558/102 383/560/102 107/561/102
f 2738/482/688 1837/562/688 2162/563/688 2739/483/688
f 1838/562/689 2736/548/689 2737/551/689 2163/563/689
f 2164/563/75 334/551/75 79/450/75 1661/472/75
f 335/483/76 512/563/76 326/472/76 80/471/76
f 2722/564/202 292/565/202 2165/566/202 2748/567/202
f 513/566/223 345/568/223 2714/503/223 2755/500/223
f 2747/567/225 2846/566/225 348/500/225 1705/499/225
f 1529/569/620 1714/570/620 2166/571/620 1718/572/620
f 2709/410/665 2756/408/665 2167/571/665 1715/570/665
f 1520/384/226 1719/572/226 514/571/226 349/408/226
f 1527/569/619 1720/572/619 2168/573/619 1526/574/619
f 344/572/87 91/384/87 1730/387/87 2169/573/87
f 2170/573/227 350/387/227 1448/378/227 1717/575/227
f 1525/574/293 515/573/293 1716/575/293 2710/576/293
f 1440/576/601 2751/575/601 2171/577/601 1439/578/601
f 343/575/86 90/378/86 1733/381/86 2172/577/86
f 2173/577/228 351/381/228 1428/375/228 1712/579/228
f 1438/578/294 516/577/294 1711/579/294 1375/580/294
f 1374/580/585 1713/579/585 2174/487/585 2708/490/585
f 341/579/84 88/375/84 1736/258/84 2175/487/84
f 1647/467/218 327/421/218 510/468/218 2244/556/218
f 352/258/229 1739/261/229 2177/488/229 517/487/229
f 269/369/191 270/371/191 2225/463/191 2240/526/191
f 353/261/230 1742/222/230 2180/531/230 518/488/230
f 1653/460/215 2241/535/215 499/469/215 322/420/215
f 354/222/231 1745/225/231 2183/527/231 519/531/231
f 320/460/214 328/416/214 509/461/214 544/535/214
f 355/225/232 1748/256/232 2185/528/232 520/527/232
f 1408/355/189 267/363/189 2228/456/189 2214/439/189
f 356/256/233 1751/243/233 2187/554/233 521/528/233
f 507/547/216 533/462/216 324/415/216 330/437/216
f 357/243/234 1754/246/234 2188/581/234 522/554/234
f 2189/581/235 358/246/235 1388/362/235 1710/582/235
f 1366/583/580 2190/581/580 1709/582/580 1365/584/580
f 1768/585/677 1810/586/677 2191/587/677 1801/588/677
f 1811/586/673 1755/589/673 1757/590/673 2192/587/673
f 2851/587/784 2757/590/784 2704/584/784 2750/582/784
f 1800/588/222 524/587/222 340/582/222 1389/362/222
f 1528/569/204 296/591/204 2193/592/204 2854/570/204
f 1555/591/627 2723/593/627 2749/594/627 2853/592/627
f 525/592/88 339/594/88 92/511/88 2753/509/88
f 342/570/85 2852/592/85 347/509/85 89/410/85
f 1792/346/683 1795/349/683 2194/595/683 1809/596/683
f 367/349/89 93/354/89 1775/447/89 2195/595/89
f 2196/595/236 361/447/236 1766/446/236 1765/597/236
f 1808/596/296 526/595/296 1764/597/296 1763/598/296
f 1581/599/637 1781/600/637 2197/601/637 1582/602/637
f 1782/600/654 1678/430/654 1789/433/654 2198/601/654
f 527/601/91 366/433/91 96/406/91 363/407/91
f 2731/602/785 2855/601/785 2763/407/785 2711/425/785
f 312/436/209 1483/534/209 1480/402/209 1617/406/209
f 61/399/55 56/76/55 901/311/55 1485/534/55
f 278/534/90 124/311/90 94/84/90 95/402/90
f 2309/603/708 2312/604/708 2890/605/708 2274/606/708
f 1760/350/675 1805/607/675 2199/608/675 1799/351/675
f 1806/607/678 1769/585/678 1802/588/678 2200/608/678
f 2201/608/83 371/588/83 87/362/83 1392/361/83
f 369/351/50 528/608/50 263/361/50 51/352/50
f 2703/609/663 1707/610/663 2202/611/663 1762/612/663
f 1708/610/664 1361/613/577 1771/614/577 2203/611/577
f 2204/611/676 1770/614/676 1767/585/676 1807/607/676
f 1761/612/240 529/611/240 373/607/240 1758/350/240
f 2701/615/685 1803/616/685 2205/617/685 2760/618/685
f 1804/616/241 1791/346/241 374/596/241 2206/617/241
f 530/617/239 2767/596/239 2759/598/239 370/619/239
f 1360/613/576 1362/620/576 2207/621/576 1772/614/576
f 2698/620/684 2699/622/684 1796/623/684 2856/621/684
f 2208/621/238 368/623/238 1756/589/238 1812/586/238
f 360/614/94 531/621/94 375/586/94 99/585/94
f 2700/615/578 1363/624/578 2209/625/578 2766/616/578
f 2702/624/579 1364/609/579 2758/612/579 2857/625/579
f 2210/625/93 359/612/93 98/350/93 1815/347/93
f 372/616/95 532/625/95 376/347/95 100/346/95
f 2850/554/295 523/581/295 1367/583/295 1368/555/295
f 534/439/297 538/456/297 1848/459/297 1845/440/297
f 1405/356/188 266/355/188 2216/439/188 2232/438/188
f 1446/382/604 1518/389/604 2217/626/604 1826/627/604
f 287/389/199 1395/388/199 1821/628/199 2218/626/199
f 2219/626/686 1822/628/686 1825/548/686 1839/562/686
f 1827/627/243 535/626/243 386/562/243 1830/482/243
f 84/454/80 1818/553/80 2220/629/80 1658/513/80
f 377/553/96 101/552/96 1842/559/96 2221/629/96
f 2222/629/244 387/559/244 2745/561/244 1703/630/244
f 325/513/217 536/629/217 1704/630/217 1585/515/217
f 543/526/245 537/463/245 388/466/245 394/470/245
f 66/388/63 1398/413/63 2229/631/63 1823/628/63
f 264/413/186 1402/412/186 1688/557/186 2230/631/186
f 2231/631/221 332/557/221 1685/552/221 1850/549/221
f 380/628/99 539/631/99 390/549/99 104/548/99
f 1385/352/187 265/356/187 2234/438/187 1831/632/187
f 1832/632/247 540/438/247 391/441/247 1699/545/247
f 2762/354/588 1382/353/588 2235/633/588 2765/448/588
f 262/353/185 1386/352/185 382/632/185 2236/633/185
f 2859/633/787 2771/632/787 2772/545/787 2858/542/787
f 365/448/103 541/633/103 392/542/103 108/449/103
f 86/541/82 2735/540/82 2237/634/82 2770/635/82
f 323/540/79 83/515/79 338/630/79 2238/634/79
f 542/634/298 2746/630/298 1834/561/298 2780/636/298
f 379/635/98 2860/634/98 393/636/98 103/637/98
f 85/485/81 321/467/81 2246/556/81 378/481/81
f 2768/481/248 545/556/248 396/465/248 2769/478/248
f 53/377/52 1443/383/52 2247/638/52 1693/486/52
f 274/383/54 55/382/54 1828/627/54 2248/638/54
f 2249/638/100 381/627/100 105/482/100 1866/479/100
f 333/486/97 546/638/97 397/479/97 102/478/97
f 2730/599/700 2743/639/700 2250/640/700 2764/600/700
f 2742/639/687 1833/442/687 2785/445/687 2864/640/687
f 2863/640/249 398/445/249 2777/449/249 2776/544/249
f 364/600/92 547/640/92 384/544/92 97/430/92
f 2880/641/766 2898/642/766 2507/643/766 2506/644/766
f 2352/645/710 2302/646/710 2280/647/710 2282/648/710
f 2296/649/715 2509/650/715 2886/651/715 2293/652/715
f 2267/653/706 2306/654/706 2307/655/706 2269/656/706
f 2513/642/768 2512/641/768 2878/657/768 2894/658/768
f 2292/651/707 2273/659/707 2299/660/707 2294/652/707
f 2382/661/731 2504/662/731 2503/663/731 2956/664/731
f 2378/665/717 2315/666/717 2505/667/717 2955/668/717
f 2383/668/732 3107/667/732 2869/662/732 2868/661/732
f 3108/667/358 2314/669/358 2870/670/358 618/662/358
f 2316/666/418 2252/671/418 2904/669/418 746/667/418
f 2304/646/703 2263/672/703 2260/673/703 2279/647/703
f 2344/674/716 2345/675/716 2300/660/716 2308/655/716
f 2917/674/367 2902/655/367 629/654/367 2351/676/367
f 2519/677/770 2518/678/770 2901/679/770 2900/643/770
f 2301/660/373 2272/659/373 2270/656/373 637/655/373
f 2281/647/704 2261/673/704 2313/604/704 2310/603/704
f 633/679/370 2264/680/370 2882/644/370 636/643/370
f 2295/652/371 634/660/371 2346/675/371 2329/681/371
f 2511/658/767 2510/657/767 2876/682/767 2891/683/767
f 2276/606/709 2277/605/709 2888/650/709 2297/649/709
f 2347/684/304 2298/649/304 555/652/304 2330/681/304
f 2305/654/705 2266/653/705 2265/680/705 2508/679/705
f 2960/685/794 2958/686/794 2957/687/794 2959/688/794
f 2290/689/713 2303/646/713 2353/645/713 2326/690/713
f 2905/665/730 2380/691/730 2514/692/730 2906/666/730
f 641/666/376 2515/692/376 2253/693/376 2251/671/376
f 2516/692/701 2258/694/701 2256/695/701 2254/693/701
f 2381/691/419 2865/696/419 2257/694/419 747/692/419
f 3109/697/769 2541/698/769 2517/699/769 2924/700/769
f 3129/698/771 2937/701/771 2525/702/771 3111/703/771
f 2537/704/725 2540/705/725 2350/676/725 2922/678/725
f 3127/705/728 2934/706/728 2372/707/728 3113/708/728
f 2962/709/317 570/685/317 676/688/317 2961/710/317
f 654/700/368 2925/699/368 2895/642/368 631/658/368
f 652/678/380 2923/676/380 2897/654/380 2896/679/380
f 2285/711/369 2275/606/369 632/649/369 2348/684/369
f 2524/703/426 757/704/426 2919/678/426 2918/677/426
f 2342/712/301 2311/603/301 552/606/301 2287/711/301
f 3114/708/773 2539/713/773 3123/675/773 3112/674/773
f 2927/677/366 2899/643/366 628/642/366 2926/699/366
f 2284/648/305 556/647/305 638/603/305 2343/712/305
f 2385/714/420 748/715/420 2520/716/420 2384/709/420
f 2938/701/421 3128/698/421 749/697/421 2941/717/421
f 2332/718/722 2374/719/722 2521/720/722 2334/721/722
f 2335/721/711 2522/720/711 2354/645/711 2283/648/711
f 2523/720/381 2355/722/381 2328/690/381 657/645/381
f 2375/719/422 2358/723/422 2356/722/422 750/720/422
f 656/699/379 760/698/379 751/703/379 649/677/379
f 2940/724/791 3122/704/791 3110/703/791 2939/702/791
f 655/676/378 759/705/378 2526/708/378 648/674/378
f 2932/725/423 3125/713/423 752/708/423 2373/707/423
f 2363/726/723 2369/727/723 2527/728/723 2337/729/723
f 2338/729/712 2528/728/712 3115/712/712 2286/711/712
f 3116/728/309 2336/721/309 561/648/309 650/712/309
f 2370/727/377 2333/718/377 645/721/377 753/728/377
f 2288/730/372 2875/672/372 635/646/372 2289/689/372
f 573/731/320 2394/732/320 2530/733/320 2966/734/320
f 2529/734/727 2531/733/727 2365/735/727 2931/736/727
f 754/733/424 2950/737/424 2930/726/424 2364/735/424
f 2975/732/736 2390/738/736 2532/737/736 3117/733/736
f 2323/739/714 2909/730/714 2291/689/714 2321/740/714
f 2320/740/720 2319/741/720 2325/742/720 2324/739/720
f 2359/723/726 2368/743/726 2533/744/726 2357/722/726
f 658/722/382 2534/744/382 2341/745/382 2327/690/382
f 3118/744/724 2914/746/724 2915/747/724 2340/745/724
f 2935/743/425 2913/748/425 2339/746/425 755/744/425
f 2916/745/307 563/747/307 558/741/307 2322/740/307
f 643/740/303 554/689/303 559/690/303 647/745/303
f 2921/716/733 2549/749/733 2386/685/733 2920/709/733
f 2331/681/721 2361/750/721 2535/751/721 2349/684/721
f 653/684/310 2536/751/310 646/729/310 562/711/310
f 3120/751/790 3119/735/790 2911/726/790 2912/729/790
f 2362/750/383 2366/736/383 660/735/383 756/751/383
f 2538/724/772 2933/706/772 3126/705/772 3121/704/772
f 651/675/308 3124/713/308 659/750/308 560/681/308
f 758/713/427 2367/725/427 2929/736/427 2928/750/427
f 2392/752/738 2393/753/738 2543/754/738 2542/755/738
f 2946/755/729 2544/754/729 2376/719/729 2947/718/729
f 761/754/386 2388/756/386 2360/723/386 666/719/386
f 2974/753/735 2964/757/735 2389/756/735 3130/754/735
f 2948/738/737 2391/758/737 2545/759/737 2949/737/737
f 669/737/312 2546/759/312 2371/727/312 565/726/312
f 764/759/311 668/755/311 564/718/311 663/727/311
f 2973/758/792 2944/752/792 2945/755/792 3131/759/792
f 2379/665/387 2377/760/387 765/761/387 672/691/387
f 2318/762/719 2954/760/719 2548/763/719 2907/764/719
f 2317/764/718 3132/763/718 2547/765/718 2867/766/718
f 3134/763/793 3133/668/793 2953/661/793 2952/765/793
f 671/760/316 569/665/316 673/668/316 766/763/316
f 2259/766/702 2951/765/702 3135/767/702 2866/768/702
f 670/765/315 568/661/315 674/664/315 767/767/315
f 3145/725/385 664/707/385 763/769/385 773/770/385
f 661/724/384 665/702/384 762/771/384 772/772/384
f 768/773/318 3136/714/318 571/709/318 677/710/318
f 2893/749/734 2550/774/734 2387/686/734 2892/685/734
f 639/604/374 2262/673/374 2414/775/374 2434/776/374
f 553/683/302 2278/682/302 2873/774/302 630/749/302
f 551/670/300 3140/669/300 2552/777/300 2551/778/300
f 2971/778/795 3139/777/795 3138/758/795 2972/738/795
f 769/777/388 2969/779/388 2970/752/388 681/758/388
f 640/669/375 2967/671/375 2553/779/375 3137/777/375
f 566/723/313 678/756/313 3141/780/313 2936/743/313
f 2963/756/319 572/757/319 682/781/319 770/780/319
f 557/671/306 2255/693/306 2554/782/306 2968/779/306
f 679/779/321 2555/782/321 3142/753/321 574/752/321
f 3143/782/389 2943/783/389 2942/757/389 683/753/389
f 616/693/299 549/695/299 667/783/299 771/782/299
f 567/736/314 662/725/314 3144/770/314 2965/734/314
f 774/784/322 680/778/322 575/738/322 684/732/322
f 2561/785/359 2991/786/359 620/657/359 2879/641/359
f 627/650/365 2889/605/365 2411/787/365 2420/788/365
f 621/641/360 2881/644/360 2429/789/360 2995/785/360
f 2424/790/362 2421/791/362 623/680/362 2268/653/362
f 2422/791/361 2430/789/361 622/644/361 2883/680/361
f 2407/792/415 736/793/415 2556/794/415 2409/795/415
f 2410/795/391 2557/794/391 688/796/391 2405/797/391
f 2558/794/324 2401/798/324 578/799/324 2404/796/324
f 3090/793/347 605/800/347 686/798/347 775/794/347
f 2436/801/746 3088/802/746 2559/803/746 2438/804/746
f 2439/804/747 3147/803/747 3001/805/747 2976/806/747
f 776/803/428 2981/795/428 2980/797/428 2435/805/428
f 2489/802/348 606/792/348 689/795/348 3146/803/348
f 2425/790/744 2431/807/744 2460/808/744 2470/809/744
f 690/785/392 2996/789/392 2465/810/392 3035/811/392
f 2459/808/745 2432/807/745 2427/812/745 2462/813/745
f 2433/776/329 2999/787/329 584/605/329 2903/604/329
f 2884/659/743 2885/651/743 2417/814/743 2426/812/743
f 2428/812/364 698/807/364 2271/656/364 626/659/364
f 696/812/333 588/814/333 2445/815/333 2463/813/333
f 2419/788/328 2418/814/328 583/651/328 2887/650/328
f 2560/786/326 2413/816/326 581/682/326 2877/657/326
f 2564/817/742 2416/818/742 2982/816/742 2990/786/742
f 675/687/350 608/686/350 3092/819/350 3091/820/350
f 624/653/363 625/656/363 2998/807/363 2997/790/363
f 737/820/351 609/819/351 3094/821/351 3093/822/351
f 607/801/349 701/804/349 2562/823/349 3085/824/349
f 3086/824/740 3149/823/740 2403/825/740 2402/826/740
f 3148/823/739 2397/827/739 2399/828/739 2978/825/739
f 3002/804/429 2395/806/429 2396/827/429 777/823/429
f 3171/829/778 2573/830/778 3059/831/778 3057/832/778
f 3033/817/774 2563/811/774 2592/829/774 3153/833/774
f 3168/834/779 2574/835/779 3054/836/779 3047/837/779
f 2467/838/757 2469/809/757 3169/834/757 3165/839/757
f 716/817/394 693/786/394 2992/785/394 3034/811/394
f 694/788/395 2412/787/395 2415/840/395 3028/841/395
f 2565/841/775 3026/815/775 2993/814/775 2994/788/775
f 2468/838/393 2423/791/393 691/790/393 2471/809/393
f 2464/810/756 2466/838/756 2588/839/756 3156/830/756
f 699/776/334 589/775/334 3024/842/334 3023/843/334
f 2461/808/403 713/813/403 2589/844/403 2575/835/403
f 2566/843/330 597/840/330 585/787/330 3000/776/330
f 711/810/396 697/789/396 695/791/396 714/838/396
f 3064/845/776 3095/846/776 2567/847/776 3065/848/776
f 3066/848/753 3151/847/753 2455/849/753 2454/850/753
f 778/847/430 3032/851/430 3017/818/430 3016/849/430
f 2491/846/761 2490/821/761 2568/851/761 3150/847/761
f 3061/850/777 3154/849/777 2569/833/777 3062/852/777
f 779/833/431 3170/829/431 3058/832/431 3063/852/431
f 707/849/400 2985/818/400 3029/817/400 3152/833/400
f 2446/853/749 2448/854/749 2570/855/749 2484/856/749
f 2485/856/758 2571/855/758 2473/857/758 2475/858/758
f 2572/855/405 720/859/405 2444/860/405 2472/857/405
f 2449/854/432 2983/842/432 3037/859/432 780/855/432
f 719/811/404 3036/810/404 3155/830/404 792/829/404
f 781/830/433 3164/839/433 3050/861/433 3060/831/433
f 718/809/402 710/808/402 2576/835/402 791/834/402
f 782/835/434 2590/844/434 3044/862/434 3055/836/434
f 2451/863/751 2453/864/751 2577/865/751 2481/866/751
f 2482/866/750 2578/865/750 2450/854/750 2447/853/750
f 783/865/340 712/843/340 596/842/340 705/854/340
f 3014/864/797 3015/840/797 3022/843/797 3157/865/797
f 612/867/354 3097/868/354 2579/869/354 2502/870/354
f 3106/870/760 3158/869/760 2487/871/760 2498/872/760
f 2580/869/752 2479/873/752 2452/863/752 2488/871/752
f 2581/868/435 3041/874/435 2480/873/435 784/869/435
f 2400/828/398 703/875/398 3159/876/398 2582/877/398
f 2583/878/337 644/739/337 593/742/337 2441/879/337
f 582/730/327 2910/739/327 3010/878/327 3011/880/327
f 687/825/390 3007/828/390 3012/877/390 785/881/390
f 591/882/336 2908/883/336 2442/884/336 592/885/336
f 2476/858/759 2474/857/759 2585/886/759 2584/887/759
f 3053/887/754 2586/886/754 2456/888/754 3018/889/754
f 3160/886/755 2457/890/755 3020/891/755 3019/888/755
f 721/857/406 2443/860/406 2458/890/406 786/886/406
f 704/878/332 709/890/338 594/860/338 587/880/332
f 2988/892/341 2989/816/341 598/818/341 717/851/341
f 599/891/342 3021/890/342 3009/878/342 3008/879/342
f 3048/837/436 3056/836/436 3173/893/436 787/894/436
f 595/815/339 3027/841/339 2587/895/339 2477/896/339
f 3038/896/408 3161/895/408 723/873/408 2478/874/408
f 3163/895/798 3162/864/798 3039/863/798 3040/873/798
f 715/841/399 2984/840/399 706/864/399 788/895/399
f 789/839/437 2591/834/437 3046/837/437 3049/861/437
f 3167/844/799 3166/896/799 3042/874/799 3043/862/799
f 3025/813/407 3013/815/407 722/896/407 790/844/407
f 2500/897/765 3071/898/765 2593/899/765 2501/900/765
f 3105/900/353 3172/899/353 2494/901/353 611/902/353
f 2594/899/345 2486/856/345 603/858/345 2493/901/345
f 3072/898/410 3074/853/410 727/856/410 793/899/410
f 3075/872/764 3076/871/764 2595/903/764 2499/904/764
f 3104/904/801 3175/903/801 3073/898/801 3070/897/801
f 3174/903/343 2483/866/343 600/853/343 729/898/343
f 730/871/344 601/863/344 725/866/344 795/903/344
f 3006/905/780 2596/906/780 3176/907/780 3078/908/780
f 2977/826/796 3079/908/796 3177/907/796 3087/824/796
f 2437/801/413 734/824/413 796/907/413 3083/906/413
f 3005/905/781 3004/909/781 2597/910/781 3082/906/781
f 733/906/412 3180/910/412 3179/802/412 3084/801/412
f 797/910/414 3080/911/414 2408/792/414 735/802/414
f 2440/909/748 3003/912/748 2598/911/748 3178/910/748
f 732/911/411 798/913/411 3089/793/411 3081/792/411
f 3045/862/409 2606/914/409 794/893/409 726/836/409
f 3181/915/352 738/822/352 610/821/352 739/846/352
f 3031/851/762 3030/821/762 2492/819/762 2599/892/762
f 619/774/331 2874/682/331 586/816/331 692/892/331
f 2987/892/789 2986/819/789 2871/686/789 2872/774/789
f 2406/797/741 2496/916/741 2601/917/741 3182/805/741
f 700/805/397 3183/917/397 2600/918/397 3098/806/397
f 3185/917/802 3184/904/802 3101/897/802 3100/918/802
f 2497/916/417 3103/872/417 743/904/417 799/917/417
f 3051/858/763 3052/887/763 2602/919/763 2495/901/763
f 740/901/416 2603/919/416 744/920/416 3068/902/416
f 590/806/335 3099/918/335 2604/921/335 2398/827/335
f 685/827/323 2605/921/323 728/922/323 577/828/323
f 3187/921/800 3186/900/800 3067/902/800 3069/922/800
f 741/918/355 613/897/355 745/900/355 800/921/355
f 604/874/346 3096/868/346 3188/914/346 724/862/346
f 2979/796/325 3189/923/325 742/916/325 580/797/325
f 801/923/356 3190/870/356 614/872/356 3102/916/356
f 121/924/113 3191/925/113 3192/766/113 617/768/113
f 4/925/4 3196/926/4 3197/764/4 550/766/4
f 148/926/129 1022/927/129 548/762/129 642/764/129
f 1253/287/554 1256/288/554 1873/10/554 1876/21/554
f 1250/286/162 217/287/162 402/21/162 1879/27/162
f 218/288/163 219/14/163 400/11/163 401/10/163
f 1247/285/161 216/286/161 403/27/161 1882/33/161
f 1244/284/160 215/285/160 404/33/160 1885/39/160
f 3198/928/53 54/929/53 579/912/53 3199/909/53
f 3193/930/201 289/928/201 702/909/201 576/905/201
f 3194/931/401 3200/932/401 708/933/401 3195/934/401
f 2740/935/357 2744/936/357 3077/937/357 615/938/357
f 337/936/78 82/931/78 602/934/78 731/937/78
f 213/48/159 214/284/159 405/39/159 406/43/159
f 6/78/6 59/77/6 145/72/6 1005/71/6
