# Blender 4.5.3 LTS
# www.blender.org
mtllib crustaceo.mtl
g Cuerpo_Malla
v 3.548940 2.346198 1.735848
v -3.606373 2.346199 1.735848
v 3.548940 2.346200 -1.712906
v -3.606373 2.346201 -1.712906
v 3.548940 2.454475 -1.709503
v -3.606373 2.454475 -1.709503
v 3.548940 2.562322 -1.699308
v -3.606373 2.562323 -1.699308
v 3.548940 2.669316 -1.682362
v -3.606373 2.669317 -1.682362
v 3.548940 2.775035 -1.658731
v -3.606373 2.775036 -1.658731
v 3.548940 2.879062 -1.628508
v -3.606373 2.879063 -1.628508
v 3.548940 2.980986 -1.591813
v -3.606373 2.980986 -1.591813
v 3.548940 3.080404 -1.548791
v -3.606373 3.080405 -1.548791
v 3.548940 3.176925 -1.499611
v -3.606373 3.176926 -1.499611
v 3.548940 3.270168 -1.444467
v -3.606373 3.270168 -1.444467
v 3.548940 3.359764 -1.383578
v -3.606373 3.359764 -1.383578
v 3.548940 3.445359 -1.317183
v -3.606373 3.445360 -1.317183
v 3.548940 3.526617 -1.245544
v -3.606373 3.526618 -1.245544
v 3.548940 3.603217 -1.168944
v -3.606373 3.603217 -1.168944
v 3.548940 3.674855 -1.087687
v -3.606373 3.674855 -1.087687
v 3.548940 3.741250 -1.002091
v -3.606373 3.741250 -1.002091
v 3.548940 3.802139 -0.912494
v -3.606373 3.802140 -0.912494
v 3.548940 3.857282 -0.819252
v -3.606373 3.857283 -0.819252
v 3.548940 3.906462 -0.722731
v -3.606373 3.906463 -0.722731
v 3.548940 3.949484 -0.623312
v -3.606373 3.949485 -0.623312
v 3.548940 3.986179 -0.521388
v -3.606373 3.986179 -0.521388
v 3.548940 4.016401 -0.417362
v -3.606373 4.016402 -0.417362
v 3.548940 4.040032 -0.311643
v -3.606373 4.040032 -0.311643
v 3.548940 4.056978 -0.204648
v -3.606373 4.056979 -0.204648
v 3.548940 4.067173 -0.096801
v -3.606373 4.067173 -0.096801
v 3.548940 4.070575 0.011474
v -3.606373 4.070576 0.011474
v 3.548940 4.067172 0.119748
v -3.606373 4.067173 0.119748
v 3.548940 4.056978 0.227595
v -3.606373 4.056978 0.227595
v 3.548940 4.040031 0.334590
v -3.606373 4.040031 0.334590
v 3.548940 4.016400 0.440309
v -3.606373 4.016400 0.440309
v 3.548940 3.986177 0.544335
v -3.606373 3.986178 0.544335
v 3.548940 3.949482 0.646259
v -3.606373 3.949483 0.646259
v 3.548940 3.906460 0.745678
v -3.606373 3.906460 0.745678
v 3.548940 3.857280 0.842198
v -3.606373 3.857280 0.842198
v 3.548940 3.802136 0.935441
v -3.606373 3.802137 0.935441
v 3.548940 3.741247 1.025037
v -3.606373 3.741247 1.025037
v 3.548940 3.674852 1.110632
v -3.606373 3.674852 1.110632
v 3.548940 3.603213 1.191890
v -3.606373 3.603213 1.191890
v 3.548940 3.526613 1.268490
v -3.606373 3.526614 1.268490
v 3.548940 3.445355 1.340128
v -3.606373 3.445356 1.340128
v 3.548940 3.359759 1.406523
v -3.606373 3.359760 1.406523
v 3.548940 3.270163 1.467412
v -3.606373 3.270164 1.467412
v 3.548940 3.176920 1.522555
v -3.606373 3.176921 1.522555
v 3.548940 3.080399 1.571735
v -3.606373 3.080400 1.571735
v 3.548940 2.980981 1.614757
v -3.606373 2.980981 1.614757
v 3.548940 2.879057 1.651452
v -3.606373 2.879057 1.651452
v 3.548940 2.775030 1.681674
v -3.606373 2.775031 1.681674
v 3.548940 2.669311 1.705305
v -3.606373 2.669312 1.705305
v 3.548940 2.562317 1.722251
v -3.606373 2.562317 1.722251
v 3.548940 2.454469 1.732445
v -3.606373 2.454470 1.732445
v 2.829031 2.346198 1.735848
v -2.886465 2.346198 1.735848
v -2.886465 2.346200 -1.712906
v 2.829031 2.346200 -1.712906
v -2.886465 2.454475 -1.709504
v 2.829031 2.454475 -1.709504
v -2.886465 2.562322 -1.699309
v 2.829031 2.562322 -1.699309
v -2.886465 2.669316 -1.682363
v 2.829031 2.669316 -1.682363
v -2.886465 2.775035 -1.658731
v 2.829031 2.775035 -1.658731
v -2.886465 2.879062 -1.628509
v 2.829031 2.879062 -1.628509
v -2.886465 2.980986 -1.591814
v 2.829031 2.980986 -1.591814
v -2.886465 3.080405 -1.548791
v 2.829031 3.080404 -1.548791
v -2.886465 3.176925 -1.499611
v 2.829031 3.176925 -1.499611
v -2.886465 3.270168 -1.444468
v 2.829031 3.270168 -1.444468
v -2.886465 3.359764 -1.383578
v 2.829031 3.359764 -1.383578
v -2.886465 3.445359 -1.317183
v 2.829031 3.445359 -1.317183
v -2.886465 3.526618 -1.245544
v 2.829031 3.526618 -1.245544
v -2.886465 3.603217 -1.168945
v 2.829031 3.603217 -1.168945
v -2.886465 3.674855 -1.087687
v 2.829031 3.674855 -1.087687
v -2.886465 3.741250 -1.002091
v 2.829031 3.741250 -1.002091
v -2.886465 3.802139 -0.912495
v 2.829031 3.802139 -0.912495
v -2.886465 3.857283 -0.819252
v 2.829031 3.857282 -0.819252
v -2.886465 3.906462 -0.722731
v 2.829032 3.906462 -0.722731
v -2.886465 3.949485 -0.623313
v 2.829032 3.949485 -0.623313
v -2.886465 3.986179 -0.521389
v 2.829032 3.986179 -0.521389
v -2.886465 4.016402 -0.417362
v 2.829032 4.016401 -0.417362
v -2.886465 4.040032 -0.311643
v 2.829032 4.040032 -0.311643
v -2.886465 4.056979 -0.204648
v 2.829032 4.056979 -0.204648
v -2.886465 4.067173 -0.096801
v 2.829032 4.067173 -0.096801
v -2.886465 4.070576 0.011474
v 2.829032 4.070576 0.011474
v -2.886465 4.067173 0.119748
v 2.829032 4.067173 0.119748
v -2.886465 4.056978 0.227595
v 2.829032 4.056978 0.227595
v -2.886465 4.040032 0.334590
v 2.829032 4.040032 0.334590
v -2.886465 4.016400 0.440309
v 2.829032 4.016400 0.440309
v -2.886465 3.986178 0.544335
v 2.829032 3.986178 0.544335
v -2.886465 3.949483 0.646259
v 2.829032 3.949483 0.646259
v -2.886465 3.906460 0.745678
v 2.829032 3.906460 0.745678
v -2.886465 3.857280 0.842199
v 2.829031 3.857280 0.842199
v -2.886465 3.802137 0.935441
v 2.829031 3.802137 0.935441
v -2.886465 3.741247 1.025037
v 2.829031 3.741247 1.025037
v -2.886465 3.674852 1.110633
v 2.829031 3.674852 1.110633
v -2.886465 3.603213 1.191891
v 2.829031 3.603213 1.191891
v -2.886465 3.526614 1.268490
v 2.829031 3.526613 1.268490
v -2.886465 3.445355 1.340129
v 2.829031 3.445355 1.340129
v -2.886465 3.359759 1.406524
v 2.829031 3.359759 1.406524
v -2.886465 3.270163 1.467413
v 2.829031 3.270163 1.467413
v -2.886465 3.176921 1.522556
v 2.829031 3.176920 1.522556
v -2.886465 3.080400 1.571736
v 2.829031 3.080400 1.571736
v -2.886465 2.980981 1.614758
v 2.829031 2.980981 1.614758
v -2.886465 2.879057 1.651452
v 2.829031 2.879057 1.651452
v -2.886465 2.775030 1.681675
v 2.829031 2.775030 1.681675
v -2.886465 2.669311 1.705306
v 2.829031 2.669311 1.705306
v -2.886465 2.562317 1.722252
v 2.829031 2.562317 1.722252
v -2.886465 2.454469 1.732446
v 2.829031 2.454469 1.732446
v -2.886465 2.346198 1.454632
v -3.600793 2.346199 1.454631
v 2.829031 2.346200 -1.431690
v 3.544649 2.346200 -1.431689
v 3.544649 2.346198 1.454631
v -3.600793 2.346201 -1.431689
v 2.829031 2.346198 1.454632
v -2.886465 2.346200 -1.431690
v -2.886465 0.227246 1.454631
v -3.600794 0.227247 1.454630
v 2.829031 0.227248 -1.431691
v 3.544649 0.227248 -1.431690
v 3.544649 0.227246 1.454630
v -3.600794 0.227248 -1.431690
v 2.829031 0.227246 1.454631
v -2.886465 0.227248 -1.431691
v -2.886465 0.319062 1.735849
v -3.606374 0.319061 1.735848
v 2.829032 0.319061 -1.712907
v 3.548940 0.319061 -1.712906
v 3.548940 0.319061 1.735848
v 2.829032 0.319061 1.735849
v -3.606374 0.319061 -1.712906
v -2.886465 0.319062 -1.712907
v -2.886465 0.319062 -1.431690
v 2.829032 0.319061 -1.431690
v -2.886465 0.319062 1.454632
v -3.600794 0.319061 1.454631
v 3.544649 0.319061 -1.431689
v 3.544649 0.319061 1.454631
v 2.829032 0.319061 1.454632
v -3.600794 0.319061 -1.431690
v 3.715764 2.346200 -1.712906
v 3.715764 2.454475 -1.709503
v -3.773197 2.454475 -1.709503
v -3.773197 2.346201 -1.712906
v 3.715764 2.562322 -1.699308
v -3.773197 2.562323 -1.699308
v 3.715764 2.669316 -1.682362
v -3.773197 2.669317 -1.682362
v 3.715764 2.775035 -1.658731
v -3.773197 2.775036 -1.658731
v 3.715764 2.879062 -1.628508
v -3.773197 2.879063 -1.628508
v 3.715764 2.980986 -1.591813
v -3.773197 2.980986 -1.591813
v 3.715764 3.080404 -1.548791
v -3.773197 3.080405 -1.548791
v 3.715764 3.176925 -1.499611
v -3.773197 3.176926 -1.499611
v 3.715764 3.270168 -1.444467
v -3.773197 3.270168 -1.444467
v 3.715764 3.359764 -1.383578
v -3.773197 3.359764 -1.383578
v 3.715764 3.445359 -1.317183
v -3.773197 3.445360 -1.317183
v 3.715764 3.526617 -1.245544
v -3.773197 3.526618 -1.245544
v 3.715764 3.603217 -1.168944
v -3.773197 3.603217 -1.168944
v 3.715764 3.674855 -1.087687
v -3.773197 3.674855 -1.087687
v 3.715764 3.741250 -1.002091
v -3.773197 3.741250 -1.002091
v 3.715764 3.802139 -0.912494
v -3.773197 3.802140 -0.912494
v 3.715764 3.857282 -0.819252
v -3.773197 3.857283 -0.819252
v 3.715764 3.906462 -0.722731
v -3.773196 3.906463 -0.722731
v 3.715764 3.949484 -0.623312
v -3.773196 3.949485 -0.623312
v 3.715764 3.986179 -0.521388
v -3.773196 3.986179 -0.521388
v 3.715764 4.016401 -0.417362
v -3.773196 4.016402 -0.417362
v 3.715764 4.040032 -0.311643
v -3.773196 4.040032 -0.311643
v 3.715764 4.056978 -0.204648
v -3.773196 4.056979 -0.204648
v 3.715764 4.067173 -0.096801
v -3.773196 4.067173 -0.096801
v 3.715764 4.070575 0.011474
v -3.773196 4.070576 0.011474
v 3.715764 4.067172 0.119748
v -3.773196 4.067173 0.119748
v 3.715764 4.056978 0.227595
v -3.773196 4.056978 0.227595
v 3.715764 4.040031 0.334590
v -3.773196 4.040031 0.334590
v 3.715764 4.016400 0.440309
v -3.773196 4.016400 0.440309
v 3.715764 3.986177 0.544335
v -3.773196 3.986178 0.544335
v 3.715764 3.949482 0.646259
v -3.773196 3.949483 0.646259
v 3.715764 3.906460 0.745678
v -3.773196 3.906460 0.745678
v 3.715764 3.857280 0.842198
v -3.773197 3.857280 0.842198
v 3.715764 3.802136 0.935441
v -3.773197 3.802137 0.935441
v 3.715764 3.741247 1.025037
v -3.773197 3.741247 1.025037
v 3.715764 3.674852 1.110632
v -3.773197 3.674852 1.110632
v 3.715764 3.603213 1.191890
v -3.773197 3.603213 1.191890
v 3.715764 3.526613 1.268490
v -3.773197 3.526614 1.268490
v 3.715764 3.445355 1.340128
v -3.773197 3.445356 1.340128
v 3.715764 3.359759 1.406523
v -3.773197 3.359760 1.406523
v 3.715764 3.270163 1.467412
v -3.773197 3.270164 1.467412
v 3.715764 3.176920 1.522555
v -3.773197 3.176921 1.522555
v 3.715764 3.080399 1.571735
v -3.773197 3.080400 1.571735
v 3.715764 2.980981 1.614757
v -3.773197 2.980981 1.614757
v 3.715764 2.879057 1.651452
v -3.773197 2.879057 1.651452
v 3.715764 2.775030 1.681674
v -3.773197 2.775031 1.681674
v 3.715764 2.669311 1.705305
v -3.773197 2.669312 1.705305
v 3.715764 2.562317 1.722251
v -3.773197 2.562317 1.722251
v 3.715764 2.454469 1.732445
v -3.773197 2.454470 1.732445
v 3.715764 2.346198 1.735848
v -3.773197 2.346199 1.735848
v 0.923866 2.346198 1.735848
v -0.981299 2.346198 1.735848
v -0.981299 2.346200 -1.712906
v 0.923866 2.346200 -1.712906
v -0.981299 2.454475 -1.709504
v 0.923866 2.454475 -1.709504
v -0.981299 2.562322 -1.699309
v 0.923866 2.562322 -1.699309
v -0.981299 2.669316 -1.682363
v 0.923866 2.669316 -1.682363
v -0.981299 2.775035 -1.658731
v 0.923866 2.775035 -1.658731
v -0.981299 2.879062 -1.628509
v 0.923866 2.879062 -1.628509
v -0.981299 2.980986 -1.591814
v 0.923866 2.980986 -1.591814
v -0.981299 3.080404 -1.548791
v 0.923866 3.080404 -1.548791
v -0.981299 3.176925 -1.499611
v 0.923866 3.176925 -1.499611
v -0.981299 3.270168 -1.444468
v 0.923866 3.270168 -1.444468
v -0.981299 3.359764 -1.383578
v 0.923866 3.359764 -1.383578
v -0.981299 3.445359 -1.317183
v 0.923866 3.445359 -1.317183
v -0.981299 3.526618 -1.245544
v 0.923866 3.526618 -1.245544
v -0.981299 3.603217 -1.168945
v 0.923866 3.603217 -1.168945
v -0.981299 3.674855 -1.087687
v 0.923866 3.674855 -1.087687
v -0.981299 3.741250 -1.002091
v 0.923866 3.741250 -1.002091
v -0.981299 3.802139 -0.912495
v 0.923866 3.802139 -0.912495
v -0.981299 3.857283 -0.819252
v 0.923866 3.857282 -0.819252
v -0.981299 3.906462 -0.722731
v 0.923866 3.906462 -0.722731
v -0.981299 3.949485 -0.623313
v 0.923866 3.949485 -0.623313
v -0.981299 3.986179 -0.521389
v 0.923866 3.986179 -0.521389
v -0.981299 4.016402 -0.417362
v 0.923866 4.016401 -0.417362
v -0.981299 4.040032 -0.311643
v 0.923866 4.040032 -0.311643
v -0.981299 4.056979 -0.204648
v 0.923866 4.056979 -0.204648
v -0.981299 4.067173 -0.096801
v 0.923866 4.067173 -0.096801
v -0.981299 4.070576 0.011474
v 0.923866 4.070576 0.011474
v -0.981299 4.067173 0.119748
v 0.923866 4.067173 0.119748
v -0.981299 4.056978 0.227595
v 0.923866 4.056978 0.227595
v -0.981299 4.040032 0.334590
v 0.923866 4.040031 0.334590
v -0.981299 4.016400 0.440309
v 0.923866 4.016400 0.440309
v -0.981299 3.986178 0.544335
v 0.923866 3.986177 0.544335
v -0.981299 3.949483 0.646259
v 0.923866 3.949483 0.646259
v -0.981299 3.906460 0.745678
v 0.923866 3.906460 0.745678
v -0.981299 3.857280 0.842199
v 0.923866 3.857280 0.842199
v -0.981299 3.802137 0.935441
v 0.923866 3.802136 0.935441
v -0.981299 3.741247 1.025037
v 0.923866 3.741247 1.025037
v -0.981299 3.674852 1.110633
v 0.923866 3.674852 1.110633
v -0.981299 3.603213 1.191891
v 0.923866 3.603213 1.191891
v -0.981299 3.526614 1.268490
v 0.923866 3.526613 1.268490
v -0.981299 3.445355 1.340129
v 0.923866 3.445355 1.340129
v -0.981299 3.359759 1.406524
v 0.923866 3.359759 1.406524
v -0.981299 3.270163 1.467413
v 0.923866 3.270163 1.467413
v -0.981299 3.176921 1.522556
v 0.923866 3.176921 1.522556
v -0.981299 3.080400 1.571736
v 0.923866 3.080400 1.571736
v -0.981299 2.980981 1.614758
v 0.923866 2.980981 1.614758
v -0.981299 2.879057 1.651452
v 0.923866 2.879057 1.651452
v -0.981299 2.775030 1.681675
v 0.923866 2.775030 1.681675
v -0.981299 2.669311 1.705306
v 0.923866 2.669311 1.705306
v -0.981299 2.562316 1.722252
v 0.923866 2.562316 1.722252
v -0.981299 2.454469 1.732446
v 0.923866 2.454469 1.732446
v 0.923866 2.346198 1.454632
v -0.981299 2.346198 1.454632
v -0.981299 2.346200 -1.431690
v 0.923866 2.346200 -1.431690
v 0.923866 0.227247 1.454631
v -0.981300 0.227246 1.454631
v -0.981299 0.227248 -1.431691
v 0.923866 0.227248 -1.431691
v -0.028717 2.346198 1.735848
v -0.028716 2.346200 -1.712906
v -0.028716 2.454475 -1.709504
v -0.028716 2.562322 -1.699309
v -0.028716 2.669316 -1.682363
v -0.028716 2.775035 -1.658731
v -0.028716 2.879062 -1.628509
v -0.028716 2.980986 -1.591814
v -0.028716 3.080404 -1.548791
v -0.028716 3.176925 -1.499611
v -0.028716 3.270168 -1.444468
v -0.028716 3.359764 -1.383578
v -0.028716 3.445359 -1.317183
v -0.028716 3.526618 -1.245544
v -0.028716 3.603217 -1.168945
v -0.028716 3.674855 -1.087687
v -0.028716 3.741250 -1.002091
v -0.028716 3.802139 -0.912495
v -0.028716 3.857282 -0.819252
v -0.028716 3.906462 -0.722731
v -0.028716 3.949485 -0.623313
v -0.028716 3.986179 -0.521389
v -0.028716 4.016402 -0.417362
v -0.028716 4.040032 -0.311643
v -0.028716 4.056979 -0.204648
v -0.028716 4.067173 -0.096801
v -0.028716 4.070576 0.011474
v -0.028716 4.067173 0.119748
v -0.028716 4.056978 0.227595
v -0.028716 4.040032 0.334590
v -0.028716 4.016400 0.440309
v -0.028716 3.986178 0.544335
v -0.028716 3.949483 0.646259
v -0.028716 3.906460 0.745678
v -0.028716 3.857280 0.842199
v -0.028716 3.802137 0.935441
v -0.028716 3.741247 1.025037
v -0.028716 3.674852 1.110633
v -0.028716 3.603213 1.191891
v -0.028716 3.526614 1.268490
v -0.028716 3.445355 1.340129
v -0.028716 3.359759 1.406524
v -0.028716 3.270163 1.467413
v -0.028716 3.176921 1.522556
v -0.028716 3.080400 1.571736
v -0.028716 2.980981 1.614758
v -0.028716 2.879057 1.651452
v -0.028716 2.775030 1.681675
v -0.028716 2.669311 1.705306
v -0.028716 2.562317 1.722252
v -0.028716 2.454469 1.732446
v -0.028717 2.346198 1.454632
v -0.028716 2.346200 -1.431690
v -0.028717 0.227247 1.454631
v -0.028717 0.227248 -1.431691
v -3.862360 0.224313 1.449837
v 3.807013 0.224316 -1.454337
v 3.807013 0.224313 1.449837
v -3.862360 0.224316 -1.454337
v -3.862359 0.193957 1.449837
v 3.807013 0.193958 -1.454337
v 3.807013 0.193958 1.449837
v -3.862359 0.193957 -1.454337
v 0.930832 0.224313 1.449837
v -0.988534 0.224313 1.449837
v -0.988534 0.224315 -1.454337
v 0.930832 0.224316 -1.454337
v 0.930832 0.193957 1.449837
v -0.988534 0.193957 1.449837
v -0.988534 0.193957 -1.454337
v 0.930832 0.193957 -1.454337
v 0.930832 0.224316 -2.036492
v 3.807012 0.224316 -2.036492
v 0.930832 0.193957 -2.036492
v 3.807012 0.193958 -2.036492
v -3.862358 0.193957 -2.036492
v -3.862359 0.224316 -2.036492
v -0.988533 0.224315 -2.036492
v -0.988533 0.193957 -2.036492
v 3.547152 0.224316 -1.454337
v 3.547152 0.193958 -1.454337
v 3.547152 0.224313 1.449837
v 3.547152 0.193958 1.449837
v 3.547152 0.224316 -2.036492
v 3.547151 0.193958 -2.036492
v -3.633530 0.224313 1.449837
v -3.633529 0.193957 1.449837
v -3.633530 0.224316 -1.454337
v -3.633529 0.193957 -1.454337
v -3.633529 0.224316 -2.036492
v -3.633528 0.193957 -2.036492
v -3.633530 0.224313 2.062747
v -3.862360 0.224313 2.062747
v -3.633529 0.193957 2.062747
v -3.862359 0.193957 2.062747
v 3.807013 0.224313 2.062747
v 3.807013 0.193958 2.062747
v 3.547152 0.224313 2.062747
v 3.547152 0.193958 2.062747
v -3.633530 0.777357 1.449837
v -3.862359 0.777356 1.449837
v 3.547152 0.777359 -1.454337
v 3.807014 0.777359 -1.454337
v 3.807014 0.777357 1.449837
v -3.862359 0.777359 -1.454337
v -3.633530 0.777359 -1.454337
v -0.988534 0.777359 -1.454337
v 3.547152 0.777359 -2.036492
v 3.807013 0.777359 -2.036492
v -3.633529 0.777359 -2.036492
v -0.988533 0.777359 -2.036492
v 0.930832 0.777359 -2.036492
v 0.930832 0.777359 -1.454337
v -3.862359 0.777359 -2.036492
v 3.547152 0.777357 1.449837
v -3.633530 0.777357 2.062747
v -3.862359 0.777356 2.062747
v 3.807014 0.777357 2.062747
v 3.547152 0.777357 2.062747
v 3.548939 2.346199 1.735848
v -3.606372 2.346199 1.735848
v 3.548939 2.346200 -1.712906
v -3.606372 2.346201 -1.712906
v 3.548939 2.454475 -1.709503
v -3.606372 2.454475 -1.709503
v 3.548939 2.562322 -1.699308
v -3.606372 2.562323 -1.699308
v 3.548939 2.669317 -1.682362
v -3.606372 2.669317 -1.682362
v 3.548939 2.775035 -1.658731
v -3.606372 2.775036 -1.658731
v 3.548939 2.879062 -1.628508
v -3.606372 2.879063 -1.628508
v 3.548939 2.980986 -1.591813
v -3.606372 2.980987 -1.591813
v 3.548939 3.080405 -1.548791
v -3.606372 3.080405 -1.548791
v 3.548939 3.176925 -1.499611
v -3.606372 3.176926 -1.499611
v 3.548939 3.270168 -1.444467
v -3.606372 3.270168 -1.444467
v 3.548939 3.359764 -1.383578
v -3.606372 3.359764 -1.383578
v 3.548939 3.445360 -1.317183
v -3.606372 3.445360 -1.317183
v 3.548939 3.526618 -1.245544
v -3.606372 3.526618 -1.245544
v 3.548939 3.603217 -1.168944
v -3.606372 3.603217 -1.168944
v 3.548939 3.674855 -1.087687
v -3.606372 3.674855 -1.087687
v 3.548939 3.741250 -1.002091
v -3.606372 3.741251 -1.002091
v 3.548939 3.802139 -0.912494
v -3.606372 3.802140 -0.912494
v 3.548939 3.857283 -0.819252
v -3.606372 3.857283 -0.819252
v 3.548939 3.906462 -0.722731
v -3.606372 3.906463 -0.722731
v 3.548939 3.949485 -0.623312
v -3.606372 3.949485 -0.623312
v 3.548939 3.986179 -0.521388
v -3.606372 3.986179 -0.521388
v 3.548939 4.016401 -0.417362
v -3.606372 4.016402 -0.417362
v 3.548939 4.040032 -0.311643
v -3.606372 4.040033 -0.311643
v 3.548939 4.056979 -0.204648
v -3.606372 4.056979 -0.204648
v 3.548939 4.067173 -0.096801
v -3.606372 4.067173 -0.096801
v 3.548939 4.070575 0.011474
v -3.606372 4.070576 0.011474
v 3.548939 4.067173 0.119748
v -3.606372 4.067173 0.119748
v 3.548939 4.056978 0.227595
v -3.606372 4.056978 0.227595
v 3.548939 4.040031 0.334590
v -3.606372 4.040032 0.334590
v 3.548939 4.016400 0.440309
v -3.606372 4.016401 0.440309
v 3.548939 3.986177 0.544335
v -3.606372 3.986178 0.544335
v 3.548939 3.949482 0.646259
v -3.606372 3.949483 0.646259
v 3.548939 3.906460 0.745677
v -3.606372 3.906461 0.745677
v 3.548939 3.857280 0.842198
v -3.606372 3.857281 0.842198
v 3.548939 3.802137 0.935441
v -3.606372 3.802137 0.935441
v 3.548939 3.741247 1.025037
v -3.606372 3.741247 1.025037
v 3.548939 3.674852 1.110632
v -3.606372 3.674852 1.110632
v 3.548939 3.603213 1.191890
v -3.606372 3.603213 1.191890
v 3.548939 3.526614 1.268490
v -3.606372 3.526614 1.268490
v 3.548939 3.445355 1.340128
v -3.606372 3.445356 1.340128
v 3.548939 3.359759 1.406523
v -3.606372 3.359760 1.406523
v 3.548939 3.270163 1.467412
v -3.606372 3.270164 1.467412
v 3.548939 3.176921 1.522555
v -3.606372 3.176921 1.522555
v 3.548939 3.080400 1.571735
v -3.606372 3.080400 1.571735
v 3.548939 2.980981 1.614757
v -3.606372 2.980981 1.614757
v 3.548939 2.879057 1.651452
v -3.606372 2.879058 1.651452
v 3.548939 2.775030 1.681674
v -3.606372 2.775031 1.681674
v 3.548939 2.669311 1.705305
v -3.606372 2.669312 1.705305
v 3.548939 2.562317 1.722251
v -3.606372 2.562317 1.722251
v 3.548939 2.454470 1.732445
v -3.606372 2.454470 1.732445
v 2.829031 2.346199 1.735848
v -2.886465 2.346199 1.735848
v -2.886465 2.346200 -1.712907
v 2.829031 2.346200 -1.712907
v -2.886465 2.454475 -1.709504
v 2.829031 2.454475 -1.709504
v -2.886465 2.562322 -1.699309
v 2.829031 2.562322 -1.699309
v -2.886465 2.669316 -1.682363
v 2.829031 2.669316 -1.682363
v -2.886465 2.775036 -1.658731
v 2.829031 2.775036 -1.658731
v -2.886465 2.879062 -1.628509
v 2.829031 2.879062 -1.628509
v -2.886465 2.980986 -1.591814
v 2.829031 2.980986 -1.591814
v -2.886465 3.080405 -1.548791
v 2.829031 3.080405 -1.548791
v -2.886465 3.176926 -1.499611
v 2.829031 3.176926 -1.499611
v -2.886465 3.270168 -1.444468
v 2.829031 3.270168 -1.444468
v -2.886465 3.359764 -1.383578
v 2.829031 3.359764 -1.383578
v -2.886465 3.445360 -1.317183
v 2.829031 3.445360 -1.317183
v -2.886465 3.526618 -1.245544
v 2.829031 3.526618 -1.245544
v -2.886465 3.603217 -1.168945
v 2.829031 3.603217 -1.168945
v -2.886465 3.674855 -1.087687
v 2.829031 3.674855 -1.087687
v -2.886465 3.741250 -1.002091
v 2.829031 3.741250 -1.002091
v -2.886465 3.802140 -0.912495
v 2.829031 3.802140 -0.912495
v -2.886465 3.857283 -0.819252
v 2.829031 3.857283 -0.819252
v -2.886464 3.906463 -0.722731
v 2.829031 3.906463 -0.722731
v -2.886464 3.949485 -0.623313
v 2.829031 3.949485 -0.623313
v -2.886464 3.986179 -0.521389
v 2.829031 3.986180 -0.521389
v -2.886464 4.016402 -0.417362
v 2.829031 4.016402 -0.417362
v -2.886464 4.040033 -0.311643
v 2.829031 4.040033 -0.311643
v -2.886464 4.056979 -0.204648
v 2.829031 4.056979 -0.204648
v -2.886464 4.067173 -0.096801
v 2.829031 4.067173 -0.096801
v -2.886464 4.070576 0.011474
v 2.829031 4.070576 0.011474
v -2.886464 4.067173 0.119748
v 2.829031 4.067173 0.119748
v -2.886464 4.056978 0.227595
v 2.829031 4.056979 0.227595
v -2.886464 4.040032 0.334590
v 2.829031 4.040032 0.334590
v -2.886464 4.016401 0.440309
v 2.829031 4.016401 0.440309
v -2.886464 3.986178 0.544335
v 2.829031 3.986178 0.544335
v -2.886464 3.949483 0.646259
v 2.829031 3.949483 0.646259
v -2.886464 3.906461 0.745678
v 2.829031 3.906461 0.745678
v -2.886465 3.857281 0.842199
v 2.829031 3.857280 0.842199
v -2.886465 3.802137 0.935441
v 2.829031 3.802137 0.935441
v -2.886465 3.741247 1.025037
v 2.829031 3.741247 1.025037
v -2.886465 3.674852 1.110633
v 2.829031 3.674852 1.110633
v -2.886465 3.603213 1.191891
v 2.829031 3.603213 1.191891
v -2.886465 3.526614 1.268490
v 2.829031 3.526614 1.268490
v -2.886465 3.445356 1.340129
v 2.829031 3.445355 1.340129
v -2.886465 3.359760 1.406524
v 2.829031 3.359760 1.406524
v -2.886465 3.270164 1.467413
v 2.829031 3.270164 1.467413
v -2.886465 3.176921 1.522556
v 2.829031 3.176921 1.522556
v -2.886465 3.080400 1.571736
v 2.829031 3.080400 1.571736
v -2.886465 2.980981 1.614758
v 2.829031 2.980981 1.614758
v -2.886465 2.879057 1.651452
v 2.829031 2.879057 1.651452
v -2.886465 2.775030 1.681675
v 2.829031 2.775030 1.681675
v -2.886465 2.669311 1.705305
v 2.829031 2.669311 1.705305
v -2.886465 2.562317 1.722252
v 2.829031 2.562317 1.722252
v -2.886465 2.454469 1.732446
v 2.829031 2.454469 1.732446
v -2.886466 2.356529 2.064573
v -3.606373 2.356529 2.064573
v 2.829032 2.356531 -2.041632
v 3.548940 2.356531 -2.041631
v 3.548940 2.475126 -2.037741
v -3.606373 2.475127 -2.037741
v -3.606373 2.356532 -2.041631
v 2.829032 2.475126 -2.037742
v 3.548940 2.603543 -2.025603
v -3.606373 2.603544 -2.025603
v 2.829032 2.603543 -2.025603
v 3.548940 2.730944 -2.005424
v -3.606373 2.730945 -2.005424
v 2.829032 2.730944 -2.005425
v 3.548940 2.856827 -1.977286
v -3.606373 2.856827 -1.977286
v 2.829032 2.856827 -1.977287
v 3.548940 2.980694 -1.941299
v -3.606373 2.980695 -1.941299
v 2.829032 2.980694 -1.941299
v 3.548940 3.102058 -1.897605
v -3.606373 3.102058 -1.897605
v 2.829032 3.102058 -1.897606
v 3.548940 3.220438 -1.846377
v -3.606373 3.220439 -1.846377
v 2.829032 3.220438 -1.846378
v 3.548940 3.335369 -1.787817
v -3.606373 3.335369 -1.787817
v 2.829032 3.335369 -1.787818
v 3.548940 3.446395 -1.722156
v -3.606373 3.446395 -1.722156
v 2.829032 3.446395 -1.722157
v 3.548940 3.553079 -1.649653
v -3.606373 3.553080 -1.649653
v 2.829032 3.553079 -1.649654
v 3.548940 3.655001 -1.570594
v -3.606372 3.655001 -1.570595
v 2.829032 3.655001 -1.570595
v 3.548940 3.751757 -1.485292
v -3.606372 3.751757 -1.485292
v 2.829032 3.751757 -1.485293
v 3.548940 3.842966 -1.394083
v -3.606372 3.842966 -1.394083
v 2.829032 3.842966 -1.394083
v 3.548940 3.928267 -1.297327
v -3.606372 3.928268 -1.297327
v 2.829032 3.928268 -1.297327
v 3.548940 4.007326 -1.195406
v -3.606372 4.007326 -1.195405
v 2.829032 4.007326 -1.195406
v 3.548940 4.079828 -1.088721
v -3.606372 4.079829 -1.088721
v 2.829032 4.079829 -1.088721
v 3.548940 4.145489 -0.977694
v -3.606372 4.145490 -0.977694
v 2.829032 4.145489 -0.977695
v 3.548940 4.204049 -0.862764
v -3.606372 4.204050 -0.862764
v 2.829032 4.204049 -0.862764
v 3.548940 4.255277 -0.744384
v -3.606372 4.255277 -0.744384
v 2.829032 4.255277 -0.744384
v 3.548940 4.298970 -0.623020
v -3.606372 4.298970 -0.623020
v 2.829032 4.298970 -0.623020
v 3.548940 4.334956 -0.499152
v -3.606372 4.334957 -0.499152
v 2.829032 4.334957 -0.499152
v 3.548940 4.363094 -0.373270
v -3.606372 4.363095 -0.373270
v 2.829032 4.363095 -0.373270
v 3.548940 4.383272 -0.245868
v -3.606372 4.383273 -0.245868
v 2.829032 4.383273 -0.245868
v 3.548940 4.395411 -0.117452
v -3.606372 4.395411 -0.117452
v 2.829032 4.395412 -0.117452
v 3.548940 4.399463 0.011474
v -3.606372 4.399463 0.011474
v 2.829032 4.399463 0.011474
v 3.548940 4.395411 0.140399
v -3.606372 4.395411 0.140399
v 2.829032 4.395411 0.140400
v 3.548940 4.383272 0.268816
v -3.606372 4.383272 0.268816
v 2.829032 4.383272 0.268816
v 3.548940 4.363093 0.396218
v -3.606372 4.363094 0.396218
v 2.829032 4.363093 0.396218
v 3.548940 4.334954 0.522100
v -3.606372 4.334955 0.522100
v 2.829032 4.334955 0.522101
v 3.548940 4.298968 0.645967
v -3.606372 4.298968 0.645967
v 2.829032 4.298968 0.645968
v 3.548940 4.255274 0.767331
v -3.606372 4.255275 0.767331
v 2.829032 4.255275 0.767331
v 3.548940 4.204046 0.885712
v -3.606372 4.204047 0.885712
v 2.829032 4.204046 0.885712
v 3.548940 4.145486 1.000641
v -3.606372 4.145486 1.000641
v 2.829032 4.145487 1.000642
v 3.548940 4.079825 1.111668
v -3.606372 4.079825 1.111668
v 2.829032 4.079825 1.111668
v 3.548940 4.007322 1.218352
v -3.606372 4.007323 1.218352
v 2.829032 4.007322 1.218353
v 3.548940 3.928264 1.320274
v -3.606372 3.928265 1.320274
v 2.829032 3.928264 1.320274
v 3.548940 3.842962 1.417030
v -3.606372 3.842962 1.417030
v 2.829032 3.842962 1.417030
v 3.548940 3.751752 1.508239
v -3.606372 3.751753 1.508239
v 2.829032 3.751752 1.508239
v 3.548940 3.654996 1.593541
v -3.606372 3.654996 1.593541
v 2.829032 3.654996 1.593541
v 3.548940 3.553074 1.672599
v -3.606373 3.553075 1.672599
v 2.829032 3.553074 1.672599
v 3.548940 3.446390 1.745101
v -3.606373 3.446390 1.745101
v 2.829032 3.446390 1.745102
v 3.548940 3.335363 1.810762
v -3.606373 3.335363 1.810762
v 2.829032 3.335363 1.810763
v 3.548940 3.220432 1.869321
v -3.606373 3.220433 1.869321
v 2.829032 3.220433 1.869322
v 3.548940 3.102052 1.920549
v -3.606373 3.102052 1.920549
v 2.829032 3.102052 1.920550
v 3.548940 2.980688 1.964242
v -3.606373 2.980689 1.964242
v 2.829032 2.980688 1.964243
v 3.548940 2.856821 2.000229
v -3.606373 2.856821 2.000229
v 2.829032 2.856821 2.000230
v 3.548940 2.730938 2.028367
v -3.606373 2.730938 2.028367
v 2.829032 2.730938 2.028367
v 3.548940 2.603537 2.048545
v -3.606373 2.603537 2.048545
v 2.829032 2.603537 2.048546
v 3.548940 2.475120 2.060684
v -3.606373 2.475121 2.060684
v 2.829032 2.475120 2.060684
v 3.548940 2.356529 2.064573
v 2.829032 2.356529 2.064573
v -2.886466 2.356531 -2.041632
v -2.886465 2.475126 -2.037742
v -2.886465 2.603543 -2.025603
v -2.886465 2.730944 -2.005425
v -2.886465 2.856827 -1.977287
v -2.886465 2.980694 -1.941299
v -2.886465 3.102058 -1.897606
v -2.886465 3.220438 -1.846378
v -2.886465 3.335369 -1.787818
v -2.886465 3.446395 -1.722157
v -2.886465 3.553079 -1.649654
v -2.886465 3.655001 -1.570595
v -2.886465 3.751757 -1.485293
v -2.886465 3.842966 -1.394083
v -2.886465 3.928268 -1.297327
v -2.886465 4.007326 -1.195406
v -2.886465 4.079829 -1.088721
v -2.886464 4.145489 -0.977695
v -2.886464 4.204049 -0.862764
v -2.886465 4.255277 -0.744384
v -2.886465 4.298970 -0.623020
v -2.886465 4.334957 -0.499152
v -2.886464 4.363095 -0.373270
v -2.886464 4.383273 -0.245868
v -2.886465 4.395411 -0.117452
v -2.886464 4.399463 0.011474
v -2.886464 4.395411 0.140400
v -2.886464 4.383272 0.268816
v -2.886465 4.363094 0.396218
v -2.886465 4.334955 0.522101
v -2.886465 4.298968 0.645968
v -2.886465 4.255275 0.767331
v -2.886465 4.204046 0.885712
v -2.886465 4.145486 1.000642
v -2.886465 4.079825 1.111668
v -2.886465 4.007323 1.218353
v -2.886465 3.928265 1.320274
v -2.886465 3.842962 1.417030
v -2.886465 3.751753 1.508239
v -2.886465 3.654996 1.593541
v -2.886465 3.553075 1.672599
v -2.886465 3.446390 1.745102
v -2.886465 3.335363 1.810763
v -2.886465 3.220433 1.869322
v -2.886465 3.102052 1.920550
v -2.886465 2.980688 1.964243
v -2.886465 2.856821 2.000230
v -2.886465 2.730938 2.028367
v -2.886465 2.603537 2.048546
v -2.886465 2.475120 2.060684
v -2.886465 0.775207 1.735849
v -3.606372 0.775207 1.735848
v 2.829031 0.775207 -1.712907
v 3.548939 0.775207 -1.712906
v 3.548939 0.775207 1.735848
v 2.829031 0.775207 1.735849
v -3.606372 0.775207 -1.712906
v -2.886465 0.775207 -1.712907
v -2.886466 0.775207 2.064574
v -3.606374 0.775207 2.064573
v 2.829033 0.775207 -2.041632
v 3.548941 0.775207 -2.041631
v 3.548941 0.775207 2.064573
v 2.829033 0.775207 2.064574
v -3.606374 0.775207 -2.041631
v -2.886466 0.775207 -2.041632
v 3.804005 2.346200 -1.712906
v 3.804005 2.454475 -1.709503
v -3.861438 2.454476 -1.709503
v -3.861438 2.346201 -1.712906
v 3.804005 2.562322 -1.699308
v -3.861438 2.562323 -1.699308
v 3.804005 2.669316 -1.682362
v -3.861438 2.669317 -1.682362
v 3.804005 2.775035 -1.658731
v -3.861438 2.775036 -1.658731
v 3.804005 2.879062 -1.628508
v -3.861438 2.879063 -1.628508
v 3.804005 2.980986 -1.591813
v -3.861438 2.980987 -1.591813
v 3.804005 3.080404 -1.548791
v -3.861438 3.080405 -1.548791
v 3.804005 3.176925 -1.499611
v -3.861438 3.176926 -1.499611
v 3.804005 3.270168 -1.444467
v -3.861438 3.270168 -1.444467
v 3.804005 3.359764 -1.383578
v -3.861438 3.359764 -1.383578
v 3.804005 3.445359 -1.317182
v -3.861438 3.445360 -1.317183
v 3.804005 3.526618 -1.245544
v -3.861438 3.526618 -1.245544
v 3.804005 3.603217 -1.168944
v -3.861438 3.603217 -1.168944
v 3.804005 3.674855 -1.087686
v -3.861438 3.674855 -1.087687
v 3.804005 3.741250 -1.002090
v -3.861438 3.741251 -1.002091
v 3.804005 3.802139 -0.912494
v -3.861438 3.802140 -0.912494
v 3.804005 3.857282 -0.819252
v -3.861438 3.857283 -0.819252
v 3.804005 3.906462 -0.722731
v -3.861437 3.906463 -0.722731
v 3.804005 3.949485 -0.623312
v -3.861437 3.949485 -0.623312
v 3.804005 3.986179 -0.521388
v -3.861437 3.986179 -0.521388
v 3.804005 4.016401 -0.417362
v -3.861437 4.016402 -0.417362
v 3.804005 4.040032 -0.311643
v -3.861437 4.040033 -0.311643
v 3.804005 4.056979 -0.204648
v -3.861437 4.056979 -0.204648
v 3.804005 4.067173 -0.096801
v -3.861437 4.067173 -0.096801
v 3.804005 4.070575 0.011474
v -3.861437 4.070576 0.011474
v 3.804005 4.067173 0.119748
v -3.861437 4.067173 0.119748
v 3.804005 4.056978 0.227595
v -3.861437 4.056978 0.227595
v 3.804005 4.040031 0.334590
v -3.861437 4.040032 0.334590
v 3.804005 4.016400 0.440309
v -3.861437 4.016401 0.440309
v 3.804005 3.986177 0.544335
v -3.861437 3.986178 0.544335
v 3.804005 3.949482 0.646259
v -3.861437 3.949483 0.646259
v 3.804005 3.906460 0.745677
v -3.861437 3.906461 0.745677
v 3.804005 3.857280 0.842198
v -3.861438 3.857281 0.842198
v 3.804005 3.802136 0.935441
v -3.861438 3.802137 0.935441
v 3.804005 3.741247 1.025036
v -3.861438 3.741247 1.025036
v 3.804005 3.674852 1.110632
v -3.861438 3.674852 1.110632
v 3.804005 3.603213 1.191890
v -3.861438 3.603213 1.191890
v 3.804005 3.526613 1.268489
v -3.861438 3.526614 1.268489
v 3.804005 3.445355 1.340128
v -3.861438 3.445356 1.340128
v 3.804005 3.359759 1.406523
v -3.861438 3.359760 1.406523
v 3.804005 3.270163 1.467412
v -3.861438 3.270164 1.467412
v 3.804005 3.176920 1.522555
v -3.861438 3.176921 1.522555
v 3.804005 3.080400 1.571735
v -3.861438 3.080400 1.571735
v 3.804005 2.980981 1.614757
v -3.861438 2.980981 1.614757
v 3.804005 2.879057 1.651452
v -3.861438 2.879058 1.651452
v 3.804005 2.775030 1.681674
v -3.861438 2.775031 1.681674
v 3.804005 2.669311 1.705305
v -3.861438 2.669312 1.705305
v 3.804005 2.562317 1.722251
v -3.861438 2.562318 1.722251
v 3.804005 2.454470 1.732445
v -3.861438 2.454470 1.732445
v 3.804005 2.346199 1.735847
v -3.861438 2.346199 1.735847
v 3.804006 2.356531 -2.041631
v 3.804006 2.475126 -2.037741
v -3.861439 2.475127 -2.037741
v -3.861439 2.356532 -2.041631
v 3.804006 2.603543 -2.025602
v -3.861439 2.603544 -2.025602
v 3.804006 2.730944 -2.005424
v -3.861439 2.730945 -2.005424
v 3.804006 2.856827 -1.977286
v -3.861439 2.856827 -1.977286
v 3.804006 2.980694 -1.941298
v -3.861439 2.980695 -1.941299
v 3.804006 3.102058 -1.897605
v -3.861439 3.102058 -1.897605
v 3.804006 3.220438 -1.846377
v -3.861439 3.220439 -1.846377
v 3.804006 3.335368 -1.787817
v -3.861439 3.335369 -1.787817
v 3.804006 3.446395 -1.722156
v -3.861439 3.446395 -1.722156
v 3.804006 3.553079 -1.649653
v -3.861439 3.553080 -1.649653
v 3.804006 3.655001 -1.570594
v -3.861438 3.655001 -1.570594
v 3.804005 3.751757 -1.485292
v -3.861438 3.751757 -1.485292
v 3.804005 3.842966 -1.394083
v -3.861438 3.842966 -1.394083
v 3.804005 3.928267 -1.297327
v -3.861437 3.928268 -1.297327
v 3.804005 4.007326 -1.195405
v -3.861437 4.007326 -1.195405
v 3.804005 4.079828 -1.088721
v -3.861437 4.079829 -1.088721
v 3.804005 4.145489 -0.977694
v -3.861437 4.145490 -0.977694
v 3.804005 4.204049 -0.862764
v -3.861437 4.204050 -0.862764
v 3.804005 4.255277 -0.744384
v -3.861437 4.255277 -0.744384
v 3.804005 4.298970 -0.623020
v -3.861438 4.298970 -0.623020
v 3.804005 4.334956 -0.499152
v -3.861437 4.334957 -0.499152
v 3.804005 4.363094 -0.373270
v -3.861437 4.363095 -0.373270
v 3.804005 4.383272 -0.245868
v -3.861437 4.383273 -0.245868
v 3.804005 4.395411 -0.117452
v -3.861437 4.395411 -0.117452
v 3.804005 4.399462 0.011474
v -3.861437 4.399463 0.011474
v 3.804005 4.395411 0.140399
v -3.861437 4.395411 0.140399
v 3.804005 4.383271 0.268816
v -3.861437 4.383272 0.268816
v 3.804005 4.363093 0.396218
v -3.861437 4.363094 0.396218
v 3.804005 4.334954 0.522100
v -3.861437 4.334955 0.522100
v 3.804005 4.298967 0.645967
v -3.861437 4.298968 0.645967
v 3.804005 4.255274 0.767331
v -3.861437 4.255275 0.767331
v 3.804005 4.204046 0.885711
v -3.861437 4.204047 0.885712
v 3.804005 4.145486 1.000641
v -3.861437 4.145486 1.000641
v 3.804005 4.079824 1.111668
v -3.861437 4.079825 1.111668
v 3.804005 4.007322 1.218352
v -3.861437 4.007323 1.218352
v 3.804005 3.928264 1.320273
v -3.861438 3.928265 1.320273
v 3.804005 3.842961 1.417030
v -3.861438 3.842962 1.417030
v 3.804005 3.751752 1.508238
v -3.861438 3.751753 1.508239
v 3.804006 3.654996 1.593540
v -3.861438 3.654996 1.593541
v 3.804006 3.553074 1.672599
v -3.861439 3.553075 1.672599
v 3.804006 3.446390 1.745101
v -3.861439 3.446390 1.745101
v 3.804006 3.335363 1.810762
v -3.861439 3.335363 1.810762
v 3.804006 3.220432 1.869321
v -3.861439 3.220433 1.869321
v 3.804006 3.102052 1.920549
v -3.861439 3.102052 1.920549
v 3.804006 2.980688 1.964242
v -3.861439 2.980689 1.964242
v 3.804006 2.856821 2.000229
v -3.861439 2.856821 2.000229
v 3.804006 2.730938 2.028367
v -3.861439 2.730938 2.028367
v 3.804006 2.603537 2.048545
v -3.861439 2.603537 2.048545
v 3.804006 2.475120 2.060683
v -3.861439 2.475121 2.060683
v 3.804006 2.356529 2.064573
v -3.861439 2.356529 2.064573
v -3.861439 0.775207 2.064573
v -3.861438 0.775207 1.735848
v 3.804006 0.775207 -2.041631
v 3.804005 0.775207 -1.712906
v 3.804005 0.775207 1.735848
v 3.804006 0.775207 2.064573
v -3.861438 0.775207 -1.712906
v -3.861439 0.775207 -2.041631
v 1.734139 4.056979 -0.204648
v 1.734139 4.067174 -0.096801
v 1.734139 4.070576 0.011474
v 1.734139 4.067173 0.119748
v 1.734139 4.056979 0.227595
v 1.734139 4.040032 0.334590
v 1.101058 4.056979 -0.204648
v 1.101058 4.067173 -0.096801
v 1.101058 4.070576 0.011474
v 1.101058 4.067173 0.119748
v 1.101058 4.056978 0.227595
v 1.101058 4.040032 0.334590
v 1.357887 4.302271 -0.096347
v 1.449517 4.302498 -0.103546
v 1.282257 4.300684 -0.045828
v 1.532594 4.301302 -0.065496
v 1.242893 4.298160 0.034475
v 1.584858 4.299005 0.007608
v 1.250340 4.295376 0.123044
v 1.592306 4.296221 0.096178
v 1.302605 4.293079 0.196148
v 1.552941 4.293698 0.176481
v 1.385682 4.291883 0.234199
v 1.477311 4.292109 0.227000
v -2.025766 3.949483 0.646259
v -2.025766 3.906460 0.745678
v -2.025767 3.857281 0.842199
v -1.841996 3.949483 0.646259
v -1.841996 3.906460 0.745678
v -1.841996 3.857281 0.842199
v -1.933329 4.804382 0.760393
v -1.933329 4.645166 0.744712
v -1.944417 4.804382 0.755800
v -1.955079 4.799809 0.766462
v -1.955079 4.651285 0.766462
v -1.944417 4.646711 0.755800
v -1.949010 4.804382 0.744712
v -1.964089 4.799809 0.744712
v -1.964089 4.651285 0.744712
v -1.949010 4.646711 0.744712
v -1.944417 4.804382 0.733623
v -1.955079 4.799809 0.722961
v -1.955079 4.651285 0.722961
v -1.944417 4.646711 0.733623
v -1.933329 4.804382 0.729030
v -1.933329 4.646711 0.729030
v -1.933329 4.805927 0.744712
v -1.922240 4.646711 0.733623
v -1.917647 4.646711 0.744712
v -1.922240 4.804382 0.755800
v -1.922240 4.646711 0.755800
v -1.933329 4.646711 0.760393
v -2.426102 4.749282 0.574753
v -2.427647 4.739215 0.574753
v -2.426102 4.729149 0.574753
v -2.421528 4.719470 0.574753
v -2.403012 4.749282 0.519008
v -2.404104 4.739215 0.517915
v -2.403012 4.729149 0.519008
v -2.399777 4.719470 0.522242
v -1.473861 4.706529 0.902375
v -1.472317 4.696463 0.902375
v -1.473861 4.686397 0.902375
v -1.478435 4.676718 0.902375
v -1.496952 4.706529 0.958121
v -1.495859 4.696463 0.959212
v -1.496952 4.686397 0.958121
v -1.500186 4.676718 0.954886
v -2.150331 4.733845 1.189765
v -2.151423 4.725699 1.190857
v -2.150331 4.717553 1.189765
v -2.147096 4.709720 1.186530
v -2.094585 4.733845 1.212855
v -2.094585 4.725699 1.214400
v -2.094585 4.717553 1.212855
v -2.094585 4.709720 1.208281
v -1.778996 4.726666 0.293285
v -1.778996 4.717006 0.291741
v -1.778996 4.707345 0.293285
v -1.778996 4.698055 0.297860
v -1.723251 4.726666 0.316376
v -1.722159 4.717006 0.315284
v -1.723251 4.707345 0.316376
v -1.726485 4.698055 0.319610
v -2.122067 4.730880 1.135781
v -2.122067 4.717938 1.137056
v -2.075158 4.730880 1.155211
v -2.076060 4.717938 1.156113
v -1.545036 4.705329 0.935183
v -1.546311 4.692387 0.935171
v -1.545036 4.679444 0.935183
v -1.525557 4.705329 0.889352
v -1.526450 4.692387 0.888443
v -1.525557 4.679444 0.889352
v -2.326230 4.739611 0.558234
v -2.327505 4.726668 0.558233
v -2.345667 4.739611 0.605139
v -2.346569 4.726668 0.604237
v -0.981299 2.346200 -1.426367
v 0.923866 2.346200 -1.426367
v -0.981299 0.178756 -1.426368
v 0.923866 0.178756 -1.426368
v -0.981299 2.346200 -1.706031
v 0.923866 2.346200 -1.706031
v -0.981299 0.178756 -1.706032
v 0.923866 0.178756 -1.706032
v 0.628500 0.178756 -1.706032
v 0.628500 0.178756 -1.426368
v 0.628500 2.115168 -1.706031
v 0.628500 2.115168 -1.426367
v -0.685933 2.115168 -1.706031
v -0.685933 2.115168 -1.426367
v -0.685933 0.178756 -1.706032
v -0.685933 0.178756 -1.426368
v 2.831393 0.224313 1.449837
v 2.831393 0.777357 1.449837
v -2.880447 0.224313 1.449837
v -2.880447 0.224313 2.062747
v 2.831393 0.224313 2.062747
v -2.880447 0.777357 1.449837
v -2.880447 0.777357 2.062747
v 2.831393 0.777357 2.062747
vn -0.0000 0.0314 -0.9995
vn -0.0000 0.0941 -0.9956
vn -0.0000 0.1564 -0.9877
vn -0.0000 0.2181 -0.9759
vn -0.0000 0.2790 -0.9603
vn -0.0000 0.3387 -0.9409
vn -0.0000 0.3971 -0.9178
vn -0.0000 0.4540 -0.8910
vn -0.0000 0.5090 -0.8607
vn -0.0000 0.5621 -0.8271
vn -0.0000 0.6129 -0.7902
vn -0.0000 0.6613 -0.7501
vn -0.0000 0.7071 -0.7071
vn -0.0000 0.7501 -0.6613
vn -0.0000 0.7902 -0.6129
vn -0.0000 0.8271 -0.5621
vn -0.0000 0.8607 -0.5090
vn -0.0000 0.8910 -0.4540
vn -0.0000 0.9178 -0.3971
vn -0.0000 0.9409 -0.3387
vn -0.0000 0.9603 -0.2790
vn -0.0000 0.9759 -0.2181
vn -0.0000 0.9877 -0.1564
vn -0.0000 0.9956 -0.0941
vn -0.0000 0.9995 -0.0314
vn -0.0000 0.9995 0.0314
vn -0.0000 0.9956 0.0941
vn -0.0000 0.9877 0.1564
vn -0.0000 0.9759 0.2181
vn -0.0000 0.9603 0.2790
vn -0.0000 0.9409 0.3387
vn -0.0000 0.9178 0.3971
vn -0.0000 0.8910 0.4540
vn -0.0000 0.8607 0.5090
vn -0.0000 0.8271 0.5621
vn -0.0000 0.7902 0.6129
vn -0.0000 0.7501 0.6613
vn -0.0000 0.7071 0.7071
vn -0.0000 0.6613 0.7501
vn -0.0000 0.6129 0.7902
vn -0.0000 0.5621 0.8271
vn -0.0000 0.5090 0.8607
vn -0.0000 0.4540 0.8910
vn -0.0000 0.3971 0.9178
vn -0.0000 0.3387 0.9409
vn -0.0000 0.2790 0.9603
vn -0.0000 0.2181 0.9759
vn -0.0000 0.1564 0.9877
vn -0.0000 0.0941 0.9956
vn -0.0000 0.0314 0.9995
vn -0.0000 -1.0000 -0.0000
vn -0.0000 0.9178 0.3972
vn -0.0000 -0.0000 -1.0000
vn -0.0000 -0.0000 1.0000
vn 0.9999 -0.0000 -0.0153
vn -1.0000 -0.0000 -0.0000
vn 1.0000 -0.0000 -0.0000
vn -0.9998 -0.0000 -0.0198
vn 0.9999 -0.0000 0.0153
vn -0.9998 -0.0000 0.0198
vn -0.0000 1.0000 -0.0000
vn -0.0000 -0.0314 0.9995
vn -0.0000 -0.0941 0.9956
vn -0.0000 -0.1564 0.9877
vn -0.0000 -0.2181 0.9759
vn -0.0000 -0.2790 0.9603
vn -0.0000 -0.3387 0.9409
vn -0.0000 -0.3972 0.9178
vn -0.0000 -0.4540 0.8910
vn -0.0000 -0.5090 0.8607
vn -0.0000 -0.5621 0.8271
vn -0.0000 -0.6129 0.7902
vn -0.0000 -0.6613 0.7501
vn -0.0000 -0.7071 0.7071
vn -0.0000 -0.7501 0.6613
vn -0.0000 -0.7902 0.6129
vn -0.0000 -0.8271 0.5621
vn -0.0000 -0.8607 0.5090
vn -0.0000 -0.8910 0.4540
vn -0.0000 -0.9178 0.3971
vn -0.0000 -0.9409 0.3387
vn -0.0000 -0.9603 0.2790
vn -0.0000 -0.9759 0.2181
vn -0.0000 -0.9877 0.1564
vn -0.0000 -0.9956 0.0941
vn -0.0000 -0.9995 0.0314
vn -0.0000 -0.9995 -0.0314
vn -0.0000 -0.9956 -0.0941
vn -0.0000 -0.9877 -0.1564
vn -0.0000 -0.9759 -0.2181
vn -0.0000 -0.9603 -0.2790
vn -0.0000 -0.9409 -0.3387
vn -0.0000 -0.9178 -0.3971
vn -0.0000 -0.8910 -0.4540
vn -0.0000 -0.8607 -0.5090
vn -0.0000 -0.8271 -0.5621
vn -0.0000 -0.7902 -0.6129
vn -0.0000 -0.7501 -0.6613
vn -0.0000 -0.7071 -0.7071
vn -0.0000 -0.6613 -0.7501
vn -0.0000 -0.6129 -0.7902
vn -0.0000 -0.5621 -0.8271
vn -0.0000 -0.5090 -0.8607
vn -0.0000 -0.4540 -0.8910
vn -0.0000 -0.3971 -0.9178
vn -0.0000 -0.3387 -0.9409
vn -0.0000 -0.2790 -0.9603
vn -0.0000 -0.2181 -0.9759
vn -0.0000 -0.1564 -0.9877
vn -0.0000 -0.0941 -0.9956
vn -0.0000 -0.0314 -0.9995
vn -0.0000 -0.9178 0.3972
vn -0.0000 -0.3971 0.9178
vn -0.0000 0.0328 -0.9995
vn -0.0000 0.3972 -0.9178
vn -0.0000 0.0328 0.9995
vn -0.0000 -0.9178 -0.3972
vn -0.0406 -0.9944 0.0979
vn -0.0406 0.9944 0.0979
vn -0.0979 -0.9944 0.0406
vn -0.2882 -0.9501 0.1194
vn -0.2882 0.9501 0.1194
vn -0.0979 0.9944 0.0406
vn -0.0979 0.9944 -0.0406
vn -0.0979 -0.9944 -0.0406
vn -0.2882 -0.9501 -0.1194
vn -0.2882 0.9501 -0.1194
vn -0.0406 0.9944 -0.0979
vn -0.0406 -0.9944 -0.0979
vn 0.0406 -0.9944 -0.0979
vn 0.0979 -0.9944 -0.0406
vn 0.0979 -0.9944 0.0406
vn 0.0406 0.9944 0.0979
vn 0.0406 -0.9944 0.0979
vn -0.8467 -0.4001 -0.3507
vn -0.9147 -0.1403 -0.3789
vn -0.9147 0.1403 -0.3789
vn 0.8467 -0.4001 0.3507
vn 0.9147 -0.1403 0.3789
vn 0.9147 0.1404 0.3789
vn -0.3368 -0.4748 0.8131
vn -0.3769 -0.1725 0.9100
vn -0.3770 0.1725 0.9100
vn 0.3786 -0.1461 -0.9140
vn 0.3786 0.1461 -0.9140
vn 0.3483 -0.4141 -0.8410
vn 0.3811 -0.0906 -0.9201
vn -0.9165 -0.0906 -0.3895
vn -0.9165 0.0906 -0.3895
vn 0.9200 -0.0906 0.3813
vn -1.0000 -0.0001 -0.0000
vn -1.0000 0.0001 -0.0000
vn 1.0000 0.0001 -0.0000
vn 1.0000 -0.0001 -0.0000
vn -0.0000 0.9759 0.2182
vn -0.2882 0.9501 0.1193
vn 0.9147 -0.1404 0.3789
vn 0.9147 0.1403 0.3789
vn -0.3770 -0.1726 0.9100
vn -0.3769 0.1725 0.9100
vn 0.3483 -0.4141 -0.8409
vn -0.9165 -0.0906 -0.3896
vn -0.9165 0.0907 -0.3895
vn 0.9200 -0.0907 0.3812
vt 0.670951 0.699746
vt 0.661120 0.666761
vt 0.670951 0.666761
vt 0.661120 0.699746
vt 0.651126 0.666761
vt 0.651126 0.699746
vt 0.641007 0.666760
vt 0.641007 0.699746
vt 0.630803 0.666760
vt 0.630803 0.699746
vt 0.620555 0.666760
vt 0.620555 0.699746
vt 0.610304 0.666760
vt 0.610304 0.699746
vt 0.600089 0.666760
vt 0.600089 0.699746
vt 0.589951 0.666760
vt 0.589951 0.699746
vt 0.579930 0.666760
vt 0.579930 0.699746
vt 0.570066 0.666760
vt 0.570066 0.699746
vt 0.560397 0.666761
vt 0.560397 0.699746
vt 0.550962 0.666760
vt 0.550962 0.699746
vt 0.541797 0.666760
vt 0.541797 0.699746
vt 0.532940 0.666760
vt 0.532940 0.699746
vt 0.524425 0.666760
vt 0.522778 0.699380
vt 0.514481 0.666394
vt 0.522778 0.666394
vt 0.514481 0.699380
vt 0.505823 0.666394
vt 0.505823 0.699380
vt 0.496836 0.666394
vt 0.496836 0.699380
vt 0.487557 0.666394
vt 0.487557 0.699380
vt 0.478023 0.666394
vt 0.478023 0.699380
vt 0.468270 0.666394
vt 0.468270 0.699380
vt 0.458337 0.666394
vt 0.458337 0.699380
vt 0.448264 0.666394
vt 0.448264 0.699380
vt 0.438090 0.666394
vt 0.438090 0.699380
vt 0.427855 0.666394
vt 0.427855 0.699380
vt 0.417600 0.666394
vt 0.417600 0.699380
vt 0.407366 0.666394
vt 0.407366 0.699380
vt 0.397192 0.666394
vt 0.387118 0.699380
vt 0.387118 0.666394
vt 0.377186 0.699380
vt 0.377186 0.666394
vt 0.367433 0.699380
vt 0.367433 0.666394
vt 0.357898 0.699380
vt 0.357898 0.666394
vt 0.348619 0.699380
vt 0.348619 0.666394
vt 0.339633 0.699380
vt 0.339633 0.666394
vt 0.330974 0.699380
vt 0.330974 0.666394
vt 0.183498 0.404228
vt 0.191957 0.371242
vt 0.191957 0.404228
vt 0.200763 0.371242
vt 0.200763 0.404228
vt 0.209881 0.371242
vt 0.209881 0.404228
vt 0.219276 0.371242
vt 0.219276 0.404228
vt 0.228911 0.371242
vt 0.228911 0.404228
vt 0.238747 0.371242
vt 0.238747 0.404228
vt 0.248746 0.371242
vt 0.248746 0.404228
vt 0.258869 0.371242
vt 0.258869 0.404228
vt 0.269074 0.371242
vt 0.269074 0.404228
vt 0.279322 0.371242
vt 0.279323 0.404228
vt 0.289573 0.371242
vt 0.289573 0.404228
vt 0.299787 0.371242
vt 0.299787 0.404228
vt 0.309922 0.371242
vt 0.309922 0.404228
vt 0.319938 0.371242
vt 0.319938 0.404228
vt 0.329797 0.371242
vt 0.329797 0.404228
vt 0.200763 0.699097
vt 0.191957 0.706740
vt 0.191957 0.699097
vt 0.620555 0.371892
vt 0.630803 0.364248
vt 0.630803 0.371892
vt 0.916839 0.639165
vt 0.917134 0.290344
vt 0.917134 0.608196
vt 0.294371 0.362714
vt 0.381665 0.336093
vt 0.381665 0.362714
vt 0.319938 0.666110
vt 0.329797 0.699097
vt 0.319938 0.699097
vt 0.329797 0.491522
vt 0.319938 0.491522
vt 0.309922 0.666111
vt 0.309922 0.699097
vt 0.309922 0.491522
vt 0.299787 0.666110
vt 0.299787 0.699097
vt 0.299787 0.491522
vt 0.289573 0.666111
vt 0.289573 0.699097
vt 0.289573 0.491522
vt 0.279322 0.666110
vt 0.279322 0.699097
vt 0.279322 0.491522
vt 0.269074 0.666111
vt 0.269074 0.699097
vt 0.269074 0.491522
vt 0.258869 0.666111
vt 0.258869 0.699097
vt 0.258869 0.491522
vt 0.248746 0.666110
vt 0.248746 0.699097
vt 0.248746 0.491522
vt 0.238747 0.666110
vt 0.238747 0.699097
vt 0.238747 0.491522
vt 0.228911 0.666110
vt 0.228911 0.699097
vt 0.228911 0.491522
vt 0.219276 0.666110
vt 0.219276 0.699097
vt 0.219276 0.491522
vt 0.209881 0.666111
vt 0.209881 0.699097
vt 0.209881 0.491522
vt 0.200763 0.666111
vt 0.200763 0.491522
vt 0.191957 0.666111
vt 0.191957 0.491522
vt 0.183498 0.666111
vt 0.183498 0.699097
vt 0.183498 0.491522
vt 0.339633 0.404511
vt 0.330974 0.371525
vt 0.339633 0.371525
vt 0.330974 0.579100
vt 0.339633 0.579100
vt 0.348619 0.404511
vt 0.348619 0.371525
vt 0.348619 0.579100
vt 0.357898 0.404511
vt 0.357898 0.371525
vt 0.357898 0.579100
vt 0.367433 0.404511
vt 0.367433 0.371525
vt 0.367433 0.579100
vt 0.377186 0.371525
vt 0.377186 0.579100
vt 0.387118 0.404511
vt 0.387118 0.371525
vt 0.387118 0.579100
vt 0.397192 0.404511
vt 0.397192 0.371525
vt 0.397192 0.579100
vt 0.407366 0.404511
vt 0.407366 0.371525
vt 0.407366 0.579100
vt 0.417600 0.404511
vt 0.417600 0.371525
vt 0.417600 0.579100
vt 0.427855 0.404511
vt 0.427855 0.371525
vt 0.427855 0.579100
vt 0.438090 0.404511
vt 0.438090 0.371525
vt 0.438090 0.579100
vt 0.448264 0.404511
vt 0.448264 0.371525
vt 0.448264 0.579100
vt 0.458337 0.404511
vt 0.458337 0.371525
vt 0.458337 0.579100
vt 0.468270 0.404511
vt 0.468270 0.371525
vt 0.468270 0.579100
vt 0.478023 0.404511
vt 0.478023 0.371525
vt 0.478023 0.579100
vt 0.487557 0.371525
vt 0.487557 0.579100
vt 0.496836 0.404511
vt 0.496836 0.371525
vt 0.496836 0.579100
vt 0.505823 0.371525
vt 0.505823 0.579100
vt 0.514481 0.371525
vt 0.505823 0.404511
vt 0.514481 0.579100
vt 0.522778 0.404511
vt 0.522777 0.371525
vt 0.522778 0.579100
vt 0.532940 0.371892
vt 0.524425 0.404878
vt 0.524425 0.371892
vt 0.524425 0.579466
vt 0.532940 0.579466
vt 0.541797 0.371892
vt 0.532940 0.404878
vt 0.541797 0.579466
vt 0.550962 0.371892
vt 0.541797 0.404878
vt 0.550962 0.579466
vt 0.560397 0.371892
vt 0.550962 0.404878
vt 0.560397 0.579466
vt 0.570066 0.371892
vt 0.560397 0.404878
vt 0.570066 0.579466
vt 0.579930 0.371892
vt 0.570066 0.404878
vt 0.579930 0.579466
vt 0.589951 0.371892
vt 0.579930 0.404878
vt 0.589951 0.579466
vt 0.600089 0.371892
vt 0.589951 0.404878
vt 0.600089 0.579466
vt 0.610304 0.404878
vt 0.610304 0.371892
vt 0.610304 0.579466
vt 0.620555 0.404878
vt 0.620555 0.579466
vt 0.630803 0.579466
vt 0.641007 0.371892
vt 0.630803 0.404878
vt 0.641007 0.579466
vt 0.651126 0.371892
vt 0.641007 0.404878
vt 0.651126 0.579466
vt 0.661120 0.371892
vt 0.651126 0.404878
vt 0.661120 0.579466
vt 0.670951 0.371892
vt 0.661120 0.404878
vt 0.670951 0.579466
vt 0.988009 0.069616
vt 0.950253 0.291113
vt 0.950253 0.069615
vt 0.177990 0.758310
vt 0.145339 0.949518
vt 0.145339 0.758310
vt 0.563907 0.749751
vt 0.476613 0.940769
vt 0.476613 0.749751
vt 0.622816 0.251003
vt 0.833825 0.289215
vt 0.622816 0.289214
vt 0.563315 0.713228
vt 0.476020 0.739850
vt 0.476020 0.713228
vt 0.645828 0.158855
vt 0.856837 0.197066
vt 0.645828 0.197066
vt 0.925951 0.259375
vt 0.926178 0.608196
vt 0.925951 0.639165
vt 0.293997 0.301505
vt 0.261267 0.028272
vt 0.293997 0.028272
vt 0.555880 0.301505
vt 0.588669 0.028272
vt 0.588669 0.301505
vt 0.381291 0.028272
vt 0.381291 0.301505
vt 0.764443 0.016305
vt 0.985719 0.054289
vt 0.764443 0.054289
vt 0.610619 0.335984
vt 0.831895 0.298069
vt 0.831895 0.335984
vt 1.001178 0.000000
vt 0.001178 1.000000
vt 0.001178 0.000000
vt 0.615208 0.741788
vt 0.588587 0.934497
vt 0.588587 0.741788
vt 0.858848 0.101875
vt 0.889687 0.063960
vt 0.889687 0.101875
vt 0.797171 0.063664
vt 0.828010 0.101647
vt 0.797171 0.101875
vt 0.895094 0.102399
vt 0.925932 0.064415
vt 0.925932 0.102399
vt 0.828010 0.063664
vt 0.858848 0.101579
vt 0.828010 0.101875
vt 0.668451 0.741788
vt 0.641829 0.934497
vt 0.641829 0.741788
vt 0.615208 0.934497
vt 0.641829 0.934497
vt 0.023122 0.223720
vt 0.234811 0.261931
vt 0.023122 0.261931
vt 0.177990 0.941822
vt 0.210642 0.758310
vt 0.210642 0.941822
vt 0.023122 0.208070
vt 0.234811 0.169858
vt 0.234811 0.208069
vt 0.826465 0.746951
vt 0.864220 0.959533
vt 0.826465 0.959533
vt 0.939800 0.746951
vt 0.902044 0.958851
vt 0.902044 0.746951
vt 0.275886 0.758310
vt 0.243234 0.941233
vt 0.243234 0.758310
vt 0.695072 0.741788
vt 0.668451 0.934497
vt 0.809312 0.699340
vt 0.688124 0.598662
vt 0.707837 0.441962
vt 0.064509 0.380253
vt 0.172176 0.495390
vt 0.133061 0.648373
vt 0.397192 0.699380
vt 0.387118 0.707024
vt 0.541797 0.364248
vt 0.610304 0.707390
vt 0.279322 0.706740
vt 0.209881 0.363598
vt 0.458337 0.363881
vt 0.524425 0.707390
vt 0.524425 0.699746
vt 0.299787 0.363598
vt 0.367433 0.363881
vt 0.438090 0.707024
vt 0.589951 0.364248
vt 0.670951 0.707390
vt 0.661120 0.707390
vt 0.228911 0.706740
vt 0.348619 0.707024
vt 0.505823 0.363881
vt 0.570066 0.707390
vt 0.319938 0.706740
vt 0.248746 0.363598
vt 0.417600 0.363881
vt 0.487557 0.707024
vt 0.641007 0.364248
vt 0.183498 0.706740
vt 0.397192 0.707024
vt 0.550962 0.364248
vt 0.620555 0.707390
vt 0.269074 0.706740
vt 0.200763 0.363598
vt 0.468270 0.363881
vt 0.532940 0.707390
vt 0.289573 0.363598
vt 0.377186 0.363881
vt 0.448264 0.707024
vt 0.600089 0.364248
vt 0.219276 0.706740
vt 0.357898 0.707024
vt 0.514481 0.363881
vt 0.579930 0.707390
vt 0.309922 0.706740
vt 0.238747 0.363598
vt 0.427855 0.363881
vt 0.496836 0.707024
vt 0.651126 0.364248
vt 0.329797 0.363598
vt 0.339633 0.363881
vt 0.407366 0.707024
vt 0.560397 0.364248
vt 0.630803 0.707390
vt 0.258869 0.706740
vt 0.183498 0.371242
vt 0.191957 0.363598
vt 0.478023 0.363881
vt 0.541797 0.707390
vt 0.279322 0.363598
vt 0.387118 0.363881
vt 0.458337 0.707024
vt 0.610304 0.364248
vt 0.209881 0.706740
vt 0.367433 0.707024
vt 0.522777 0.363881
vt 0.589951 0.707390
vt 0.299787 0.706740
vt 0.228911 0.363598
vt 0.438090 0.363881
vt 0.505823 0.707024
vt 0.661120 0.364248
vt 0.319938 0.363598
vt 0.348619 0.363881
vt 0.417600 0.707024
vt 0.570066 0.364248
vt 0.641007 0.707390
vt 0.917134 0.259375
vt 0.248746 0.706740
vt 0.330974 0.707024
vt 0.487557 0.363881
vt 0.550962 0.707390
vt 0.269074 0.363598
vt 0.397192 0.363881
vt 0.468270 0.707024
vt 0.620555 0.364248
vt 0.200763 0.706740
vt 0.377186 0.707024
vt 0.532940 0.364248
vt 0.600089 0.707390
vt 0.289573 0.706740
vt 0.219276 0.363598
vt 0.448264 0.363881
vt 0.514481 0.707024
vt 0.670951 0.364248
vt 0.309921 0.363598
vt 0.357898 0.363881
vt 0.427855 0.707024
vt 0.579930 0.364248
vt 0.651126 0.707390
vt 0.238747 0.706740
vt 0.339633 0.707024
vt 0.496836 0.363881
vt 0.560397 0.707390
vt 0.908022 0.259375
vt 0.916839 0.259375
vt 0.258869 0.363598
vt 0.407366 0.363881
vt 0.478023 0.707024
vt 1.001178 1.000000
vt 0.468585 0.301505
vt 0.555880 0.028272
vt 0.424939 0.028272
vt 0.424938 0.301505
vt 0.388726 0.713228
vt 0.301432 0.739850
vt 0.301432 0.713228
vt 0.432373 0.739850
vt 0.432373 0.713228
vt 0.389319 0.749751
vt 0.302025 0.940769
vt 0.302025 0.749751
vt 0.432966 0.940769
vt 0.432966 0.749751
vt 0.670951 0.492172
vt 0.670951 0.404878
vt 0.670951 0.535819
vt 0.661120 0.535819
vt 0.661120 0.492172
vt 0.651126 0.535819
vt 0.651126 0.492172
vt 0.641007 0.535819
vt 0.641007 0.492172
vt 0.630803 0.535819
vt 0.630803 0.492172
vt 0.620555 0.535819
vt 0.620555 0.492172
vt 0.610304 0.535819
vt 0.610304 0.492172
vt 0.600089 0.404878
vt 0.600089 0.535819
vt 0.600089 0.492172
vt 0.589951 0.535819
vt 0.589951 0.492172
vt 0.579930 0.535819
vt 0.579930 0.492172
vt 0.570066 0.535819
vt 0.570066 0.492172
vt 0.560397 0.535819
vt 0.560397 0.492172
vt 0.550962 0.535819
vt 0.550962 0.492172
vt 0.541797 0.535819
vt 0.541797 0.492172
vt 0.532940 0.535819
vt 0.532940 0.492172
vt 0.524425 0.535819
vt 0.522778 0.491805
vt 0.514481 0.404511
vt 0.514481 0.535452
vt 0.522778 0.535452
vt 0.514481 0.491805
vt 0.505823 0.535452
vt 0.505823 0.491805
vt 0.496836 0.535452
vt 0.496836 0.491805
vt 0.487557 0.404511
vt 0.487557 0.535452
vt 0.487557 0.491805
vt 0.478023 0.535452
vt 0.478023 0.491805
vt 0.468270 0.535452
vt 0.468270 0.491805
vt 0.458337 0.535452
vt 0.458337 0.491805
vt 0.448264 0.535452
vt 0.448264 0.491805
vt 0.438090 0.535452
vt 0.438090 0.491805
vt 0.427855 0.535452
vt 0.427855 0.491805
vt 0.417600 0.535452
vt 0.417600 0.491805
vt 0.407366 0.535452
vt 0.407366 0.491805
vt 0.397192 0.535452
vt 0.387118 0.491805
vt 0.387118 0.535452
vt 0.377186 0.404511
vt 0.377186 0.535452
vt 0.377186 0.491805
vt 0.367433 0.535452
vt 0.367433 0.491805
vt 0.357898 0.535452
vt 0.357898 0.491805
vt 0.348619 0.535452
vt 0.339633 0.491805
vt 0.339633 0.535452
vt 0.330974 0.404511
vt 0.330974 0.535452
vt 0.183498 0.578816
vt 0.191957 0.535169
vt 0.183498 0.535169
vt 0.191957 0.578816
vt 0.200763 0.535169
vt 0.200763 0.578816
vt 0.209881 0.535169
vt 0.209881 0.578816
vt 0.219276 0.535169
vt 0.228911 0.578816
vt 0.228911 0.535169
vt 0.238747 0.578816
vt 0.238747 0.535169
vt 0.248746 0.535169
vt 0.248746 0.578816
vt 0.258869 0.535169
vt 0.258869 0.578816
vt 0.269074 0.535169
vt 0.269074 0.578816
vt 0.279322 0.535169
vt 0.279322 0.578816
vt 0.289573 0.535169
vt 0.289573 0.578816
vt 0.299787 0.535169
vt 0.299787 0.578816
vt 0.309922 0.535169
vt 0.309922 0.578816
vt 0.319938 0.535169
vt 0.319938 0.578816
vt 0.329797 0.666111
vt 0.329797 0.535169
vt 0.468959 0.362714
vt 0.556253 0.336093
vt 0.556253 0.362714
vt 0.425312 0.336093
vt 0.425312 0.362714
vt 0.468959 0.336093
vt 0.329797 0.578816
vt 0.219276 0.578816
vt 0.330974 0.491805
vt 0.348619 0.491805
vt 0.397192 0.491805
vt 0.524425 0.492172
vt 0.389319 0.940769
vt 0.388726 0.739850
vt 0.468586 0.028272
vt 0.333372 0.710611
vt 0.327991 0.737005
vt 0.327991 0.710611
vt 0.215292 0.380500
vt 0.220674 0.241898
vt 0.220674 0.380500
vt 0.515790 0.738812
vt 0.487383 0.765206
vt 0.487383 0.738812
vt 0.668564 0.604511
vt 0.670046 0.575260
vt 0.670046 0.604511
vt 0.667083 0.604511
vt 0.668564 0.743113
vt 0.667083 0.743113
vt 0.749355 0.381967
vt 0.750836 0.243365
vt 0.750836 0.381967
vt 0.393619 0.469934
vt 0.392138 0.409751
vt 0.393619 0.409751
vt 0.393619 0.514085
vt 0.392138 0.469934
vt 0.667083 0.770896
vt 0.395100 0.453902
vt 0.393619 0.453902
vt 0.328021 0.380500
vt 0.389552 0.241898
vt 0.389552 0.380500
vt 0.282880 0.380500
vt 0.328021 0.241898
vt 0.572509 0.575259
vt 0.714218 0.515077
vt 0.714218 0.575259
vt 0.572509 0.470926
vt 0.714218 0.470926
vt 0.270745 0.715140
vt 0.272226 0.709162
vt 0.272226 0.715140
vt 0.273708 0.775268
vt 0.272226 0.714426
vt 0.273708 0.714426
vt 0.749355 0.409751
vt 0.389552 0.214114
vt 0.561650 0.753878
vt 0.533243 0.752430
vt 0.561650 0.752430
vt 0.215292 0.214114
vt 0.220674 0.214114
vt 0.300693 0.775268
vt 0.515790 0.737363
vt 0.487383 0.737363
vt 0.395664 0.214114
vt 0.395664 0.241898
vt 0.270745 0.775322
vt 0.272226 0.775322
vt 0.640097 0.604511
vt 0.395664 0.380500
vt 0.216773 0.744323
vt 0.215292 0.773574
vt 0.215292 0.744323
vt 0.640097 0.575260
vt 0.667083 0.575260
vt 0.670046 0.743113
vt 0.697031 0.604511
vt 0.697031 0.743113
vt 0.282880 0.241898
vt 0.282880 0.214114
vt 0.273708 0.709162
vt 0.393619 0.574927
vt 0.392138 0.514085
vt 0.714218 0.410083
vt 0.327991 0.709162
vt 0.333372 0.709162
vt 0.572213 0.747290
vt 0.566102 0.748738
vt 0.566102 0.747290
vt 0.777822 0.409751
vt 0.750836 0.409751
vt 0.668564 0.575260
vt 0.668564 0.604511
vt 0.389552 0.409751
vt 0.749355 0.243365
vt 0.750836 0.214114
vt 0.777822 0.243365
vt 0.777822 0.381967
vt 0.215292 0.409751
vt 0.577891 0.743113
vt 0.572509 0.604511
vt 0.577891 0.604511
vt 0.720330 0.437867
vt 0.720330 0.410083
vt 0.640097 0.743113
vt 0.577891 0.770896
vt 0.714218 0.437867
vt 0.720330 0.576469
vt 0.714218 0.576469
vt 0.781862 0.437867
vt 0.781862 0.410083
vt 0.572509 0.770896
vt 0.572509 0.743113
vt 0.714219 0.605720
vt 0.577891 0.575260
vt 0.561650 0.726036
vt 0.640097 0.743113
vt 0.327679 0.770005
vt 0.300693 0.709162
vt 0.327679 0.709162
vt 0.216773 0.605720
vt 0.243759 0.744323
vt 0.760078 0.725703
vt 0.787064 0.785886
vt 0.760078 0.785886
vt 0.572213 0.720896
vt 0.300693 0.714426
vt 0.243759 0.715140
vt 0.243759 0.709162
vt 0.270745 0.709162
vt 0.495853 0.394395
vt 0.572509 0.410083
vt 0.495349 0.410083
vt 0.720217 0.681189
vt 0.737148 0.605720
vt 0.737148 0.681189
vt 0.487383 0.686196
vt 0.470452 0.681029
vt 0.487383 0.681029
vt 0.487383 0.691343
vt 0.470452 0.686196
vt 0.487383 0.696449
vt 0.470452 0.691343
vt 0.487383 0.701495
vt 0.470452 0.696449
vt 0.487383 0.706459
vt 0.470452 0.701495
vt 0.487383 0.711324
vt 0.470452 0.706459
vt 0.487383 0.716068
vt 0.470452 0.711324
vt 0.487383 0.720675
vt 0.470452 0.716068
vt 0.487383 0.725124
vt 0.470452 0.720675
vt 0.487383 0.729400
vt 0.470452 0.725124
vt 0.487383 0.733485
vt 0.470452 0.729400
vt 0.470452 0.733485
vt 0.556173 0.609708
vt 0.539242 0.606053
vt 0.556173 0.606053
vt 0.556173 0.613587
vt 0.539242 0.609709
vt 0.556173 0.617672
vt 0.539242 0.613587
vt 0.556173 0.621948
vt 0.539242 0.617672
vt 0.556173 0.626398
vt 0.539242 0.621948
vt 0.556173 0.631004
vt 0.539242 0.626398
vt 0.556173 0.635749
vt 0.539242 0.631004
vt 0.556173 0.640613
vt 0.539242 0.635749
vt 0.556173 0.645578
vt 0.539242 0.640613
vt 0.556173 0.650623
vt 0.539242 0.645578
vt 0.556173 0.655730
vt 0.539242 0.650623
vt 0.556173 0.660877
vt 0.539242 0.655730
vt 0.556173 0.666044
vt 0.539242 0.660877
vt 0.556173 0.671212
vt 0.539242 0.666044
vt 0.556173 0.676359
vt 0.539242 0.671212
vt 0.539242 0.681465
vt 0.539242 0.676359
vt 0.556173 0.681465
vt 0.539242 0.686510
vt 0.556173 0.686510
vt 0.539242 0.691475
vt 0.556173 0.691475
vt 0.539242 0.696339
vt 0.556173 0.696339
vt 0.539242 0.701084
vt 0.556173 0.701084
vt 0.539242 0.705691
vt 0.556173 0.705691
vt 0.539242 0.710141
vt 0.556173 0.710141
vt 0.539242 0.714417
vt 0.556173 0.714417
vt 0.539242 0.718502
vt 0.556173 0.718502
vt 0.539242 0.722380
vt 0.556173 0.722380
vt 0.539242 0.726036
vt 0.510313 0.737363
vt 0.527245 0.733485
vt 0.527245 0.737363
vt 0.510313 0.733485
vt 0.527245 0.729400
vt 0.510313 0.729400
vt 0.527245 0.725124
vt 0.510313 0.725124
vt 0.527245 0.720674
vt 0.510313 0.720674
vt 0.527245 0.716068
vt 0.510313 0.716068
vt 0.527245 0.711323
vt 0.510313 0.711323
vt 0.527245 0.706459
vt 0.510313 0.706459
vt 0.527245 0.701495
vt 0.510313 0.701495
vt 0.527245 0.696449
vt 0.510313 0.696449
vt 0.527245 0.691343
vt 0.510313 0.691343
vt 0.527245 0.686196
vt 0.510313 0.686196
vt 0.527245 0.681029
vt 0.493382 0.681029
vt 0.493382 0.686196
vt 0.510313 0.691343
vt 0.493382 0.691343
vt 0.510313 0.696449
vt 0.493382 0.696449
vt 0.493382 0.701495
vt 0.493382 0.706459
vt 0.493382 0.711323
vt 0.493382 0.716068
vt 0.493382 0.720674
vt 0.493382 0.725124
vt 0.493382 0.729400
vt 0.493382 0.733485
vt 0.493382 0.737363
vt 0.777009 0.725703
vt 0.760078 0.722047
vt 0.777009 0.722047
vt 0.760078 0.718169
vt 0.777009 0.718169
vt 0.760078 0.714084
vt 0.777009 0.714084
vt 0.760078 0.709808
vt 0.777009 0.709808
vt 0.760078 0.705358
vt 0.777009 0.705358
vt 0.760078 0.700752
vt 0.777009 0.700752
vt 0.760078 0.696007
vt 0.777009 0.696007
vt 0.760078 0.691143
vt 0.777009 0.691143
vt 0.760078 0.686178
vt 0.777009 0.686178
vt 0.760078 0.681133
vt 0.777009 0.681133
vt 0.760078 0.676026
vt 0.777009 0.676026
vt 0.760078 0.670879
vt 0.777009 0.670879
vt 0.760078 0.665712
vt 0.777009 0.665712
vt 0.760078 0.660544
vt 0.777009 0.660544
vt 0.760078 0.655397
vt 0.777009 0.655397
vt 0.760078 0.650291
vt 0.777009 0.650291
vt 0.760078 0.645246
vt 0.777009 0.645246
vt 0.760078 0.640281
vt 0.777009 0.640281
vt 0.760078 0.635417
vt 0.777009 0.635417
vt 0.760078 0.630672
vt 0.777009 0.630672
vt 0.777009 0.626065
vt 0.760078 0.626065
vt 0.777009 0.621615
vt 0.760078 0.621615
vt 0.777009 0.617339
vt 0.760078 0.617339
vt 0.777009 0.613254
vt 0.760078 0.613254
vt 0.760078 0.609376
vt 0.777009 0.609376
vt 0.760078 0.605720
vt 0.777009 0.605720
vt 0.447523 0.609931
vt 0.464454 0.606053
vt 0.464454 0.609931
vt 0.447523 0.614016
vt 0.464454 0.614016
vt 0.447523 0.618291
vt 0.464454 0.618291
vt 0.464454 0.622741
vt 0.447523 0.622741
vt 0.447523 0.627347
vt 0.464454 0.627347
vt 0.447523 0.632092
vt 0.464454 0.632092
vt 0.447523 0.636956
vt 0.464454 0.636956
vt 0.447523 0.641921
vt 0.464454 0.641921
vt 0.447523 0.646966
vt 0.464454 0.646966
vt 0.447523 0.652073
vt 0.464454 0.652073
vt 0.447523 0.657220
vt 0.464454 0.657220
vt 0.447523 0.662387
vt 0.464454 0.662387
vt 0.362301 0.676663
vt 0.379232 0.671003
vt 0.379232 0.676663
vt 0.362301 0.671003
vt 0.379232 0.664874
vt 0.362301 0.664874
vt 0.379232 0.658794
vt 0.362301 0.658794
vt 0.379232 0.652786
vt 0.362301 0.652786
vt 0.379232 0.646874
vt 0.362301 0.646874
vt 0.379232 0.641082
vt 0.362301 0.641082
vt 0.379232 0.635432
vt 0.362301 0.635432
vt 0.379232 0.629947
vt 0.362301 0.629947
vt 0.379232 0.624648
vt 0.362301 0.624648
vt 0.379232 0.619556
vt 0.362301 0.619556
vt 0.379232 0.614692
vt 0.362301 0.614692
vt 0.379232 0.610074
vt 0.362301 0.610074
vt 0.379232 0.605720
vt 0.424593 0.740214
vt 0.441524 0.735596
vt 0.441524 0.740214
vt 0.424593 0.735596
vt 0.441524 0.730732
vt 0.424593 0.730732
vt 0.441524 0.725640
vt 0.424593 0.725640
vt 0.441524 0.720342
vt 0.424593 0.720342
vt 0.441524 0.714856
vt 0.424593 0.714856
vt 0.441524 0.709207
vt 0.424593 0.709207
vt 0.441524 0.703415
vt 0.424593 0.703415
vt 0.441524 0.697503
vt 0.424593 0.691495
vt 0.441524 0.691495
vt 0.441524 0.685415
vt 0.424593 0.685415
vt 0.441524 0.679286
vt 0.424593 0.673133
vt 0.441524 0.673133
vt 0.441524 0.666980
vt 0.424593 0.666980
vt 0.441524 0.660852
vt 0.424593 0.660852
vt 0.441524 0.654771
vt 0.424593 0.648763
vt 0.441524 0.648763
vt 0.424593 0.642852
vt 0.441524 0.642852
vt 0.424593 0.637060
vt 0.441524 0.637060
vt 0.424593 0.631410
vt 0.441524 0.631410
vt 0.424593 0.625925
vt 0.441524 0.625925
vt 0.424593 0.620626
vt 0.441524 0.620626
vt 0.424593 0.615535
vt 0.441524 0.615535
vt 0.424593 0.610671
vt 0.441524 0.610671
vt 0.424593 0.606053
vt 0.441524 0.606053
vt 0.737148 0.752131
vt 0.720217 0.747778
vt 0.737148 0.747778
vt 0.720217 0.743160
vt 0.737148 0.743160
vt 0.720217 0.738296
vt 0.737148 0.738296
vt 0.720217 0.733204
vt 0.737148 0.733204
vt 0.720217 0.727905
vt 0.737148 0.727905
vt 0.720217 0.722420
vt 0.737148 0.722420
vt 0.720217 0.716770
vt 0.737148 0.716770
vt 0.720217 0.710978
vt 0.737148 0.710978
vt 0.720217 0.705066
vt 0.737148 0.705066
vt 0.720217 0.699058
vt 0.737148 0.699058
vt 0.720217 0.692978
vt 0.737148 0.692978
vt 0.720217 0.686849
vt 0.737148 0.686849
vt 0.760078 0.671003
vt 0.743147 0.676663
vt 0.743147 0.671003
vt 0.760078 0.664874
vt 0.743147 0.664874
vt 0.760078 0.658794
vt 0.743147 0.658794
vt 0.760078 0.652786
vt 0.743147 0.652786
vt 0.760078 0.646874
vt 0.743147 0.646874
vt 0.760078 0.641082
vt 0.743147 0.641082
vt 0.760078 0.635432
vt 0.743147 0.635432
vt 0.760078 0.629947
vt 0.743147 0.629947
vt 0.760078 0.624648
vt 0.743147 0.624648
vt 0.760078 0.619556
vt 0.743147 0.619556
vt 0.760078 0.614692
vt 0.743147 0.614692
vt 0.743147 0.610074
vt 0.760078 0.605720
vt 0.743147 0.605720
vt 0.395664 0.610671
vt 0.412595 0.606053
vt 0.412595 0.610671
vt 0.395664 0.615535
vt 0.412595 0.615535
vt 0.395664 0.620626
vt 0.412595 0.620626
vt 0.395664 0.625925
vt 0.412595 0.625925
vt 0.395664 0.631410
vt 0.412595 0.631410
vt 0.395664 0.637060
vt 0.412595 0.637060
vt 0.395664 0.642852
vt 0.412595 0.642852
vt 0.395664 0.648763
vt 0.412595 0.648763
vt 0.412595 0.654771
vt 0.395664 0.660852
vt 0.412595 0.660852
vt 0.395664 0.666980
vt 0.412595 0.666980
vt 0.412595 0.673133
vt 0.395664 0.679286
vt 0.412595 0.679286
vt 0.395664 0.685415
vt 0.412595 0.685415
vt 0.395664 0.691495
vt 0.412595 0.691495
vt 0.395664 0.697503
vt 0.412595 0.697503
vt 0.395664 0.703415
vt 0.412595 0.703415
vt 0.412595 0.709207
vt 0.412595 0.714856
vt 0.395664 0.709207
vt 0.412595 0.720342
vt 0.395664 0.714856
vt 0.395664 0.725640
vt 0.412595 0.725640
vt 0.395664 0.730732
vt 0.412595 0.730732
vt 0.412595 0.735596
vt 0.412595 0.740214
vt 0.395664 0.735596
vt 0.333372 0.610074
vt 0.350303 0.605720
vt 0.350303 0.610074
vt 0.333372 0.614692
vt 0.350303 0.614692
vt 0.333372 0.619556
vt 0.350303 0.619556
vt 0.350303 0.624648
vt 0.350303 0.629947
vt 0.333372 0.624648
vt 0.350303 0.635432
vt 0.333372 0.629947
vt 0.350303 0.641082
vt 0.333372 0.635432
vt 0.350303 0.646874
vt 0.333372 0.641082
vt 0.350303 0.652786
vt 0.333372 0.646874
vt 0.350303 0.658794
vt 0.333372 0.652786
vt 0.350303 0.664874
vt 0.333372 0.658794
vt 0.350303 0.671003
vt 0.333372 0.664874
vt 0.350303 0.676663
vt 0.333372 0.671003
vt 0.737149 0.635432
vt 0.783008 0.630672
vt 0.353285 0.564071
vt 0.360533 0.579169
vt 0.349547 0.567727
vt 0.418594 0.725640
vt 0.419720 0.277059
vt 0.408057 0.264891
vt 0.422120 0.272452
vt 0.533243 0.725124
vt 0.533243 0.729400
vt 0.356780 0.560193
vt 0.373003 0.565334
vt 0.369146 0.570199
vt 0.424810 0.268002
vt 0.414798 0.254500
vt 0.427781 0.263726
vt 0.356302 0.658794
vt 0.362991 0.551832
vt 0.379745 0.554944
vt 0.376541 0.560243
vt 0.533243 0.676359
vt 0.431021 0.259641
vt 0.422818 0.245018
vt 0.434517 0.255763
vt 0.714218 0.733204
vt 0.418594 0.735596
vt 0.370181 0.538031
vt 0.382602 0.549459
vt 0.368082 0.542776
vt 0.487383 0.733485
vt 0.487383 0.729400
vt 0.485307 0.393746
vt 0.489562 0.409898
vt 0.483296 0.409319
vt 0.438254 0.252108
vt 0.431990 0.236594
vt 0.442219 0.248689
vt 0.533243 0.613587
vt 0.371971 0.533167
vt 0.388990 0.532106
vt 0.387234 0.538017
vt 0.474928 0.391810
vt 0.477080 0.408356
vt 0.470937 0.407013
vt 0.450768 0.242614
vt 0.436963 0.232821
vt 0.442169 0.229361
vt 0.356302 0.664874
vt 0.356302 0.671003
vt 0.374599 0.523157
vt 0.391348 0.520018
vt 0.390363 0.526098
vt 0.783008 0.676026
vt 0.469852 0.390367
vt 0.458971 0.403210
vt 0.464879 0.388616
vt 0.455318 0.239982
vt 0.453194 0.223433
vt 0.460027 0.237635
vt 0.737148 0.619556
vt 0.737148 0.614692
vt 0.572213 0.704336
vt 0.556173 0.698468
vt 0.572213 0.698468
vt 0.375924 0.512903
vt 0.392138 0.507736
vt 0.391940 0.513889
vt 0.783008 0.609376
vt 0.783008 0.613254
vt 0.460028 0.386563
vt 0.447587 0.397970
vt 0.455318 0.384216
vt 0.464878 0.235582
vt 0.464893 0.218902
vt 0.469852 0.233830
vt 0.533243 0.686196
vt 0.375924 0.502568
vt 0.391348 0.495454
vt 0.391940 0.501583
vt 0.446396 0.378678
vt 0.442169 0.394837
vt 0.436963 0.391376
vt 0.474928 0.232388
vt 0.477079 0.215842
vt 0.480086 0.231260
vt 0.356302 0.614692
vt 0.356302 0.610074
vt 0.374599 0.492315
vt 0.388990 0.483366
vt 0.390363 0.489374
vt 0.533243 0.718502
vt 0.442220 0.375509
vt 0.427269 0.383532
vt 0.438255 0.372090
vt 0.485307 0.230452
vt 0.489562 0.214300
vt 0.490570 0.229965
vt 0.714218 0.681189
vt 0.487383 0.691343
vt 0.487383 0.686196
vt 0.370181 0.477441
vt 0.387234 0.477454
vt 0.371972 0.482305
vt 0.510313 0.681029
vt 0.527245 0.606053
vt 0.533243 0.655730
vt 0.434517 0.368435
vt 0.418656 0.374562
vt 0.431021 0.364556
vt 0.418594 0.606053
vt 0.368082 0.472696
vt 0.379745 0.460528
vt 0.382602 0.466013
vt 0.356302 0.619556
vt 0.424811 0.356195
vt 0.414798 0.369697
vt 0.411261 0.364606
vt 0.783008 0.714084
vt 0.783008 0.718169
vt 0.362991 0.463639
vt 0.373003 0.450137
vt 0.376541 0.455229
vt 0.464454 0.729400
vt 0.737148 0.671003
vt 0.737148 0.664874
vt 0.419720 0.347139
vt 0.408057 0.359307
vt 0.405199 0.353822
vt 0.783008 0.650291
vt 0.783008 0.655397
vt 0.418594 0.615535
vt 0.353285 0.451400
vt 0.369146 0.445273
vt 0.356780 0.455278
vt 0.441524 0.618291
vt 0.441524 0.614016
vt 0.417621 0.342394
vt 0.400568 0.342380
vt 0.415830 0.337530
vt 0.533243 0.701495
vt 0.533243 0.706459
vt 0.302494 0.589383
vt 0.298239 0.605535
vt 0.297232 0.589870
vt 0.345582 0.444325
vt 0.360533 0.436302
vt 0.349547 0.447744
vt 0.470452 0.606053
vt 0.464454 0.681029
vt 0.464454 0.606053
vt 0.414356 0.332565
vt 0.397439 0.330461
vt 0.413202 0.327520
vt 0.356302 0.629947
vt 0.312874 0.587446
vt 0.310722 0.603992
vt 0.307715 0.588574
vt 0.337034 0.438251
vt 0.350838 0.428458
vt 0.341406 0.441157
vt 0.533243 0.701084
vt 0.714218 0.710978
vt 0.714218 0.705066
vt 0.412375 0.322413
vt 0.395862 0.318252
vt 0.411878 0.317266
vt 0.487383 0.706459
vt 0.533243 0.635749
vt 0.322923 0.584253
vt 0.322909 0.600932
vt 0.317950 0.586004
vt 0.332484 0.435619
vt 0.334607 0.419070
vt 0.340215 0.421864
vt 0.418594 0.625925
vt 0.411878 0.306931
vt 0.395664 0.312099
vt 0.395862 0.305946
vt 0.356302 0.635432
vt 0.356302 0.641082
vt 0.327774 0.582200
vt 0.340215 0.593607
vt 0.334607 0.596402
vt 0.322923 0.431219
vt 0.322909 0.414539
vt 0.328831 0.416625
vt 0.783008 0.700752
vt 0.412375 0.301784
vt 0.397439 0.293737
vt 0.413202 0.296678
vt 0.464454 0.711324
vt 0.341405 0.574315
vt 0.345633 0.590474
vt 0.337034 0.577221
vt 0.312874 0.428025
vt 0.310722 0.411479
vt 0.316865 0.412822
vt 0.737149 0.641082
vt 0.720217 0.605720
vt 0.714218 0.605720
vt 0.415830 0.286668
vt 0.398812 0.287729
vt 0.400568 0.281818
vt 0.783008 0.635417
vt 0.418594 0.631410
vt 0.418594 0.637060
vt 0.345582 0.571146
vt 0.355811 0.583240
vt 0.302494 0.426088
vt 0.298240 0.409937
vt 0.304506 0.410516
vt 0.441524 0.632092
vt 0.417621 0.281804
vt 0.405199 0.270376
vt 0.533243 0.720674
vt 0.364983 0.574816
vt 0.356302 0.752132
vt 0.350303 0.752132
vt 0.411260 0.259592
vt 0.356302 0.652786
vt 0.360020 0.556108
vt 0.533243 0.681465
vt 0.714218 0.727905
vt 0.418656 0.249636
vt 0.487383 0.725124
vt 0.365682 0.547382
vt 0.533243 0.617672
vt 0.427269 0.240665
vt 0.385102 0.543809
vt 0.424593 0.654771
vt 0.418594 0.648763
vt 0.446396 0.245520
vt 0.356302 0.658794
vt 0.373446 0.528202
vt 0.783008 0.681133
vt 0.464454 0.691343
vt 0.447586 0.226227
vt 0.737148 0.624648
vt 0.375426 0.518050
vt 0.533243 0.753923
vt 0.517203 0.759790
vt 0.517203 0.753923
vt 0.458971 0.220988
vt 0.376090 0.507736
vt 0.783008 0.617339
vt 0.470937 0.217185
vt 0.418594 0.660852
vt 0.375426 0.497421
vt 0.441524 0.652073
vt 0.533243 0.722380
vt 0.483296 0.214879
vt 0.487383 0.743230
vt 0.471343 0.737363
vt 0.373446 0.487270
vt 0.533243 0.660877
vt 0.495349 0.214114
vt 0.495853 0.229803
vt 0.385102 0.471662
vt 0.714219 0.752131
vt 0.714219 0.747778
vt 0.783008 0.722047
vt 0.365682 0.468089
vt 0.470452 0.737363
vt 0.464454 0.733485
vt 0.737149 0.676663
vt 0.424593 0.679286
vt 0.418594 0.673133
vt 0.360020 0.459363
vt 0.783008 0.660544
vt 0.364983 0.440655
vt 0.418594 0.610671
vt 0.441524 0.609931
vt 0.490570 0.394233
vt 0.355812 0.432231
vt 0.418594 0.685415
vt 0.533243 0.705691
vt 0.714218 0.699058
vt 0.480087 0.392937
vt 0.345633 0.424998
vt 0.533243 0.640613
vt 0.464893 0.405295
vt 0.327774 0.433272
vt 0.418594 0.620626
vt 0.783008 0.705358
vt 0.317950 0.429467
vt 0.453195 0.400765
vt 0.464454 0.716068
vt 0.737148 0.646874
vt 0.418594 0.697503
vt 0.424593 0.697503
vt 0.307715 0.426897
vt 0.450768 0.381584
vt 0.783008 0.640281
vt 0.297232 0.425602
vt 0.292453 0.409751
vt 0.431990 0.387603
vt 0.422818 0.379179
vt 0.441524 0.627347
vt 0.418594 0.709207
vt 0.533243 0.686510
vt 0.427782 0.360471
vt 0.714218 0.722420
vt 0.422120 0.351745
vt 0.447522 0.737363
vt 0.441524 0.662387
vt 0.533243 0.621948
vt 0.402700 0.348172
vt 0.418594 0.642852
vt 0.783008 0.686178
vt 0.292453 0.605720
vt 0.291949 0.590032
vt 0.464454 0.696449
vt 0.398812 0.336469
vt 0.737149 0.629947
vt 0.304506 0.604955
vt 0.396454 0.324381
vt 0.418594 0.720342
vt 0.316864 0.602650
vt 0.783008 0.621615
vt 0.411712 0.312099
vt 0.418594 0.654771
vt 0.441524 0.646966
vt 0.328831 0.598847
vt 0.418594 0.730732
vt 0.396454 0.299817
vt 0.533243 0.666044
vt 0.332484 0.579853
vt 0.414355 0.291633
vt 0.714219 0.743160
vt 0.350838 0.587013
vt 0.533243 0.606053
vt 0.402699 0.276026
vt 0.471343 0.759790
vt 0.455303 0.743230
vt 0.471343 0.743230
vt 0.471343 0.759790
vt 0.471343 0.743230
vt 0.556173 0.720896
vt 0.572213 0.720896
vt 0.517203 0.737363
vt 0.533243 0.737363
vt 0.760078 0.676663
vt 0.743147 0.752131
vt 0.487383 0.606053
vt 0.362301 0.752132
vt 0.572509 0.214114
vt 0.572509 0.229803
vt 0.418594 0.666980
vt 0.783008 0.665712
vt 0.510313 0.681029
vt 0.493382 0.606053
vt 0.510313 0.606053
vt 0.291949 0.425439
vt 0.215292 0.409751
vt 0.215292 0.605720
vt 0.215292 0.590032
vt 0.333372 0.676663
vt 0.333372 0.752132
vt 0.737148 0.605720
vt 0.672698 0.394395
vt 0.749355 0.410083
vt 0.672194 0.410083
vt 0.588724 0.317266
vt 0.572509 0.312099
vt 0.588557 0.312099
vt 0.434517 0.451733
vt 0.427269 0.436635
vt 0.438254 0.448077
vt 0.411878 0.513236
vt 0.395664 0.508068
vt 0.411712 0.508068
vt 0.656932 0.392937
vt 0.660141 0.409318
vt 0.653925 0.408355
vt 0.604627 0.360471
vt 0.588106 0.364606
vt 0.601656 0.356195
vt 0.474928 0.428357
vt 0.477079 0.411811
vt 0.480086 0.427230
vt 0.591201 0.291632
vt 0.574284 0.293737
vt 0.575657 0.287729
vt 0.422120 0.468422
vt 0.411260 0.455561
vt 0.424810 0.463972
vt 0.415830 0.533499
vt 0.398812 0.532438
vt 0.414356 0.528535
vt 0.641724 0.388616
vt 0.630040 0.400765
vt 0.636873 0.386562
vt 0.594466 0.342394
vt 0.577413 0.342380
vt 0.592676 0.337530
vt 0.455318 0.435952
vt 0.453194 0.419402
vt 0.460027 0.433604
vt 0.598965 0.272452
vt 0.582045 0.270375
vt 0.584902 0.264890
vt 0.414355 0.487602
vt 0.400568 0.477787
vt 0.415830 0.482637
vt 0.424810 0.552165
vt 0.408057 0.555277
vt 0.422120 0.547715
vt 0.623242 0.378678
vt 0.608835 0.387603
vt 0.619065 0.375509
vt 0.589221 0.322413
vt 0.572707 0.318252
vt 0.442219 0.444658
vt 0.431990 0.432564
vt 0.611362 0.255763
vt 0.595502 0.249636
vt 0.599664 0.245018
vt 0.411878 0.502901
vt 0.395862 0.501915
vt 0.434517 0.564404
vt 0.427269 0.579502
vt 0.422818 0.575149
vt 0.667415 0.394232
vt 0.662153 0.393746
vt 0.607867 0.364556
vt 0.591644 0.369697
vt 0.483296 0.410848
vt 0.485307 0.426421
vt 0.590048 0.296678
vt 0.573299 0.299817
vt 0.414798 0.450470
vt 0.427781 0.459696
vt 0.623242 0.245520
vt 0.619015 0.229361
vt 0.627614 0.242614
vt 0.413202 0.523489
vt 0.397439 0.526430
vt 0.455318 0.580185
vt 0.442169 0.590806
vt 0.450768 0.577553
vt 0.641738 0.405295
vt 0.635816 0.403210
vt 0.582045 0.353822
vt 0.579545 0.348172
vt 0.464878 0.431551
vt 0.458971 0.416957
vt 0.594466 0.281803
vt 0.596565 0.277059
vt 0.417621 0.477773
vt 0.402699 0.471995
vt 0.646698 0.233830
vt 0.635817 0.220988
vt 0.641739 0.218902
vt 0.419720 0.543108
vt 0.405199 0.549791
vt 0.469852 0.586337
vt 0.470937 0.602982
vt 0.464893 0.601265
vt 0.627613 0.381584
vt 0.613809 0.391376
vt 0.590048 0.327519
vt 0.573299 0.324380
vt 0.436963 0.428791
vt 0.446396 0.441489
vt 0.604627 0.263726
vt 0.607867 0.259641
vt 0.396454 0.495787
vt 0.412375 0.497754
vt 0.662153 0.230451
vt 0.666408 0.214300
vt 0.667415 0.229965
vt 0.431021 0.560526
vt 0.418656 0.570531
vt 0.490570 0.590202
vt 0.495349 0.606053
vt 0.489562 0.605867
vt 0.611362 0.368434
vt 0.595501 0.374561
vt 0.588724 0.306931
vt 0.589221 0.301784
vt 0.418656 0.445606
vt 0.431021 0.455611
vt 0.608836 0.236594
vt 0.613809 0.232821
vt 0.396454 0.520350
vt 0.412375 0.518383
vt 0.446396 0.574647
vt 0.436963 0.587346
vt 0.596565 0.347139
vt 0.584902 0.359307
vt 0.577413 0.281817
vt 0.579545 0.276025
vt 0.405199 0.466345
vt 0.419720 0.473028
vt 0.641724 0.235582
vt 0.630040 0.223432
vt 0.402700 0.544142
vt 0.417621 0.538364
vt 0.458971 0.599179
vt 0.464879 0.584585
vt 0.575657 0.336468
vt 0.574284 0.330461
vt 0.588106 0.259592
vt 0.591644 0.254500
vt 0.413202 0.492648
vt 0.397439 0.489706
vt 0.653925 0.215842
vt 0.660142 0.214879
vt 0.414798 0.565667
vt 0.427782 0.556441
vt 0.485307 0.589715
vt 0.483296 0.605288
vt 0.572707 0.305946
vt 0.615100 0.252107
vt 0.619065 0.248688
vt 0.395862 0.514221
vt 0.666407 0.409898
vt 0.431990 0.583573
vt 0.442220 0.571479
vt 0.490570 0.425934
vt 0.489562 0.410269
vt 0.592676 0.286668
vt 0.632163 0.239982
vt 0.636873 0.237635
vt 0.651773 0.391809
vt 0.646697 0.390367
vt 0.400568 0.538350
vt 0.453195 0.596734
vt 0.460028 0.582532
vt 0.464893 0.414872
vt 0.469852 0.429800
vt 0.601656 0.268002
vt 0.651774 0.232388
vt 0.656932 0.231260
vt 0.624432 0.397970
vt 0.619014 0.394836
vt 0.411261 0.560575
vt 0.477080 0.604325
vt 0.480087 0.588907
vt 0.450768 0.438583
vt 0.442169 0.425331
vt 0.604114 0.240665
vt 0.604114 0.383532
vt 0.599664 0.379179
vt 0.438255 0.568060
vt 0.495349 0.410084
vt 0.495853 0.425772
vt 0.422818 0.440988
vt 0.624432 0.226227
vt 0.647782 0.407012
vt 0.598965 0.351745
vt 0.447587 0.593940
vt 0.470937 0.413154
vt 0.408057 0.460860
vt 0.647783 0.217185
vt 0.632163 0.384215
vt 0.591201 0.332565
vt 0.474928 0.587779
vt 0.447586 0.422197
vt 0.398812 0.483699
vt 0.672194 0.214114
vt 0.672698 0.229803
vt 0.615100 0.372090
vt 0.495853 0.590364
vt 0.572509 0.606053
vt 0.749355 0.214114
vt 0.749355 0.229803
vt 0.572509 0.410083
vt 0.572509 0.425772
vt 0.783008 0.696007
vt 0.356302 0.646874
vt 0.533243 0.631004
vt 0.487383 0.711323
vt 0.714219 0.716770
vt 0.418594 0.714856
vt 0.533243 0.696339
vt 0.356302 0.635432
vt 0.533243 0.711323
vt 0.418594 0.709207
vt 0.418594 0.703415
vt 0.783008 0.645246
vt 0.737148 0.658794
vt 0.356302 0.624648
vt 0.533243 0.650623
vt 0.356302 0.676663
vt 0.487383 0.696449
vt 0.714218 0.686849
vt 0.418594 0.691495
vt 0.533243 0.714417
vt 0.533243 0.691343
vt 0.418594 0.679286
vt 0.471343 0.737363
vt 0.783008 0.670879
vt 0.356302 0.676663
vt 0.487383 0.737363
vt 0.418594 0.740214
vt 0.533243 0.671212
vt 0.441524 0.657220
vt 0.356302 0.671003
vt 0.356302 0.664874
vt 0.418594 0.666980
vt 0.533243 0.733485
vt 0.418594 0.730732
vt 0.464454 0.686196
vt 0.418594 0.654771
vt 0.533243 0.681029
vt 0.783008 0.691143
vt 0.356302 0.652786
vt 0.487383 0.716068
vt 0.418594 0.720341
vt 0.441524 0.636956
vt 0.533243 0.691475
vt 0.356302 0.641082
vt 0.418594 0.642852
vt 0.533243 0.716068
vt 0.464454 0.706459
vt 0.418594 0.631410
vt 0.783008 0.709808
vt 0.356302 0.629947
vt 0.418594 0.697503
vt 0.441524 0.622741
vt 0.533243 0.710141
vt 0.356302 0.619556
vt 0.418594 0.620626
vt 0.533243 0.696449
vt 0.418594 0.685415
vt 0.464454 0.725124
vt 0.783008 0.725703
vt 0.356302 0.610074
vt 0.418594 0.673133
vt 0.783008 0.605720
vt 0.418594 0.735596
vt 0.737149 0.610074
vt 0.418594 0.660852
vt 0.533243 0.609709
vt 0.714218 0.738296
vt 0.487383 0.720674
vt 0.418594 0.725640
vt 0.441524 0.641921
vt 0.356302 0.646874
vt 0.418594 0.648763
vt 0.783008 0.626065
vt 0.418594 0.714856
vt 0.464454 0.701495
vt 0.418594 0.637060
vt 0.533243 0.626398
vt 0.487383 0.701495
vt 0.418594 0.625925
vt 0.418594 0.691495
vt 0.737149 0.652786
vt 0.464454 0.720675
vt 0.418594 0.615535
vt 0.533243 0.645578
vt 0.714218 0.692978
vt 0.356302 0.614692
vt 0.487383 0.681029
vt 0.418594 0.679286
vt 0.441524 0.606053
vt 0.447523 0.606053
vt 0.356302 0.605720
vt 0.362301 0.605720
vt 0.783994 0.217184
vt 0.218362 0.782816
vt 0.218362 0.217184
vt 0.783994 0.782816
vt 0.333372 0.605720
vt 0.295512 0.616746
vt 0.288566 0.605720
vt 0.243759 0.605720
vt 0.288566 0.605720
vt 0.250706 0.616746
vt 0.392878 0.752986
vt 0.379232 0.709162
vt 0.392878 0.709162
vt 0.402611 0.740214
vt 0.395664 0.753561
vt 0.395664 0.740214
vt 0.379232 0.709162
vt 0.392878 0.605720
vt 0.392878 0.709162
vt 0.697031 0.575260
vt 0.710678 0.678701
vt 0.697031 0.678701
vt 0.569819 0.606053
vt 0.569819 0.698468
vt 0.455170 0.737363
vt 0.441524 0.767599
vt 0.441524 0.737363
vt 0.409557 0.753561
vt 0.402611 0.753561
vt 0.697031 0.771117
vt 0.243759 0.773574
vt 0.216773 0.773574
vt 0.720330 0.605720
vt 0.333372 0.737005
vt 0.294371 0.336093
vt 0.988009 0.291113
vt 0.177990 0.949518
vt 0.563908 0.940769
vt 0.833825 0.251003
vt 0.563315 0.739850
vt 0.856837 0.158855
vt 0.926178 0.290344
vt 0.261267 0.301505
vt 0.985719 0.016305
vt 0.610619 0.298069
vt 0.858848 0.063664
vt 0.828010 0.063664
vt 0.895094 0.064187
vt 0.858848 0.063664
vt 0.615208 0.741788
vt 0.234811 0.223720
vt 0.023122 0.169858
vt 0.864220 0.746951
vt 0.939800 0.958851
vt 0.275886 0.941233
vt 0.695072 0.934497
vt 0.819440 0.375681
vt 0.829649 0.374712
vt 0.839899 0.374389
vt 0.839899 0.702243
vt 0.829649 0.701920
vt 0.819440 0.700951
vt 0.799304 0.697093
vt 0.789456 0.694220
vt 0.779807 0.690732
vt 0.770396 0.686642
vt 0.761259 0.681967
vt 0.752432 0.676725
vt 0.743950 0.670936
vt 0.735847 0.664624
vt 0.728155 0.657814
vt 0.720904 0.650532
vt 0.714122 0.642807
vt 0.707837 0.634670
vt 0.702073 0.626153
vt 0.696852 0.617289
vt 0.692197 0.608113
vt 0.684650 0.588973
vt 0.681789 0.579083
vt 0.679552 0.569033
vt 0.677948 0.558862
vt 0.676983 0.548609
vt 0.676661 0.538316
vt 0.676983 0.528023
vt 0.677948 0.517771
vt 0.679552 0.507599
vt 0.681789 0.497549
vt 0.684650 0.487660
vt 0.688124 0.477971
vt 0.692197 0.468519
vt 0.696852 0.459344
vt 0.702072 0.450480
vt 0.714122 0.433825
vt 0.720903 0.426100
vt 0.728155 0.418818
vt 0.735847 0.412008
vt 0.743950 0.405696
vt 0.752432 0.399908
vt 0.761258 0.394666
vt 0.770396 0.389990
vt 0.779807 0.385900
vt 0.789456 0.382412
vt 0.799303 0.379539
vt 0.809311 0.377292
vt 0.014066 0.700084
vt 0.014066 0.372229
vt 0.024316 0.372553
vt 0.034525 0.373522
vt 0.044654 0.375133
vt 0.054662 0.377379
vt 0.074158 0.383741
vt 0.083569 0.387831
vt 0.092707 0.392506
vt 0.101533 0.397748
vt 0.110015 0.403537
vt 0.118118 0.409849
vt 0.125810 0.416659
vt 0.133061 0.423941
vt 0.139843 0.431666
vt 0.146128 0.439803
vt 0.151892 0.448320
vt 0.157113 0.457184
vt 0.161768 0.466360
vt 0.165841 0.475811
vt 0.169315 0.485501
vt 0.174413 0.505440
vt 0.176017 0.515611
vt 0.176982 0.525864
vt 0.177304 0.536157
vt 0.176982 0.546450
vt 0.176017 0.556702
vt 0.174413 0.566874
vt 0.172176 0.576924
vt 0.169315 0.586813
vt 0.165841 0.596503
vt 0.161768 0.605954
vt 0.157112 0.615129
vt 0.151892 0.623994
vt 0.146128 0.632511
vt 0.139843 0.640648
vt 0.125810 0.655655
vt 0.118118 0.662465
vt 0.110015 0.668777
vt 0.101533 0.674565
vt 0.092706 0.679807
vt 0.083569 0.684483
vt 0.074158 0.688573
vt 0.064509 0.692061
vt 0.054661 0.694934
vt 0.044653 0.697180
vt 0.034525 0.698791
vt 0.024315 0.699760
vt 0.329797 0.706740
vt 0.330974 0.363881
vt 0.183498 0.363598
vt 0.917134 0.639165
vt 0.524425 0.364248
vt 0.522777 0.707024
vt 0.908022 0.639165
vt 0.215292 0.241898
vt 0.515790 0.765206
vt 0.668564 0.770896
vt 0.395100 0.409751
vt 0.572509 0.515077
vt 0.272226 0.775268
vt 0.328021 0.214114
vt 0.533243 0.753878
vt 0.392138 0.574927
vt 0.572509 0.410084
vt 0.572213 0.748738
vt 0.395664 0.409751
vt 0.749355 0.214114
vt 0.220674 0.409751
vt 0.640097 0.770896
vt 0.572509 0.575260
vt 0.533243 0.726036
vt 0.640097 0.770896
vt 0.300693 0.770005
vt 0.243759 0.605720
vt 0.787064 0.725703
vt 0.566102 0.720896
vt 0.777822 0.214114
vt 0.243759 0.775322
vt 0.572509 0.394395
vt 0.556173 0.726036
vt 0.720217 0.752132
vt 0.760078 0.610074
vt 0.395664 0.606053
vt 0.395664 0.654771
vt 0.395664 0.673133
vt 0.395664 0.720342
vt 0.556173 0.704336
vt 0.510313 0.606053
vt 0.533243 0.759790
vt 0.533243 0.726035
vt 0.464454 0.737363
vt 0.418594 0.606053
vt 0.455303 0.759790
vt 0.487383 0.759790
vt 0.760078 0.752131
vt 0.379232 0.752132
vt 0.215292 0.425439
vt 0.464454 0.737363
vt 0.749355 0.394395
vt 0.572509 0.590364
vt 0.455303 0.737363
vt 0.533243 0.606053
vt 0.737149 0.752131
vt 0.356302 0.605720
vt 0.326426 0.709162
vt 0.326426 0.616746
vt 0.295512 0.709162
vt 0.288566 0.709162
vt 0.281619 0.709162
vt 0.281619 0.616746
vt 0.250706 0.709162
vt 0.379232 0.752986
vt 0.710678 0.575260
vt 0.455170 0.767599
vt 0.409557 0.740214
vt 0.710678 0.771117
vt 0.697031 0.575260
s 0
g off
g Cuerpo_Material.005
usemtl Material.005
f 4/1/1 107/2/1 105/3/1
f 6/4/2 109/5/2 107/2/2
f 8/6/3 111/7/3 109/5/3
f 10/8/4 113/9/4 111/7/4
f 12/10/5 115/11/5 113/9/5
f 14/12/6 117/13/6 115/11/6
f 16/14/7 119/15/7 117/13/7
f 18/16/8 121/17/8 119/15/8
f 20/18/9 123/19/9 121/17/9
f 22/20/10 125/21/10 123/19/10
f 24/22/11 127/23/11 125/21/11
f 26/24/12 129/25/12 127/23/12
f 28/26/13 131/27/13 129/25/13
f 30/28/14 133/29/14 131/27/14
f 32/30/15 135/31/15 133/29/15
f 34/32/16 137/33/16 135/34/16
f 36/35/17 139/36/17 137/33/17
f 38/37/18 141/38/18 139/36/18
f 40/39/19 143/40/19 141/38/19
f 42/41/20 145/42/20 143/40/20
f 44/43/21 147/44/21 145/42/21
f 46/45/22 149/46/22 147/44/22
f 48/47/23 151/48/23 149/46/23
f 50/49/24 153/50/24 151/48/24
f 52/51/25 155/52/25 153/50/25
f 54/53/26 157/54/26 155/52/26
f 56/55/27 159/56/27 157/54/27
f 58/57/28 161/58/28 159/56/28
f 161/58/29 62/59/29 163/60/29
f 163/60/30 64/61/30 165/62/30
f 165/62/31 66/63/31 167/64/31
f 167/64/32 68/65/32 169/66/32
f 169/66/33 70/67/33 171/68/33
f 171/68/34 72/69/34 173/70/34
f 173/70/35 74/71/35 175/72/35
f 175/73/36 76/74/36 177/75/36
f 177/75/37 78/76/37 179/77/37
f 179/77/38 80/78/38 181/79/38
f 181/79/39 82/80/39 183/81/39
f 183/81/40 84/82/40 185/83/40
f 185/83/41 86/84/41 187/85/41
f 187/85/42 88/86/42 189/87/42
f 189/87/43 90/88/43 191/89/43
f 191/89/44 92/90/44 193/91/44
f 193/91/45 94/92/45 195/93/45
f 195/93/46 96/94/46 197/95/46
f 197/95/47 98/96/47 199/97/47
f 199/97/48 100/98/48 201/99/48
f 201/99/49 102/100/49 203/101/49
f 203/101/50 2/102/50 104/103/50
f 77/104/37 309/105/37 75/106/37
f 13/107/5 245/108/5 11/109/5
f 2/110/51 210/111/51 206/112/51
f 106/113/51 444/114/51 342/115/51
f 204/116/50 1/117/50 101/118/50
f 203/101/50 340/119/50 439/120/50
f 202/121/49 101/118/49 99/122/49
f 201/99/49 439/120/49 437/123/49
f 200/124/48 99/122/48 97/125/48
f 199/97/48 437/123/48 435/126/48
f 198/127/47 97/125/47 95/128/47
f 197/95/47 435/126/47 433/129/47
f 196/130/46 95/128/46 93/131/46
f 195/93/46 433/129/46 431/132/46
f 194/133/45 93/131/45 91/134/45
f 429/135/45 195/93/45 431/132/45
f 192/136/44 91/134/44 89/137/44
f 191/89/44 429/135/44 427/138/44
f 190/139/43 89/137/43 87/140/43
f 189/87/43 427/138/43 425/141/43
f 188/142/42 87/140/42 85/143/42
f 187/85/42 425/141/42 423/144/42
f 186/145/41 85/143/41 83/146/41
f 185/83/41 423/144/41 421/147/41
f 184/148/40 83/146/40 81/149/40
f 183/81/40 421/147/40 419/150/40
f 182/151/39 81/149/39 79/152/39
f 181/79/39 419/150/39 417/153/39
f 180/154/38 79/152/38 77/104/38
f 179/77/38 417/153/38 415/155/38
f 178/156/37 77/104/37 75/106/37
f 177/75/37 415/155/37 413/157/37
f 176/158/36 75/106/36 73/159/36
f 175/73/36 413/157/36 411/160/36
f 174/161/35 73/162/35 71/163/35
f 173/70/35 411/164/35 409/165/35
f 172/166/34 71/163/34 69/167/34
f 171/68/34 409/165/34 407/168/34
f 170/169/33 69/167/33 67/170/33
f 169/66/33 407/168/33 405/171/33
f 168/172/52 67/170/52 65/173/52
f 167/64/32 405/171/32 403/174/32
f 63/175/31 168/172/31 65/173/31
f 165/62/31 403/174/31 401/176/31
f 164/177/30 63/175/30 61/178/30
f 163/60/30 401/176/30 399/179/30
f 162/180/29 61/178/29 59/181/29
f 161/58/29 399/179/29 397/182/29
f 160/183/28 59/181/28 57/184/28
f 159/56/28 397/182/28 395/185/28
f 158/186/27 57/184/27 55/187/27
f 157/54/27 395/185/27 393/188/27
f 156/189/26 55/187/26 53/190/26
f 155/52/26 393/188/26 391/191/26
f 154/192/25 53/190/25 51/193/25
f 153/50/25 391/191/25 389/194/25
f 152/195/24 51/193/24 49/196/24
f 151/48/24 389/194/24 387/197/24
f 150/198/23 49/196/23 47/199/23
f 149/46/23 387/197/23 385/200/23
f 148/201/22 47/199/22 45/202/22
f 147/44/22 385/200/22 383/203/22
f 146/204/21 45/202/21 43/205/21
f 145/42/21 383/203/21 381/206/21
f 41/207/20 146/204/20 43/205/20
f 143/40/20 381/206/20 379/208/20
f 142/209/19 41/207/19 39/210/19
f 141/38/19 379/208/19 377/211/19
f 37/212/18 142/209/18 39/210/18
f 139/36/18 377/211/18 375/213/18
f 35/214/17 140/215/17 37/212/17
f 137/33/17 375/213/17 373/216/17
f 136/217/16 35/214/16 33/218/16
f 135/34/16 373/216/16 371/219/16
f 31/220/15 136/221/15 33/222/15
f 133/29/15 371/223/15 369/224/15
f 29/225/14 134/226/14 31/220/14
f 131/27/14 369/224/14 367/227/14
f 27/228/13 132/229/13 29/225/13
f 129/25/13 367/227/13 365/230/13
f 25/231/12 130/232/12 27/228/12
f 127/23/12 365/230/12 363/233/12
f 23/234/11 128/235/11 25/231/11
f 125/21/11 363/233/11 361/236/11
f 21/237/10 126/238/10 23/234/10
f 123/19/10 361/236/10 359/239/10
f 19/240/9 124/241/9 21/237/9
f 121/17/9 359/239/9 357/242/9
f 17/243/8 122/244/8 19/240/8
f 119/15/8 357/242/8 355/245/8
f 118/246/7 17/243/7 15/247/7
f 117/13/7 355/245/7 353/248/7
f 116/249/6 15/247/6 13/107/6
f 115/11/6 353/248/6 351/250/6
f 11/109/5 116/249/5 13/107/5
f 113/9/5 351/250/5 349/251/5
f 9/252/4 114/253/4 11/109/4
f 111/7/4 349/251/4 347/254/4
f 7/255/3 112/256/3 9/252/3
f 345/257/3 111/7/3 347/254/3
f 5/258/2 110/259/2 7/255/2
f 107/2/2 345/257/2 343/260/2
f 3/261/1 108/262/1 5/258/1
f 105/3/1 343/260/1 341/263/1
f 212/264/53 218/265/53 210/266/53
f 208/267/53 215/268/53 207/269/53
f 205/270/54 446/271/54 442/272/54
f 105/273/53 227/274/53 4/275/53
f 104/276/51 442/277/51 340/278/51
f 3/279/53 223/280/53 106/281/53
f 1/282/51 208/283/51 3/284/51
f 213/285/51 218/286/51 220/287/51
f 219/288/51 216/289/51 217/290/51
f 213/285/51 447/291/51 446/292/51
f 211/293/54 217/294/54 209/295/54
f 205/296/54 214/297/54 213/298/54
f 1/299/55 234/300/55 209/301/55
f 106/302/56 230/303/56 207/304/56
f 221/305/51 232/306/51 231/307/51
f 226/308/51 234/309/51 225/310/51
f 223/311/51 233/312/51 230/313/51
f 228/314/51 236/315/51 227/316/51
f 104/317/57 231/318/57 205/319/57
f 212/320/57 228/319/57 105/321/57
f 103/322/54 225/323/54 1/324/54
f 207/325/54 233/326/54 208/327/54
f 104/328/54 222/329/54 221/330/54
f 206/299/58 222/300/58 2/301/58
f 208/299/59 224/300/59 3/301/59
f 212/331/54 236/332/54 229/333/54
f 205/334/53 232/335/53 206/336/53
f 4/299/60 236/300/60 210/301/60
f 209/337/53 235/338/53 211/339/53
f 211/340/56 226/341/56 103/317/56
f 332/342/56 300/343/56 268/344/56
f 247/345/57 279/346/57 311/347/57
f 60/348/29 296/349/29 62/59/29
f 31/220/14 263/350/14 29/225/14
f 14/12/6 250/351/6 16/14/6
f 95/128/46 327/352/46 93/131/46
f 78/76/38 314/353/38 80/78/38
f 49/196/23 281/354/23 47/199/23
f 32/30/15 268/355/15 34/356/15
f 96/94/47 332/357/47 98/96/47
f 67/170/52 299/358/52 65/173/52
f 50/49/24 286/359/24 52/51/24
f 21/237/9 253/360/9 19/240/9
f 6/4/1 240/361/1 239/362/1
f 85/143/41 317/363/41 83/146/41
f 68/65/33 304/364/33 70/67/33
f 39/210/18 271/365/18 37/212/18
f 22/20/10 258/366/10 24/22/10
f 1/117/50 335/367/50 101/118/50
f 86/84/42 322/368/42 88/86/42
f 57/184/27 289/369/27 55/187/27
f 40/39/19 276/370/19 42/41/19
f 11/109/4 243/371/4 9/252/4
f 75/106/36 307/372/36 73/159/36
f 58/57/28 294/373/28 60/348/28
f 29/225/13 261/374/13 27/228/13
f 12/10/5 248/375/5 14/12/5
f 93/131/45 325/376/45 91/134/45
f 76/74/37 312/377/37 78/76/37
f 47/199/22 279/378/22 45/202/22
f 30/28/14 266/379/14 32/30/14
f 94/92/46 330/380/46 96/94/46
f 65/173/31 297/381/31 63/175/31
f 48/47/23 284/382/23 50/49/23
f 19/240/8 251/383/8 17/243/8
f 83/146/40 315/384/40 81/149/40
f 66/63/52 302/385/52 68/65/52
f 37/212/17 269/386/17 35/214/17
f 20/18/9 256/387/9 22/20/9
f 101/118/49 333/388/49 99/122/49
f 84/82/41 320/389/41 86/84/41
f 55/187/26 287/390/26 53/190/26
f 38/37/18 274/391/18 40/39/18
f 9/252/3 241/392/3 7/255/3
f 102/100/50 338/393/50 2/102/50
f 73/162/35 305/394/35 71/163/35
f 56/55/27 292/395/27 58/57/27
f 27/228/12 259/396/12 25/231/12
f 10/8/4 246/397/4 12/10/4
f 91/134/44 323/398/44 89/137/44
f 74/399/36 310/400/36 76/74/36
f 45/202/21 277/401/21 43/205/21
f 28/26/13 264/402/13 30/28/13
f 92/90/45 328/403/45 94/92/45
f 63/175/30 295/404/30 61/178/30
f 46/45/22 282/405/22 48/47/22
f 17/243/7 249/406/7 15/247/7
f 81/149/39 313/407/39 79/152/39
f 64/61/31 300/408/31 66/63/31
f 35/214/16 267/409/16 33/218/16
f 18/16/8 254/410/8 20/18/8
f 99/122/48 331/411/48 97/125/48
f 82/80/40 318/412/40 84/82/40
f 53/190/25 285/413/25 51/193/25
f 36/35/17 272/414/17 38/37/17
f 7/255/2 238/415/2 5/258/2
f 100/98/49 336/416/49 102/100/49
f 71/163/34 303/417/34 69/167/34
f 54/53/26 290/418/26 56/55/26
f 25/231/11 257/419/11 23/234/11
f 8/6/3 244/420/3 10/8/3
f 3/284/51 337/421/51 1/282/51
f 89/137/43 321/422/43 87/140/43
f 72/69/35 308/423/35 74/71/35
f 43/205/20 275/424/20 41/207/20
f 26/24/12 262/425/12 28/26/12
f 90/88/44 326/426/44 92/90/44
f 61/178/29 293/427/29 59/181/29
f 44/43/21 280/428/21 46/45/21
f 15/247/6 247/429/6 13/107/6
f 79/152/38 311/430/38 77/104/38
f 62/59/30 298/431/30 64/61/30
f 33/222/15 265/432/15 31/220/15
f 16/14/7 252/433/7 18/16/7
f 97/125/47 329/434/47 95/128/47
f 80/78/39 316/435/39 82/80/39
f 51/193/24 283/436/24 49/196/24
f 34/32/16 270/437/16 36/35/16
f 5/258/1 237/438/1 3/261/1
f 98/96/48 334/439/48 100/98/48
f 69/167/33 301/440/33 67/170/33
f 52/51/25 288/441/25 54/53/25
f 23/234/10 255/442/10 21/237/10
f 6/4/2 242/443/2 8/6/2
f 87/140/42 319/444/42 85/143/42
f 70/67/34 306/445/34 72/69/34
f 41/207/19 273/446/19 39/210/19
f 24/22/11 260/447/11 26/24/11
f 2/110/51 240/448/51 4/449/51
f 88/86/43 324/450/43 90/88/43
f 59/181/28 291/451/28 57/184/28
f 42/41/20 278/452/20 44/43/20
f 501/301/53 448/453/53 503/300/53
f 445/454/51 215/455/51 219/288/51
f 446/292/51 503/456/51 502/457/51
f 339/458/51 211/459/51 103/460/51
f 340/278/51 500/461/51 449/462/51
f 441/463/54 219/464/54 211/465/54
f 442/272/54 502/466/54 500/467/54
f 342/468/1 108/262/1 106/469/1
f 450/470/1 343/260/1 451/471/1
f 344/472/2 110/259/2 108/262/2
f 451/471/2 345/257/2 452/473/2
f 346/474/3 112/256/3 110/259/3
f 345/257/3 453/475/3 452/473/3
f 348/476/4 114/253/4 112/256/4
f 347/254/4 454/477/4 453/475/4
f 350/478/5 116/249/5 114/253/5
f 349/251/5 455/479/5 454/477/5
f 352/480/6 118/246/6 116/249/6
f 455/479/6 353/248/6 456/481/6
f 354/482/7 120/483/7 118/246/7
f 353/248/7 457/484/7 456/481/7
f 356/485/8 122/244/8 120/483/8
f 457/484/8 357/242/8 458/486/8
f 358/487/9 124/241/9 122/244/9
f 357/242/9 459/488/9 458/486/9
f 360/489/10 126/238/10 124/241/10
f 359/239/10 460/490/10 459/488/10
f 362/491/11 128/235/11 126/238/11
f 361/236/11 461/492/11 460/490/11
f 364/493/12 130/232/12 128/235/12
f 363/233/12 462/494/12 461/492/12
f 366/495/13 132/229/13 130/232/13
f 462/494/13 367/227/13 463/496/13
f 368/497/14 134/226/14 132/229/14
f 367/227/14 464/498/14 463/496/14
f 370/499/15 136/221/15 134/226/15
f 464/498/15 371/223/15 465/500/15
f 372/501/16 138/502/16 136/217/16
f 371/219/16 466/503/16 465/504/16
f 374/505/17 140/215/17 138/502/17
f 466/503/17 375/213/17 467/506/17
f 376/507/18 142/209/18 140/215/18
f 375/213/18 468/508/18 467/506/18
f 378/509/19 144/510/19 142/209/19
f 377/211/19 469/511/19 468/508/19
f 380/512/20 146/204/20 144/510/20
f 379/208/20 470/513/20 469/511/20
f 382/514/21 148/201/21 146/204/21
f 381/206/21 471/515/21 470/513/21
f 384/516/22 150/198/22 148/201/22
f 383/203/22 472/517/22 471/515/22
f 386/518/23 152/195/23 150/198/23
f 385/200/23 473/519/23 472/517/23
f 388/520/24 154/192/24 152/195/24
f 387/197/24 474/521/24 473/519/24
f 390/522/25 156/189/25 154/192/25
f 389/194/25 475/523/25 474/521/25
f 392/524/26 158/186/26 156/189/26
f 391/191/26 476/525/26 475/523/26
f 394/526/27 160/183/27 158/186/27
f 393/188/27 477/527/27 476/525/27
f 396/528/28 162/180/28 160/183/28
f 395/185/28 478/529/28 477/527/28
f 162/180/29 400/530/29 164/177/29
f 397/182/29 479/531/29 478/529/29
f 400/530/30 166/532/30 164/177/30
f 399/179/30 480/533/30 479/531/30
f 402/534/31 168/172/31 166/532/31
f 401/176/31 481/535/31 480/533/31
f 404/536/52 170/169/52 168/172/52
f 403/174/52 482/537/52 481/535/52
f 406/538/33 172/166/33 170/169/33
f 405/171/33 483/539/33 482/537/33
f 172/166/34 410/540/34 174/161/34
f 407/168/34 484/541/34 483/539/34
f 410/540/35 176/542/35 174/161/35
f 409/165/35 485/543/35 484/541/35
f 412/544/36 178/156/36 176/158/36
f 411/160/36 486/545/36 485/546/36
f 414/547/37 180/154/37 178/156/37
f 413/157/37 487/548/37 486/545/37
f 416/549/38 182/151/38 180/154/38
f 415/155/38 488/550/38 487/548/38
f 418/551/39 184/148/39 182/151/39
f 417/153/39 489/552/39 488/550/39
f 184/148/40 422/553/40 186/145/40
f 419/150/40 490/554/40 489/552/40
f 186/145/41 424/555/41 188/142/41
f 421/147/41 491/556/41 490/554/41
f 424/555/42 190/139/42 188/142/42
f 423/144/42 492/557/42 491/556/42
f 426/558/43 192/136/43 190/139/43
f 425/141/43 493/559/43 492/557/43
f 428/560/44 194/133/44 192/136/44
f 427/138/44 494/561/44 493/559/44
f 430/562/45 196/130/45 194/133/45
f 429/135/45 495/563/45 494/561/45
f 432/564/46 198/127/46 196/130/46
f 431/132/46 496/565/46 495/563/46
f 434/566/47 200/124/47 198/127/47
f 433/129/47 497/567/47 496/565/47
f 436/568/48 202/121/48 200/124/48
f 435/126/48 498/569/48 497/567/48
f 438/570/49 204/116/49 202/121/49
f 437/123/49 499/571/49 498/569/49
f 440/572/50 103/573/50 204/116/50
f 439/120/50 449/574/50 499/571/50
f 341/575/51 212/576/51 105/577/51
f 342/115/51 501/578/51 450/579/51
f 450/579/51 443/580/51 341/575/51
f 499/571/50 339/581/50 440/572/50
f 498/569/49 440/572/49 438/570/49
f 497/567/48 438/570/48 436/568/48
f 496/565/47 436/568/47 434/566/47
f 495/563/46 434/566/46 432/564/46
f 494/561/45 432/564/45 430/562/45
f 493/559/44 430/562/44 428/560/44
f 492/557/43 428/560/43 426/558/43
f 491/556/42 426/558/42 424/555/42
f 490/554/41 424/555/41 422/553/41
f 489/552/40 422/553/40 420/582/40
f 488/550/39 420/582/39 418/551/39
f 487/548/38 418/551/38 416/549/38
f 486/545/37 416/549/37 414/547/37
f 485/546/36 414/547/36 412/544/36
f 484/541/35 412/583/35 410/540/35
f 483/539/34 410/540/34 408/584/34
f 482/537/33 408/584/33 406/538/33
f 481/535/32 406/538/32 404/536/32
f 480/533/31 404/536/31 402/534/31
f 479/531/30 402/534/30 400/530/30
f 478/529/29 400/530/29 398/585/29
f 477/527/28 398/585/28 396/528/28
f 476/525/27 396/528/27 394/526/27
f 475/523/26 394/526/26 392/524/26
f 474/521/25 392/524/25 390/522/25
f 473/519/24 390/522/24 388/520/24
f 472/517/23 388/520/23 386/518/23
f 471/515/22 386/518/22 384/516/22
f 470/513/21 384/516/21 382/514/21
f 469/511/20 382/514/20 380/512/20
f 468/508/19 380/512/19 378/509/19
f 467/506/18 378/509/18 376/507/18
f 466/503/17 376/507/17 374/505/17
f 465/504/16 374/505/16 372/501/16
f 464/498/15 372/586/15 370/499/15
f 368/497/14 464/498/14 370/499/14
f 462/494/13 368/497/13 366/495/13
f 461/492/12 366/495/12 364/493/12
f 460/490/11 364/493/11 362/491/11
f 459/488/10 362/491/10 360/489/10
f 458/486/9 360/489/9 358/487/9
f 356/485/8 458/486/8 358/487/8
f 456/481/7 356/485/7 354/482/7
f 455/479/6 354/482/6 352/480/6
f 454/477/5 352/480/5 350/478/5
f 348/476/4 454/477/4 350/478/4
f 452/473/3 348/476/3 346/474/3
f 451/471/2 346/474/2 344/472/2
f 342/468/1 451/471/1 344/472/1
f 500/467/54 445/587/54 441/463/54
f 449/462/51 441/588/51 339/458/51
f 502/457/51 448/589/51 445/454/51
f 443/301/53 503/453/53 447/300/53
f 540/590/54 565/591/54 541/592/54
f 508/593/51 537/594/51 535/595/51
f 515/596/56 560/597/56 520/598/56
f 531/599/56 546/600/56 530/601/56
f 506/602/57 509/603/57 505/604/57
f 511/605/56 504/606/56 507/607/56
f 512/608/54 531/609/54 530/610/54
f 513/611/54 516/612/54 512/608/54
f 509/603/57 521/613/57 505/604/57
f 515/610/53 518/614/53 514/615/53
f 516/616/51 529/617/51 531/618/51
f 517/619/51 519/620/51 516/616/51
f 528/621/61 512/622/61 530/623/61
f 512/622/61 514/624/61 513/625/61
f 532/626/53 523/627/53 533/628/53
f 526/629/53 539/630/53 538/631/53
f 507/607/56 524/632/56 511/605/56
f 519/620/51 533/633/51 529/617/51
f 518/634/57 526/635/57 514/636/57
f 537/594/51 524/637/51 539/638/51
f 538/631/53 559/639/53 526/629/53
f 519/640/56 520/598/56 522/641/56
f 529/617/51 523/642/51 509/643/51
f 520/644/53 533/628/53 522/645/53
f 505/604/57 552/646/57 506/602/57
f 531/618/51 509/643/51 510/647/51
f 534/648/57 542/649/57 535/650/57
f 506/602/57 566/651/57 544/652/57
f 528/653/56 563/654/56 550/655/56
f 518/656/51 539/638/51 527/657/51
f 538/631/53 524/627/53 525/658/53
f 534/659/54 517/660/54 513/611/54
f 535/595/51 518/656/51 517/619/51
f 514/624/61 534/661/61 513/625/61
f 540/590/54 543/662/54 542/663/54
f 546/664/54 545/665/54 544/666/54
f 507/607/56 562/667/56 525/668/56
f 506/602/57 545/669/57 510/670/57
f 510/647/51 547/671/51 531/618/51
f 508/672/56 541/673/56 504/606/56
f 507/607/56 549/674/56 553/675/56
f 535/595/51 543/676/51 508/593/51
f 554/677/61 549/678/61 548/679/61
f 550/680/61 557/661/61 556/681/61
f 555/682/61 558/683/61 554/677/61
f 551/684/61 563/685/61 552/686/61
f 561/687/61 556/681/61 560/688/61
f 554/677/61 562/689/61 553/690/61
f 563/685/61 566/691/61 552/686/61
f 549/678/61 564/692/61 548/679/61
f 526/635/57 555/693/57 514/636/57
f 530/601/53 1319/654/53 563/654/53
f 521/613/57 551/694/57 505/604/57
f 514/695/54 554/696/54 536/697/54
f 536/698/57 548/699/57 534/648/57
f 528/700/54 561/701/54 515/702/54
f 544/666/54 567/703/54 546/664/54
f 541/673/56 549/674/56 504/606/56
f 525/658/53 558/704/53 538/631/53
f 520/644/53 556/705/53 532/626/53
f 548/699/53 1320/648/53 534/648/53
f 532/626/53 557/706/53 521/707/53
f 670/708/56 989/709/56 925/710/56
f 773/711/54 984/712/54 772/713/54
f 674/714/62 571/715/62 672/716/62
f 676/717/63 573/718/63 674/714/63
f 678/719/64 575/720/64 676/717/64
f 680/721/65 577/722/65 678/719/65
f 682/723/66 579/724/66 680/721/66
f 684/725/67 581/726/67 682/723/67
f 686/727/68 583/728/68 684/725/68
f 688/729/69 585/730/69 686/727/69
f 690/731/70 587/732/70 688/729/70
f 692/733/71 589/734/71 690/731/71
f 694/735/72 591/736/72 692/733/72
f 696/641/73 593/737/73 694/735/73
f 698/738/74 595/739/74 696/740/74
f 700/741/75 597/742/75 698/738/75
f 702/743/76 599/744/76 700/741/76
f 704/745/77 601/746/77 702/743/77
f 706/747/78 603/748/78 704/745/78
f 708/749/79 605/750/79 706/747/79
f 710/751/80 607/752/80 708/749/80
f 712/753/81 609/754/81 710/751/81
f 714/755/82 611/756/82 712/753/82
f 716/757/83 613/758/83 714/755/83
f 718/759/84 615/760/84 716/757/84
f 720/761/85 617/762/85 718/759/85
f 722/763/86 619/764/86 720/761/86
f 724/765/87 621/766/87 722/763/87
f 726/767/88 623/768/88 724/765/88
f 726/767/89 627/769/89 625/770/89
f 728/771/90 629/772/90 627/769/90
f 730/773/91 631/774/91 629/772/91
f 732/775/92 633/776/92 631/774/92
f 734/777/93 635/778/93 633/776/93
f 736/779/94 637/780/94 635/778/94
f 738/781/95 639/782/95 637/780/95
f 740/783/96 641/784/96 639/782/96
f 742/785/97 643/786/97 641/784/97
f 744/787/98 645/788/98 643/786/98
f 746/789/99 647/790/99 645/788/99
f 748/791/100 649/792/100 647/793/100
f 750/794/101 651/795/101 649/792/101
f 752/796/102 653/797/102 651/795/102
f 754/798/103 655/799/103 653/797/103
f 756/800/104 657/801/104 655/799/104
f 758/802/105 659/803/105 657/801/105
f 760/804/106 661/805/106 659/803/106
f 762/806/107 663/807/107 661/805/107
f 764/808/108 665/809/108 663/807/108
f 766/810/109 667/811/109 665/809/109
f 768/812/110 669/813/110 667/811/110
f 770/814/111 569/815/111 669/813/111
f 568/816/111 771/814/111 668/817/111
f 668/817/110 769/818/110 666/819/110
f 666/819/109 767/820/109 664/821/109
f 664/821/108 765/808/108 662/822/108
f 662/822/107 763/806/107 660/823/107
f 660/823/106 761/804/106 658/824/106
f 658/824/105 759/802/105 656/825/105
f 656/825/104 757/800/104 654/826/104
f 654/826/103 755/798/103 652/827/103
f 650/828/102 755/798/102 753/796/102
f 650/828/101 751/794/101 648/829/101
f 648/829/100 749/791/100 646/830/100
f 646/831/99 747/832/99 644/833/99
f 644/833/98 745/834/98 642/835/98
f 642/835/97 743/836/97 640/837/97
f 640/837/96 741/838/96 638/839/96
f 638/839/95 739/840/95 636/841/95
f 636/841/94 737/842/94 634/843/94
f 634/843/93 735/844/93 632/845/93
f 632/845/92 733/846/92 630/847/92
f 630/847/91 731/848/91 628/849/91
f 628/849/90 729/850/90 626/851/90
f 626/851/89 727/852/89 624/853/89
f 624/853/88 725/854/88 622/855/88
f 622/855/87 723/856/87 620/857/87
f 620/857/86 721/858/86 618/859/86
f 618/859/85 719/860/85 616/861/85
f 616/861/84 717/862/84 614/863/84
f 614/863/83 715/864/83 612/865/83
f 612/865/82 713/866/82 610/867/82
f 610/867/81 711/868/81 608/869/81
f 608/869/112 709/870/112 606/871/112
f 604/872/79 709/870/79 707/873/79
f 602/874/78 707/873/78 705/875/78
f 600/876/77 705/875/77 703/877/77
f 598/878/76 703/877/76 701/879/76
f 598/878/75 699/880/75 596/881/75
f 596/881/74 697/882/74 594/883/74
f 592/884/73 697/885/73 695/886/73
f 590/887/72 695/886/72 693/888/72
f 588/889/71 693/888/71 691/890/71
f 588/889/70 689/891/70 586/892/70
f 584/893/69 689/891/69 687/894/69
f 582/895/113 687/894/113 685/896/113
f 580/897/67 685/896/67 683/898/67
f 578/899/66 683/898/66 681/900/66
f 576/901/65 681/900/65 679/902/65
f 574/903/64 679/902/64 677/904/64
f 572/905/63 677/904/63 675/906/63
f 570/907/62 675/906/62 673/908/62
f 778/909/114 927/910/114 926/911/114
f 777/912/2 928/913/2 927/910/2
f 781/914/3 929/915/3 928/913/3
f 784/916/4 930/917/4 929/915/4
f 787/918/5 931/919/5 930/917/5
f 790/920/6 932/921/6 931/919/6
f 793/922/115 933/923/115 932/921/115
f 796/924/8 934/925/8 933/923/8
f 799/926/9 935/927/9 934/925/9
f 802/928/10 936/929/10 935/927/10
f 805/930/11 937/931/11 936/929/11
f 808/932/12 938/933/12 937/931/12
f 811/934/13 939/935/13 938/933/13
f 814/936/14 940/937/14 939/938/14
f 817/939/15 941/940/15 940/937/15
f 820/941/16 942/942/16 941/940/16
f 823/943/17 943/944/17 942/942/17
f 826/945/18 944/946/18 943/944/18
f 829/947/19 945/948/19 944/946/19
f 832/949/20 946/950/20 945/948/20
f 835/951/21 947/952/21 946/950/21
f 947/952/22 841/953/22 948/954/22
f 841/953/23 949/955/23 948/954/23
f 844/956/24 950/957/24 949/955/24
f 950/957/25 850/958/25 951/959/25
f 850/958/26 952/960/26 951/959/26
f 853/961/27 953/962/27 952/960/27
f 856/963/28 954/964/28 953/962/28
f 954/964/29 862/965/29 955/966/29
f 955/966/30 865/967/30 956/968/30
f 956/968/31 868/969/31 957/970/31
f 957/970/52 871/971/52 958/972/52
f 958/972/33 874/973/33 959/974/33
f 959/974/34 877/975/34 960/976/34
f 960/976/35 880/977/35 961/978/35
f 961/978/36 883/979/36 962/980/36
f 962/980/37 886/981/37 963/982/37
f 963/983/38 889/984/38 964/985/38
f 964/985/39 892/986/39 965/987/39
f 965/987/40 895/988/40 966/989/40
f 966/989/41 898/990/41 967/991/41
f 967/991/42 901/992/42 968/993/42
f 968/993/43 904/994/43 969/995/43
f 969/995/44 907/996/44 970/997/44
f 970/997/45 910/998/45 971/999/45
f 971/999/46 913/1000/46 972/1001/46
f 972/1001/47 916/1002/47 973/1003/47
f 973/1003/48 919/1004/48 974/1005/48
f 974/1005/49 922/1006/49 975/1007/49
f 975/1007/116 773/711/116 772/713/116
f 923/1008/116 924/1009/116 921/1010/116
f 920/1011/49 921/1010/49 918/1012/49
f 917/1013/48 918/1012/48 915/1014/48
f 914/1015/47 915/1014/47 912/1016/47
f 911/1017/46 912/1016/46 909/1018/46
f 908/1019/45 909/1018/45 906/1020/45
f 905/1021/44 906/1020/44 903/1022/44
f 902/1023/43 903/1022/43 900/1024/43
f 899/1025/42 900/1024/42 897/1026/42
f 896/1027/41 897/1026/41 894/1028/41
f 893/1029/40 894/1028/40 891/1030/40
f 888/1031/39 893/1029/39 891/1030/39
f 887/1032/38 888/1031/38 885/1033/38
f 884/1034/37 885/1035/37 882/1036/37
f 881/1037/36 882/1036/36 879/1038/36
f 878/1039/35 879/1038/35 876/1040/35
f 875/1041/34 876/1040/34 873/1042/34
f 872/1043/33 873/1042/33 870/1044/33
f 869/1045/32 870/1044/32 867/1046/32
f 866/1047/31 867/1046/31 864/1048/31
f 863/1049/30 864/1048/30 861/1050/30
f 858/1051/29 863/1049/29 861/1050/29
f 857/1052/28 858/1051/28 855/1053/28
f 854/1054/27 855/1053/27 852/1055/27
f 849/1056/26 854/1054/26 852/1055/26
f 848/1057/25 849/1056/25 846/1058/25
f 845/1059/24 846/1058/24 843/1060/24
f 842/1061/23 843/1060/23 840/1062/23
f 839/1063/22 840/1062/22 837/1064/22
f 836/1065/21 837/1064/21 834/1066/21
f 831/1067/20 836/1065/20 834/1066/20
f 828/1068/19 833/1069/19 831/1067/19
f 825/1070/18 830/1071/18 828/1068/18
f 824/1072/17 825/1070/17 822/1073/17
f 821/1074/16 822/1073/16 819/1075/16
f 816/1076/15 821/1074/15 819/1075/15
f 813/1077/14 818/1078/14 816/1076/14
f 812/1079/13 813/1080/13 810/1081/13
f 809/1082/12 810/1081/12 807/1083/12
f 806/1084/11 807/1083/11 804/1085/11
f 801/1086/10 806/1084/10 804/1085/10
f 798/1087/9 803/1088/9 801/1086/9
f 795/1089/8 800/1090/8 798/1087/8
f 792/1091/7 797/1092/7 795/1089/7
f 789/1093/6 794/1094/6 792/1091/6
f 786/1095/5 791/1096/5 789/1093/5
f 783/1097/4 788/1098/4 786/1095/4
f 780/1099/3 785/1100/3 783/1097/3
f 776/1101/2 782/1102/2 780/1099/2
f 775/1103/114 779/1104/114 776/1101/114
f 906/1020/44 1180/1105/44 903/1022/44
f 604/872/79 1028/1106/79 606/871/79
f 746/1107/57 964/1108/57 748/1109/57
f 820/941/16 1127/1110/16 823/943/16
f 709/1111/56 827/1112/56 707/1113/56
f 651/795/102 1075/1114/102 1073/1115/102
f 744/1116/57 961/1117/57 962/1118/57
f 705/1119/56 821/1120/56 703/1121/56
f 781/914/3 1101/1122/3 784/916/3
f 740/1123/57 959/1124/57 960/1125/57
f 627/769/89 1047/1126/89 625/770/89
f 701/1127/56 815/1128/56 699/1129/56
f 895/988/41 1177/1130/41 898/990/41
f 819/1075/15 1122/1131/15 816/1076/15
f 734/1132/57 958/1133/57 736/1134/57
f 650/828/101 1070/1135/101 1072/1136/101
f 769/1137/56 923/1138/56 920/1139/56
f 697/1140/56 809/1141/56 695/1142/56
f 601/746/76 1021/1143/76 599/744/76
f 732/1144/57 955/1145/57 956/1146/57
f 765/1147/56 917/1148/56 914/1149/56
f 691/1150/56 806/1151/56 803/1152/56
f 776/1101/2 1098/1153/2 1095/1154/2
f 728/1155/57 953/1156/57 954/1157/57
f 622/855/88 1046/1158/88 624/853/88
f 763/1159/56 908/1160/56 761/1161/56
f 689/1162/56 797/1163/56 687/1164/56
f 891/1030/40 1174/1165/40 1172/1166/40
f 988/1167/51 1200/1168/51 1201/1169/51
f 724/1170/57 951/1171/57 952/1172/57
f 598/878/75 1018/1173/75 1020/1174/75
f 759/1175/56 902/1176/56 757/1177/56
f 685/1178/56 791/1179/56 683/1180/56
f 569/815/111 1091/1181/111 669/813/111
f 720/1182/57 949/1183/57 950/1184/57
f 753/1185/56 899/1186/56 896/1187/56
f 681/1188/56 785/1189/56 679/1190/56
f 811/934/12 1117/1191/12 1119/1192/12
f 716/1193/57 947/1194/57 948/1195/57
f 645/788/98 1065/1196/98 643/786/98
f 751/1197/56 890/1198/56 749/1199/56
f 677/1200/56 779/1201/56 675/1202/56
f 922/1006/116 1195/1203/116 773/711/116
f 668/817/110 1088/1204/110 1090/1205/110
f 710/1206/57 946/1207/57 712/1208/57
f 671/1209/53 977/1210/53 569/815/53
f 619/764/85 1039/1211/85 617/762/85
f 747/1212/56 884/1213/56 745/1214/56
f 883/979/37 1169/1215/37 886/981/37
f 708/1216/57 943/1217/57 944/1218/57
f 807/1083/11 1114/1219/11 804/1085/11
f 741/1220/56 881/1221/56 878/1222/56
f 642/835/97 1062/1223/97 1064/1224/97
f 704/1225/57 941/1226/57 942/1227/57
f 593/737/72 1013/1228/72 591/736/72
f 918/1012/49 1192/1229/49 1190/1230/49
f 737/1231/56 875/1232/56 872/1233/56
f 616/861/84 1036/1234/84 1038/1235/84
f 882/1036/36 1164/1236/36 879/1038/36
f 698/1237/57 940/1238/57 700/1239/57
f 590/887/71 1010/1240/71 1012/1241/71
f 735/1242/56 866/1243/56 733/1244/56
f 661/805/107 1085/1245/107 1083/1246/107
f 768/1247/57 975/1248/57 770/1249/57
f 694/1250/57 938/1251/57 696/1252/57
f 982/1253/54 995/1254/54 1202/1255/54
f 731/1256/56 860/1257/56 729/1258/56
f 796/924/8 1111/1259/8 799/926/8
f 764/1260/57 973/1261/57 766/1262/57
f 690/1263/57 936/1264/57 692/1265/57
f 637/780/94 1057/1266/94 635/778/94
f 913/1000/46 1185/1267/46 1187/1268/46
f 727/1269/56 854/1270/56 725/1271/56
f 658/824/106 1082/1272/106 660/823/106
f 611/756/81 1031/1273/81 609/754/81
f 760/1274/57 971/1275/57 762/1276/57
f 688/1277/57 933/1278/57 934/1279/57
f 871/971/33 1161/1280/33 874/973/33
f 721/1281/56 851/1282/56 848/1283/56
f 792/1091/115 1108/1284/115 1106/1285/115
f 758/1286/57 968/1287/57 969/1288/57
f 684/1289/57 931/1290/57 932/1291/57
f 632/845/93 1056/1292/93 634/843/93
f 719/1293/56 842/1294/56 717/1295/56
f 585/730/113 1005/1296/113 583/728/113
f 752/1297/57 967/1298/57 754/1299/57
f 680/1300/57 929/1301/57 930/1302/57
f 909/1018/45 1182/1303/45 906/1020/45
f 985/1304/54 1195/1203/54 1196/1305/54
f 713/1306/56 839/1307/56 836/1308/56
f 606/871/80 1030/1309/80 608/869/80
f 867/1046/52 1158/1310/52 1156/1311/52
f 750/1312/57 964/1108/57 965/1313/57
f 676/1314/57 927/1315/57 928/1316/57
f 580/897/67 1004/1317/67 582/895/67
f 711/1318/56 830/1319/56 709/1111/56
f 653/797/103 1077/1320/103 1075/1114/103
f 744/1116/57 963/1321/57 746/1107/57
f 775/1103/53 1198/1322/53 987/1323/53
f 705/1119/56 827/1112/56 824/1324/56
f 787/918/4 1101/1122/4 1103/1325/4
f 740/1123/57 961/1117/57 742/1326/57
f 629/772/90 1049/1327/90 627/769/90
f 898/990/42 1179/1328/42 901/992/42
f 703/1121/56 818/1329/56 701/1127/56
f 650/828/102 1074/1330/102 652/827/102
f 738/1331/57 958/1133/57 959/1124/57
f 603/748/77 1023/1332/77 601/746/77
f 697/1140/56 815/1128/56 812/1333/56
f 734/1132/57 956/1146/57 957/1334/57
f 859/1335/29 1153/1336/29 862/965/29
f 695/1142/56 806/1151/56 693/1337/56
f 780/1099/3 1100/1338/3 1098/1153/3
f 728/1155/57 955/1145/57 730/1339/57
f 626/851/89 1046/1158/89 1048/1340/89
f 577/722/64 997/1341/64 575/720/64
f 689/1162/56 803/1152/56 800/1342/56
f 894/1028/41 1176/1343/41 1174/1165/41
f 724/1170/57 953/1156/57 726/1344/57
f 982/1345/51 1203/1346/51 990/1347/51
f 685/1178/56 797/1163/56 794/1348/56
f 720/1182/57 951/1171/57 722/1349/57
f 598/878/76 1022/1350/76 600/876/76
f 681/1188/56 791/1179/56 788/1351/56
f 858/1051/28 1148/1352/28 855/1053/28
f 716/1193/57 949/1183/57 718/1353/57
f 572/905/63 996/1354/63 574/903/63
f 647/790/99 1067/1355/99 645/788/99
f 679/1190/56 782/1356/56 677/1200/56
f 979/1357/51 1198/1358/51 1199/641/51
f 712/1208/57 947/1194/57 714/1359/57
f 621/766/86 1041/1360/86 619/764/86
f 675/1202/56 774/1361/56 673/1362/56
f 710/1206/57 944/1218/57 945/1363/57
f 889/984/38 1169/1364/38 1171/1365/38
f 644/833/98 1064/1224/98 1066/1366/98
f 704/1225/57 943/1217/57 706/1367/57
f 595/1368/73 1015/1369/73 593/737/73
f 921/1010/116 1194/1370/116 1192/1229/116
f 847/1371/25 1145/1372/25 850/958/25
f 700/1239/57 941/1226/57 702/1373/57
f 618/859/85 1038/1235/85 1040/1374/85
f 696/1252/57 939/1375/57 698/1237/57
f 885/1035/37 1166/1376/37 882/1036/37
f 590/887/72 1014/1377/72 592/884/72
f 771/1378/56 925/710/56 923/1138/56
f 694/1250/57 936/1264/57 937/1379/57
f 846/1058/24 1140/1380/24 843/1060/24
f 639/782/95 1059/1381/95 637/780/95
f 913/1000/47 1189/1382/47 916/1002/47
f 769/1137/56 917/1148/56 767/1383/56
f 688/1277/57 935/1384/57 690/1263/57
f 613/758/82 1033/1385/82 611/756/82
f 763/1159/56 914/1149/56 911/1386/56
f 684/1289/57 933/1278/57 686/1387/57
f 874/973/34 1163/1388/34 877/975/34
f 634/843/94 1058/1389/94 636/841/94
f 680/1300/57 931/1290/57 682/1390/57
f 761/1161/56 905/1391/56 759/1175/56
f 587/732/69 1007/1392/69 585/730/69
f 912/1016/46 1184/1393/46 909/1018/46
f 835/951/21 1137/1394/21 838/1395/21
f 678/1396/57 928/1316/57 929/1301/57
f 757/1177/56 899/1186/56 755/1397/56
f 608/869/81 1032/1398/81 610/867/81
f 674/1399/57 926/1400/57 927/1315/57
f 753/1185/56 893/1401/56 751/1197/56
f 873/1042/33 1158/1310/33 870/1044/33
f 747/1212/56 890/1198/56 887/1402/56
f 582/895/113 1006/1403/113 584/893/113
f 834/1066/20 1132/1404/20 831/1067/20
f 631/774/91 1051/1405/91 629/772/91
f 745/1214/56 881/1221/56 743/1406/56
f 901/992/43 1181/1407/43 904/994/43
f 739/1408/56 878/1222/56 875/1232/56
f 979/1409/54 992/1410/54 570/907/54
f 605/750/78 1025/1411/78 603/748/78
f 735/1242/56 872/1233/56 869/1412/56
f 862/965/30 1155/1413/30 865/967/30
f 626/851/90 1050/1414/90 628/849/90
f 770/1249/57 772/1415/57 671/1416/57
f 579/724/65 999/1417/65 577/722/65
f 731/1256/56 866/1243/56 863/1418/56
f 897/1026/42 1178/1419/42 1176/1343/42
f 768/1247/57 973/1261/57 974/1420/57
f 727/1269/56 860/1257/56 857/1421/56
f 823/943/17 1129/1422/17 826/945/17
f 762/1276/57 972/1423/57 764/1260/57
f 600/876/77 1024/1424/77 602/874/77
f 723/1425/56 854/1270/56 851/1282/56
f 861/1050/29 1150/1426/29 858/1051/29
f 574/903/64 998/1427/64 576/901/64
f 760/1274/57 969/1288/57 970/1428/57
f 822/1073/16 1124/1429/16 819/1075/16
f 721/1281/56 845/1430/56 719/1293/56
f 623/768/87 1043/1431/87 621/766/87
f 756/1432/57 967/1298/57 968/1287/57
f 715/1433/56 842/1294/56 839/1307/56
f 889/984/39 1173/1434/39 892/986/39
f 752/1297/57 965/1313/57 966/1435/57
f 597/742/74 1017/1436/74 595/739/74
f 713/1306/56 833/1437/56 711/1318/56
f 976/1438/51 985/1439/51 977/1440/51
f 979/1357/51 986/1441/51 987/1442/51
f 981/1443/51 988/1167/51 989/1444/51
f 982/1345/51 991/1445/51 983/1446/51
f 925/1447/54 988/1448/54 924/1009/54
f 672/716/54 982/1253/54 983/1449/54
f 926/911/53 990/1450/53 778/909/53
f 673/1362/56 986/1451/56 978/1452/56
f 850/958/26 1147/1453/26 853/961/26
f 618/859/86 1042/1454/86 620/857/86
f 670/1455/53 980/1456/53 981/1457/53
f 672/1458/57 991/1459/57 926/1400/57
f 673/908/54 979/1409/54 570/907/54
f 671/1416/57 984/1460/57 976/1461/57
f 774/1462/53 987/1323/53 986/1463/53
f 888/1031/38 1168/1464/38 885/1033/38
f 992/1465/57 1198/1466/57 1094/1467/57
f 1040/1468/57 1144/1469/57 1042/1470/57
f 1019/1471/56 1119/1472/56 1017/1473/56
f 1045/1474/56 1145/1475/56 1043/1476/56
f 998/1477/57 1098/1478/57 1100/1479/57
f 1022/1480/57 1126/1481/57 1024/1482/57
f 1001/1483/56 1101/1484/56 999/1485/56
f 1050/1486/57 1150/1487/57 1152/1488/57
f 1027/1489/56 1127/1490/56 1025/1491/56
f 1053/1492/56 1153/1493/56 1051/1494/56
f 1004/1495/57 1108/1496/57 1006/1497/57
f 1030/1498/57 1134/1499/57 1032/1500/57
f 1009/1501/56 1109/1502/56 1007/1503/56
f 1058/1504/57 1158/1505/57 1160/1506/57
f 1035/1507/56 1135/1508/56 1033/1509/56
f 1061/1510/56 1161/1511/56 1059/1512/56
f 1012/1513/57 1116/1514/57 1014/1515/57
f 1038/1516/57 1142/1517/57 1040/1468/57
f 1015/1518/56 1119/1472/56 1117/1519/56
f 1066/1520/57 1166/1521/57 1168/1522/57
f 1041/1523/56 1145/1475/56 1143/1524/56
f 1067/1525/56 1171/1526/56 1169/1527/56
f 993/1528/57 1098/1478/57 996/1529/57
f 1020/1530/57 1124/1531/57 1022/1480/57
f 999/1485/56 1099/1532/56 997/1533/56
f 1048/1534/57 1148/1535/57 1150/1487/57
f 1025/1491/56 1125/1536/56 1023/1537/56
f 1072/1538/57 1176/1539/57 1074/1540/57
f 1049/1541/56 1153/1493/56 1151/1542/56
f 1077/1543/56 1177/1544/56 1075/1545/56
f 1004/1495/57 1104/1546/57 1106/1547/57
f 1030/1498/57 1130/1548/57 1132/1549/57
f 1005/1550/56 1109/1502/56 1107/1551/56
f 1054/1552/57 1158/1505/57 1056/1553/57
f 1031/1554/56 1135/1508/56 1133/1555/56
f 1082/1556/57 1182/1557/57 1184/1558/57
f 1057/1559/56 1161/1511/56 1159/1560/56
f 1083/1561/56 1187/1562/56 1185/1563/56
f 1010/1564/57 1114/1565/57 1012/1513/57
f 1036/1566/57 1140/1567/57 1038/1516/57
f 1015/1518/56 1115/1568/56 1013/1569/56
f 1062/1570/57 1166/1521/57 1064/1571/57
f 1041/1523/56 1141/1572/56 1039/1573/56
f 1088/1574/57 1192/1575/57 1090/1576/57
f 1065/1577/56 1169/1527/56 1167/1578/56
f 1091/1579/56 1195/1580/56 1193/1581/56
f 1018/1582/57 1122/1583/57 1020/1530/57
f 1044/1584/57 1148/1535/57 1046/1585/57
f 1023/1537/56 1123/1586/56 1021/1587/56
f 1072/1538/57 1172/1588/57 1174/1589/57
f 1049/1541/56 1149/1590/56 1047/1591/56
f 1073/1592/56 1177/1544/56 1175/1593/56
f 1028/1594/57 1128/1595/57 1130/1548/57
f 1054/1552/57 1154/1596/57 1156/1597/57
f 1031/1554/56 1131/1598/56 1029/1599/56
f 1080/1600/57 1180/1601/57 1182/1557/57
f 1057/1559/56 1157/1602/56 1055/1603/56
f 1083/1561/56 1183/1604/56 1081/1605/56
f 1036/1566/57 1136/1606/57 1138/1607/57
f 1062/1570/57 1162/1608/57 1164/1609/57
f 1037/1610/56 1141/1572/56 1139/1611/56
f 1088/1574/57 1188/1612/57 1190/1613/57
f 1065/1577/56 1165/1614/56 1063/1615/56
f 1089/1616/56 1193/1581/56 1191/1617/56
f 1044/1584/57 1144/1469/57 1146/1618/57
f 1068/1619/57 1172/1588/57 1070/1620/57
f 1045/1474/56 1149/1590/56 1147/1621/56
f 993/1528/57 1094/1467/57 1095/1622/57
f 1073/1592/56 1173/1623/56 1071/1624/56
f 994/1625/56 1099/1532/56 1096/1626/56
f 1050/1486/57 1154/1596/57 1052/1627/57
f 1076/1628/57 1180/1601/57 1078/1629/57
f 1000/1630/57 1104/1546/57 1002/1631/57
f 1053/1492/56 1157/1602/56 1155/1632/56
f 1081/1605/56 1181/1633/56 1079/1634/56
f 1005/1550/56 1105/1635/56 1003/1636/56
f 1058/1504/57 1162/1608/57 1060/1637/57
f 1084/1638/57 1188/1612/57 1086/1639/57
f 1010/1564/57 1110/1640/57 1112/1641/57
f 1061/1510/56 1165/1614/56 1163/1642/56
f 1089/1616/56 1189/1643/56 1087/1644/56
f 1011/1645/56 1115/1568/56 1113/1646/56
f 1066/1520/57 1170/1647/57 1068/1619/57
f 1018/1582/57 1118/1648/57 1120/1649/57
f 1071/1624/56 1171/1526/56 1069/1650/56
f 994/1625/56 1097/1651/56 995/1652/56
f 1021/1587/56 1121/1653/56 1019/1471/56
f 1076/1628/57 1176/1539/57 1178/1654/57
f 998/1477/57 1102/1655/57 1000/1630/57
f 1024/1482/57 1128/1595/57 1026/1656/57
f 1077/1543/56 1181/1633/56 1179/1657/56
f 1003/1636/56 1103/1658/56 1001/1483/56
f 1027/1489/56 1131/1598/56 1129/1659/56
f 1082/1556/57 1186/1660/57 1084/1638/57
f 1006/1497/57 1110/1640/57 1008/1661/57
f 1034/1662/57 1134/1499/57 1136/1606/57
f 1085/1663/56 1189/1643/56 1187/1562/56
f 1011/1645/56 1111/1664/56 1009/1501/56
f 1037/1610/56 1137/1665/56 1035/1507/56
f 1090/1576/57 1194/1666/57 1092/1667/57
f 1016/1668/57 1116/1514/57 1118/1648/57
f 1093/1669/56 1196/1670/56 1195/1580/56
f 1092/1667/57 1201/1671/57 1200/1672/57
f 995/1652/56 1203/1673/56 1202/1674/56
f 630/847/92 1054/1675/92 632/845/92
f 792/1091/6 1104/1676/6 789/1093/6
f 607/752/80 1031/1273/80 1029/1677/80
f 656/825/105 1080/1678/105 658/824/105
f 910/998/45 1183/1679/45 1185/1267/45
f 831/1067/19 1130/1680/19 828/1068/19
f 635/778/93 1055/1681/93 633/776/93
f 793/922/115 1109/1682/115 796/924/115
f 659/803/106 1083/1246/106 1081/1683/106
f 835/951/20 1133/1684/20 1135/1685/20
f 614/863/83 1034/1686/83 1036/1234/83
f 918/1012/48 1188/1687/48 915/1014/48
f 638/839/96 1062/1223/96 640/837/96
f 804/1085/10 1112/1688/10 801/1086/10
f 617/762/84 1037/1689/84 615/760/84
f 990/1450/53 1097/1690/53 778/909/53
f 666/819/109 1086/1691/109 1088/1204/109
f 919/1004/49 1193/1692/49 922/1006/49
f 843/1060/23 1138/1693/23 840/1062/23
f 641/784/97 1065/1196/97 1063/1694/97
f 805/930/11 1117/1191/11 808/932/11
f 568/816/53 1200/1449/53 980/1456/53
f 667/811/110 1091/1181/110 1089/1695/110
f 844/956/24 1143/1696/24 847/1371/24
f 985/1439/51 1197/1697/51 977/1440/51
f 620/857/87 1044/1698/87 622/855/87
f 776/1101/114 1094/1699/114 775/1103/114
f 648/829/100 1068/1700/100 1070/1135/100
f 816/1076/14 1120/1701/14 813/1077/14
f 625/770/88 1045/1702/88 623/768/88
f 570/907/62 993/1703/62 572/905/62
f 781/914/2 1096/1704/2 1099/1705/2
f 855/1053/27 1146/1706/27 852/1055/27
f 649/792/101 1073/1115/101 1071/1707/101
f 817/939/15 1125/1708/15 820/941/15
f 575/720/63 994/1709/63 573/718/63
f 856/963/28 1151/1710/28 859/1335/28
f 977/1210/53 1093/1711/53 569/815/53
f 628/849/91 1052/1712/91 630/847/91
f 789/1093/5 1102/1713/5 786/1095/5
f 654/826/104 1078/1714/104 656/825/104
f 825/1070/18 1130/1680/18 1128/1715/18
f 578/899/66 1002/1716/66 580/897/66
f 633/776/92 1053/1717/92 631/774/92
f 790/920/6 1107/1718/6 793/922/6
f 867/1046/31 1154/1719/31 864/1048/31
f 657/801/105 1081/1683/105 1079/1720/105
f 829/947/19 1133/1684/19 832/949/19
f 581/726/67 1005/1296/67 1003/1721/67
f 868/969/32 1159/1722/32 871/971/32
f 988/1448/54 1194/1370/54 924/1009/54
f 638/839/95 1058/1389/95 1060/1723/95
f 798/1087/9 1112/1688/9 1110/1724/9
f 662/822/108 1086/1691/108 664/821/108
f 840/1062/22 1136/1725/22 837/1064/22
f 588/889/70 1008/1726/70 1010/1240/70
f 639/782/96 1063/1694/96 1061/1727/96
f 805/930/10 1113/1688/10 1115/1728/10
f 879/1038/35 1162/1729/35 876/1040/35
f 665/809/109 1089/1695/109 1087/1730/109
f 841/953/23 1141/1731/23 844/956/23
f 591/736/71 1011/1732/71 589/734/71
f 880/977/36 1167/1376/36 883/979/36
f 646/831/99 1066/1366/99 1068/1733/99
f 813/1080/13 1118/1734/13 810/1081/13
f 778/909/114 1096/1704/114 777/912/114
f 852/1055/26 1144/1735/26 849/1056/26
f 596/881/74 1016/1736/74 1018/1173/74
f 649/792/100 1069/1446/100 647/793/100
f 814/936/14 1123/1737/14 817/939/14
f 891/1030/39 1170/1738/39 888/1031/39
f 573/718/62 995/1254/62 571/715/62
f 853/961/27 1149/1739/27 856/963/27
f 599/744/75 1019/1740/75 597/742/75
f 895/988/40 1173/1434/40 1175/1741/40
f 786/1095/4 1100/1338/4 783/1097/4
f 652/827/103 1076/1742/103 654/826/103
f 822/1073/17 1128/1715/17 1126/1743/17
f 576/901/65 1000/1744/65 578/899/65
f 787/918/5 1105/1745/5 790/920/5
f 864/1048/30 1152/1746/30 861/1050/30
f 602/874/78 1026/1747/78 604/872/78
f 657/801/104 1077/1320/104 655/799/104
f 826/945/18 1131/1748/18 829/947/18
f 900/1024/43 1180/1105/43 1178/1419/43
f 579/724/66 1003/1721/66 1001/1749/66
f 865/967/31 1157/1750/31 868/969/31
f 607/752/79 1027/1751/79 605/750/79
f 907/996/44 1181/1407/44 1183/1679/44
f 795/1089/8 1110/1724/8 1108/1284/8
f 660/823/107 1084/1752/107 662/822/107
f 837/1064/21 1134/1685/21 834/1066/21
f 584/893/69 1008/1726/69 586/892/69
f 799/926/9 1113/1688/9 802/928/9
f 876/1040/34 1160/1753/34 873/1042/34
f 610/867/82 1034/1686/82 612/865/82
f 663/807/108 1087/1730/108 1085/1245/108
f 841/953/22 1137/1394/22 1139/1754/22
f 915/1014/47 1186/1755/47 912/1016/47
f 589/734/70 1009/1756/70 587/732/70
f 877/975/35 1165/1757/35 880/977/35
f 615/760/83 1035/1758/83 613/758/83
f 919/1004/48 1189/1382/48 1191/1759/48
f 807/1083/12 1118/1734/12 1116/1760/12
f 668/817/111 1092/1761/111 568/816/111
f 849/1056/25 1142/1762/25 846/1058/25
f 592/884/73 1016/1763/73 594/1764/73
f 811/934/13 1121/1765/13 814/1766/13
f 1205/1767/85 1210/1768/85 1204/1769/85
f 1206/1767/86 1211/1768/86 1205/1769/86
f 1207/1767/87 1212/1768/87 1206/1769/87
f 1208/1767/88 1213/1768/88 1207/1769/88
f 1209/1767/89 1214/1768/89 1208/1769/89
f 1216/1767/26 1219/1768/26 1217/1769/26
f 1218/1767/26 1221/1768/26 1219/1769/26
f 1220/1767/26 1223/1768/26 1221/1769/26
f 1222/1767/26 1225/1768/26 1223/1769/26
f 1224/1767/26 1227/1768/26 1225/1769/26
f 1233/1767/94 1229/1768/94 1232/1769/94
f 1232/1767/117 1228/1768/117 1231/1769/117
f 1235/1769/118 1255/1767/118 1239/1770/118
f 1234/1769/119 1250/1767/119 1236/1770/119
f 1235/1769/120 1239/1767/120 1243/1770/120
f 1239/1769/121 1242/1770/121 1243/1768/121
f 1236/1767/122 1241/1768/122 1237/1769/122
f 1236/1769/123 1250/1767/123 1240/1770/123
f 1240/1769/124 1250/1767/124 1244/1770/124
f 1235/1769/125 1243/1767/125 1247/1770/125
f 1242/1767/126 1247/1768/126 1243/1769/126
f 1241/1769/127 1244/1770/127 1245/1768/127
f 1244/1769/128 1250/1767/128 1248/1770/128
f 1235/1769/129 1247/1767/129 1249/1770/129
f 1235/1769/130 1249/1767/130 1251/1770/130
f 1235/1769/131 1251/1767/131 1252/1770/131
f 1235/1769/132 1252/1767/132 1254/1770/132
f 1253/1769/133 1250/1767/133 1234/1770/133
f 1235/1769/134 1254/1767/134 1255/1770/134
f 1258/1767/135 1263/1768/135 1259/1769/135
f 1257/1767/136 1262/1768/136 1258/1769/136
f 1257/1769/137 1260/1770/137 1261/1768/137
f 1266/1767/138 1271/1768/138 1267/1769/138
f 1265/1767/139 1270/1768/139 1266/1769/139
f 1265/1769/140 1268/1770/140 1269/1768/140
f 1279/1769/141 1274/1770/141 1275/1768/141
f 1278/1769/142 1273/1770/142 1274/1768/142
f 1276/1767/143 1273/1768/143 1277/1769/143
f 1282/1769/144 1285/1770/144 1286/1768/144
f 1280/1767/145 1285/1768/145 1281/1769/145
f 1283/1769/146 1286/1770/146 1287/1768/146
f 1289/1769/147 1290/1770/147 1291/1768/147
f 1293/1767/148 1297/1768/148 1294/1769/148
f 1293/1769/149 1295/1770/149 1296/1768/149
f 1298/1767/150 1301/1768/150 1299/1769/150
f 1302/1771/54 1313/1772/54 1303/1773/54
f 1306/1774/53 1307/1775/53 1314/1776/53
f 1303/1777/61 1306/1778/61 1302/1779/61
f 1311/1780/51 1309/1781/51 1305/1782/51
f 1304/1783/56 1306/1784/56 1308/1785/56
f 1305/1786/57 1307/1787/57 1303/1788/57
f 1315/1168/57 1316/1789/57 1314/1790/57
f 1314/1791/51 1313/1792/51 1315/1793/51
f 1317/1780/51 1308/1794/51 1316/1795/51
f 1312/1787/56 1311/1796/56 1313/1788/56
f 1322/600/56 1319/654/56 1318/601/56
f 1320/648/57 1324/1797/57 1321/1798/57
f 564/692/61 1323/679/61 548/679/61
f 567/703/54 1322/664/54 546/664/54
f 563/685/61 1325/1799/61 567/1799/61
f 546/600/51 1318/601/51 530/601/51
f 540/590/54 1324/1800/54 564/1800/54
f 534/648/51 1321/1798/51 540/1798/51
f 4/1/1 6/4/1 107/2/1
f 6/4/2 8/6/2 109/5/2
f 8/6/3 10/8/3 111/7/3
f 10/8/4 12/10/4 113/9/4
f 12/10/5 14/12/5 115/11/5
f 14/12/6 16/14/6 117/13/6
f 16/14/7 18/16/7 119/15/7
f 18/16/8 20/18/8 121/17/8
f 20/18/9 22/20/9 123/19/9
f 22/20/10 24/22/10 125/21/10
f 24/22/11 26/24/11 127/23/11
f 26/24/12 28/26/12 129/25/12
f 28/26/13 30/28/13 131/27/13
f 30/28/14 32/30/14 133/29/14
f 32/30/15 34/356/15 135/31/15
f 34/32/16 36/35/16 137/33/16
f 36/35/17 38/37/17 139/36/17
f 38/37/18 40/39/18 141/38/18
f 40/39/19 42/41/19 143/40/19
f 42/41/20 44/43/20 145/42/20
f 44/43/21 46/45/21 147/44/21
f 46/45/22 48/47/22 149/46/22
f 48/47/23 50/49/23 151/48/23
f 50/49/24 52/51/24 153/50/24
f 52/51/25 54/53/25 155/52/25
f 54/53/26 56/55/26 157/54/26
f 56/55/27 58/57/27 159/56/27
f 58/57/28 60/348/28 161/58/28
f 161/58/29 60/348/29 62/59/29
f 163/60/30 62/59/30 64/61/30
f 165/62/31 64/61/31 66/63/31
f 167/64/52 66/63/52 68/65/52
f 169/66/33 68/65/33 70/67/33
f 171/68/34 70/67/34 72/69/34
f 173/70/35 72/69/35 74/71/35
f 175/73/36 74/399/36 76/74/36
f 177/75/37 76/74/37 78/76/37
f 179/77/38 78/76/38 80/78/38
f 181/79/39 80/78/39 82/80/39
f 183/81/40 82/80/40 84/82/40
f 185/83/41 84/82/41 86/84/41
f 187/85/42 86/84/42 88/86/42
f 189/87/43 88/86/43 90/88/43
f 191/89/44 90/88/44 92/90/44
f 193/91/45 92/90/45 94/92/45
f 195/93/46 94/92/46 96/94/46
f 197/95/47 96/94/47 98/96/47
f 199/97/48 98/96/48 100/98/48
f 201/99/49 100/98/49 102/100/49
f 203/101/50 102/100/50 2/102/50
f 77/104/37 311/430/37 309/105/37
f 13/107/5 247/429/5 245/108/5
f 2/110/51 4/449/51 210/111/51
f 106/113/51 207/1801/51 444/114/51
f 204/116/50 103/573/50 1/117/50
f 203/101/50 104/103/50 340/119/50
f 202/121/49 204/116/49 101/118/49
f 201/99/49 203/101/49 439/120/49
f 200/124/48 202/121/48 99/122/48
f 199/97/48 201/99/48 437/123/48
f 198/127/47 200/124/47 97/125/47
f 197/95/47 199/97/47 435/126/47
f 196/130/46 198/127/46 95/128/46
f 195/93/46 197/95/46 433/129/46
f 194/133/45 196/130/45 93/131/45
f 429/135/45 193/91/45 195/93/45
f 192/136/44 194/133/44 91/134/44
f 191/89/44 193/91/44 429/135/44
f 190/139/43 192/136/43 89/137/43
f 189/87/43 191/89/43 427/138/43
f 188/142/42 190/139/42 87/140/42
f 187/85/42 189/87/42 425/141/42
f 186/145/41 188/142/41 85/143/41
f 185/83/41 187/85/41 423/144/41
f 184/148/40 186/145/40 83/146/40
f 183/81/40 185/83/40 421/147/40
f 182/151/39 184/148/39 81/149/39
f 181/79/39 183/81/39 419/150/39
f 180/154/38 182/151/38 79/152/38
f 179/77/38 181/79/38 417/153/38
f 178/156/37 180/154/37 77/104/37
f 177/75/37 179/77/37 415/155/37
f 176/158/36 178/156/36 75/106/36
f 175/73/36 177/75/36 413/157/36
f 174/161/35 176/542/35 73/162/35
f 173/70/35 175/72/35 411/164/35
f 172/166/34 174/161/34 71/163/34
f 171/68/34 173/70/34 409/165/34
f 170/169/33 172/166/33 69/167/33
f 169/66/33 171/68/33 407/168/33
f 168/172/52 170/169/52 67/170/52
f 167/64/52 169/66/52 405/171/52
f 63/175/31 166/532/31 168/172/31
f 165/62/31 167/64/31 403/174/31
f 164/177/30 166/532/30 63/175/30
f 163/60/30 165/62/30 401/176/30
f 162/180/29 164/177/29 61/178/29
f 161/58/29 163/60/29 399/179/29
f 160/183/28 162/180/28 59/181/28
f 159/56/28 161/58/28 397/182/28
f 158/186/27 160/183/27 57/184/27
f 157/54/27 159/56/27 395/185/27
f 156/189/26 158/186/26 55/187/26
f 155/52/26 157/54/26 393/188/26
f 154/192/25 156/189/25 53/190/25
f 153/50/25 155/52/25 391/191/25
f 152/195/24 154/192/24 51/193/24
f 151/48/24 153/50/24 389/194/24
f 150/198/23 152/195/23 49/196/23
f 149/46/23 151/48/23 387/197/23
f 148/201/22 150/198/22 47/199/22
f 147/44/22 149/46/22 385/200/22
f 146/204/21 148/201/21 45/202/21
f 145/42/21 147/44/21 383/203/21
f 41/207/20 144/510/20 146/204/20
f 143/40/20 145/42/20 381/206/20
f 142/209/19 144/510/19 41/207/19
f 141/38/19 143/40/19 379/208/19
f 37/212/18 140/215/18 142/209/18
f 139/36/18 141/38/18 377/211/18
f 35/214/17 138/502/17 140/215/17
f 137/33/17 139/36/17 375/213/17
f 136/217/16 138/502/16 35/214/16
f 135/34/16 137/33/16 373/216/16
f 31/220/15 134/226/15 136/221/15
f 133/29/15 135/31/15 371/223/15
f 29/225/14 132/229/14 134/226/14
f 131/27/14 133/29/14 369/224/14
f 27/228/13 130/232/13 132/229/13
f 129/25/13 131/27/13 367/227/13
f 25/231/12 128/235/12 130/232/12
f 127/23/12 129/25/12 365/230/12
f 23/234/11 126/238/11 128/235/11
f 125/21/11 127/23/11 363/233/11
f 21/237/10 124/241/10 126/238/10
f 123/19/10 125/21/10 361/236/10
f 19/240/9 122/244/9 124/241/9
f 121/17/9 123/19/9 359/239/9
f 17/243/8 120/483/8 122/244/8
f 119/15/8 121/17/8 357/242/8
f 118/246/7 120/483/7 17/243/7
f 117/13/7 119/15/7 355/245/7
f 116/249/6 118/246/6 15/247/6
f 115/11/6 117/13/6 353/248/6
f 11/109/5 114/253/5 116/249/5
f 113/9/5 115/11/5 351/250/5
f 9/252/4 112/256/4 114/253/4
f 111/7/4 113/9/4 349/251/4
f 7/255/3 110/259/3 112/256/3
f 345/257/3 109/5/3 111/7/3
f 5/258/2 108/262/2 110/259/2
f 107/2/2 109/5/2 345/257/2
f 3/261/1 106/469/1 108/262/1
f 105/3/1 107/2/1 343/260/1
f 212/264/53 220/1802/53 218/265/53
f 208/267/53 216/1803/53 215/268/53
f 205/270/54 213/1804/54 446/271/54
f 105/273/53 228/1805/53 227/274/53
f 104/276/51 205/1806/51 442/277/51
f 3/279/53 224/1807/53 223/280/53
f 1/282/51 209/1808/51 208/283/51
f 213/285/51 214/1809/51 218/286/51
f 219/288/51 215/455/51 216/289/51
f 213/285/51 220/287/51 447/291/51
f 211/293/54 219/1810/54 217/294/54
f 205/296/54 206/1811/54 214/297/54
f 1/299/55 225/453/55 234/300/55
f 106/302/56 223/320/56 230/303/56
f 221/305/51 222/1812/51 232/306/51
f 226/308/51 235/1813/51 234/309/51
f 223/311/51 224/1814/51 233/312/51
f 228/314/51 229/1815/51 236/315/51
f 104/317/57 221/341/57 231/318/57
f 212/320/57 229/1816/57 228/319/57
f 103/322/54 226/1817/54 225/323/54
f 207/325/54 230/267/54 233/326/54
f 104/328/54 2/1818/54 222/329/54
f 206/299/58 232/453/58 222/300/58
f 208/299/59 233/453/59 224/300/59
f 212/331/54 210/1819/54 236/332/54
f 205/334/53 231/1820/53 232/335/53
f 4/299/60 227/453/60 236/300/60
f 209/337/53 234/1821/53 235/338/53
f 211/340/56 235/1822/56 226/341/56
f 242/1823/56 239/1824/56 240/1825/56
f 240/1825/56 338/1826/56 336/1827/56
f 336/1827/56 334/1828/56 332/342/56
f 332/342/56 330/1829/56 328/1830/56
f 328/1830/56 326/1831/56 324/1832/56
f 324/1832/56 322/1833/56 320/1834/56
f 320/1834/56 318/1835/56 316/1836/56
f 316/1836/151 314/1837/151 312/1838/151
f 312/1838/151 310/1839/151 308/1840/151
f 308/1840/151 306/1841/151 304/1842/151
f 304/1842/56 302/1843/56 300/343/56
f 300/343/152 298/1844/152 296/1845/152
f 296/1845/152 294/1846/152 292/1847/152
f 292/1847/151 290/1848/151 288/1849/151
f 288/1849/151 286/1850/151 284/1851/151
f 284/1851/152 282/1852/152 280/1853/152
f 280/1853/152 278/1854/152 276/1855/152
f 276/1855/56 274/1856/56 272/1857/56
f 272/1857/151 270/1858/151 268/344/151
f 268/344/56 266/1859/56 264/1860/56
f 264/1860/152 262/1861/152 260/1862/152
f 260/1862/151 258/1863/151 256/1864/151
f 256/1864/56 254/1865/56 252/1866/56
f 252/1866/56 250/1867/56 248/1868/56
f 248/1868/56 246/1869/56 244/1870/56
f 244/1870/56 242/1823/56 240/1825/56
f 240/1825/56 336/1827/56 332/342/56
f 332/342/56 328/1830/56 324/1832/56
f 324/1832/56 320/1834/56 316/1836/56
f 316/1836/56 312/1838/56 308/1840/56
f 308/1840/56 304/1842/56 300/343/56
f 300/343/56 296/1845/56 292/1847/56
f 292/1847/56 288/1849/56 284/1851/56
f 284/1851/56 280/1853/56 276/1855/56
f 276/1855/56 272/1857/56 268/344/56
f 268/344/56 264/1860/56 260/1862/56
f 260/1862/56 256/1864/56 252/1866/56
f 252/1866/56 248/1868/56 244/1870/56
f 244/1870/56 240/1825/56 332/342/56
f 332/342/56 324/1832/56 316/1836/56
f 316/1836/56 308/1840/56 300/343/56
f 300/343/56 292/1847/56 284/1851/56
f 284/1851/56 276/1855/56 268/344/56
f 268/344/56 260/1862/56 252/1866/56
f 252/1866/56 244/1870/56 332/342/56
f 332/342/56 316/1836/56 300/343/56
f 300/343/56 284/1851/56 268/344/56
f 268/344/56 252/1866/56 332/342/56
f 337/1871/57 237/1872/57 238/1873/57
f 238/1873/57 241/1874/57 243/1875/57
f 243/1875/57 245/1876/57 247/345/57
f 247/345/57 249/1877/57 251/1878/57
f 251/1878/57 253/1879/57 255/1880/57
f 255/1880/57 257/1881/57 259/1882/57
f 259/1882/153 261/1883/153 263/1884/153
f 263/1884/57 265/1885/57 267/1886/57
f 267/1886/153 269/1887/153 271/1888/153
f 271/1888/154 273/1889/154 275/1890/154
f 275/1890/153 277/1891/153 279/346/153
f 279/346/57 281/1892/57 283/1893/57
f 283/1893/57 285/1894/57 287/1895/57
f 287/1895/57 289/1896/57 291/1897/57
f 291/1897/57 293/1898/57 295/1899/57
f 295/1899/153 297/1900/153 299/1901/153
f 299/1901/153 301/1902/153 303/1903/153
f 303/1903/57 305/1904/57 307/1905/57
f 307/1905/57 309/1906/57 311/347/57
f 311/347/57 313/1907/57 315/1908/57
f 315/1908/57 317/1909/57 319/1910/57
f 319/1910/57 321/1911/57 323/1912/57
f 323/1912/57 325/1913/57 327/1914/57
f 327/1914/57 329/1915/57 331/1916/57
f 331/1916/57 333/1917/57 335/1918/57
f 335/1918/57 337/1871/57 238/1873/57
f 238/1873/57 243/1875/57 247/345/57
f 247/345/57 251/1878/57 255/1880/57
f 255/1880/57 259/1882/57 263/1884/57
f 263/1884/57 267/1886/57 271/1888/57
f 271/1888/57 275/1890/57 279/346/57
f 279/346/57 283/1893/57 287/1895/57
f 287/1895/57 291/1897/57 295/1899/57
f 295/1899/57 299/1901/57 303/1903/57
f 303/1903/57 307/1905/57 311/347/57
f 311/347/57 315/1908/57 319/1910/57
f 319/1910/57 323/1912/57 327/1914/57
f 327/1914/57 331/1916/57 335/1918/57
f 335/1918/57 238/1873/57 247/345/57
f 247/345/57 255/1880/57 263/1884/57
f 263/1884/57 271/1888/57 279/346/57
f 279/346/57 287/1895/57 295/1899/57
f 295/1899/57 303/1903/57 311/347/57
f 311/347/57 319/1910/57 327/1914/57
f 327/1914/57 335/1918/57 247/345/57
f 247/345/57 263/1884/57 279/346/57
f 279/346/57 295/1899/57 311/347/57
f 311/347/57 327/1914/57 247/345/57
f 60/348/29 294/373/29 296/349/29
f 31/220/14 265/432/14 263/350/14
f 14/12/6 248/375/6 250/351/6
f 95/128/46 329/434/46 327/352/46
f 78/76/38 312/377/38 314/353/38
f 49/196/23 283/436/23 281/354/23
f 32/30/15 266/379/15 268/355/15
f 96/94/47 330/380/47 332/357/47
f 67/170/32 301/440/32 299/358/32
f 50/49/24 284/382/24 286/359/24
f 21/237/9 255/442/9 253/360/9
f 6/4/1 4/1/1 240/361/1
f 85/143/41 319/444/41 317/363/41
f 68/65/33 302/385/33 304/364/33
f 39/210/18 273/446/18 271/365/18
f 22/20/10 256/387/10 258/366/10
f 1/117/50 337/1919/50 335/367/50
f 86/84/42 320/389/42 322/368/42
f 57/184/27 291/451/27 289/369/27
f 40/39/19 274/391/19 276/370/19
f 11/109/4 245/108/4 243/371/4
f 75/106/36 309/105/36 307/372/36
f 58/57/28 292/395/28 294/373/28
f 29/225/13 263/350/13 261/374/13
f 12/10/5 246/397/5 248/375/5
f 93/131/45 327/352/45 325/376/45
f 76/74/37 310/400/37 312/377/37
f 47/199/22 281/354/22 279/378/22
f 30/28/14 264/402/14 266/379/14
f 94/92/46 328/403/46 330/380/46
f 65/173/31 299/358/31 297/381/31
f 48/47/23 282/405/23 284/382/23
f 19/240/8 253/360/8 251/383/8
f 83/146/40 317/363/40 315/384/40
f 66/63/32 300/408/32 302/385/32
f 37/212/17 271/365/17 269/386/17
f 20/18/9 254/410/9 256/387/9
f 101/118/49 335/367/49 333/388/49
f 84/82/41 318/412/41 320/389/41
f 55/187/26 289/369/26 287/390/26
f 38/37/18 272/414/18 274/391/18
f 9/252/3 243/371/3 241/392/3
f 102/100/50 336/416/50 338/393/50
f 73/162/35 307/1920/35 305/394/35
f 56/55/27 290/418/27 292/395/27
f 27/228/12 261/374/12 259/396/12
f 10/8/4 244/420/4 246/397/4
f 91/134/44 325/376/44 323/398/44
f 74/399/36 308/1921/36 310/400/36
f 45/202/21 279/378/21 277/401/21
f 28/26/13 262/425/13 264/402/13
f 92/90/45 326/426/45 328/403/45
f 63/175/30 297/381/30 295/404/30
f 46/45/22 280/428/22 282/405/22
f 17/243/7 251/383/7 249/406/7
f 81/149/39 315/384/39 313/407/39
f 64/61/31 298/431/31 300/408/31
f 35/214/16 269/386/16 267/409/16
f 18/16/8 252/433/8 254/410/8
f 99/122/48 333/388/48 331/411/48
f 82/80/40 316/435/40 318/412/40
f 53/190/25 287/390/25 285/413/25
f 36/35/17 270/437/17 272/414/17
f 7/255/2 241/392/2 238/415/2
f 100/98/49 334/439/49 336/416/49
f 71/163/34 305/394/34 303/417/34
f 54/53/26 288/441/26 290/418/26
f 25/231/11 259/396/11 257/419/11
f 8/6/3 242/443/3 244/420/3
f 3/284/51 237/1922/51 337/421/51
f 89/137/43 323/398/43 321/422/43
f 72/69/35 306/445/35 308/423/35
f 43/205/20 277/401/20 275/424/20
f 26/24/12 260/447/12 262/425/12
f 90/88/44 324/450/44 326/426/44
f 61/178/29 295/404/29 293/427/29
f 44/43/21 278/452/21 280/428/21
f 15/247/6 249/406/6 247/429/6
f 79/152/38 313/407/38 311/430/38
f 62/59/30 296/349/30 298/431/30
f 33/222/15 267/1923/15 265/432/15
f 16/14/115 250/351/115 252/433/115
f 97/125/47 331/411/47 329/434/47
f 80/78/39 314/353/39 316/435/39
f 51/193/24 285/413/24 283/436/24
f 34/32/16 268/1924/16 270/437/16
f 5/258/1 238/415/1 237/438/1
f 98/96/48 332/357/48 334/439/48
f 69/167/33 303/417/33 301/440/33
f 52/51/25 286/359/25 288/441/25
f 23/234/10 257/419/10 255/442/10
f 6/4/2 239/362/2 242/443/2
f 87/140/42 321/422/42 319/444/42
f 70/67/34 304/364/34 306/445/34
f 41/207/19 275/424/19 273/446/19
f 24/22/11 258/366/11 260/447/11
f 2/110/51 338/1925/51 240/448/51
f 88/86/43 322/368/43 324/450/43
f 59/181/28 293/427/28 291/451/28
f 42/41/20 276/370/20 278/452/20
f 501/301/53 444/299/53 448/453/53
f 445/454/51 448/589/51 215/455/51
f 446/292/51 447/291/51 503/456/51
f 339/458/51 441/588/51 211/459/51
f 340/278/51 442/277/51 500/461/51
f 441/463/54 445/587/54 219/464/54
f 442/272/54 446/271/54 502/466/54
f 342/468/1 344/472/1 108/262/1
f 450/470/1 341/263/1 343/260/1
f 344/472/2 346/474/2 110/259/2
f 451/471/2 343/260/2 345/257/2
f 346/474/3 348/476/3 112/256/3
f 345/257/3 347/254/3 453/475/3
f 348/476/4 350/478/4 114/253/4
f 347/254/4 349/251/4 454/477/4
f 350/478/5 352/480/5 116/249/5
f 349/251/5 351/250/5 455/479/5
f 352/480/6 354/482/6 118/246/6
f 455/479/6 351/250/6 353/248/6
f 354/482/7 356/485/7 120/483/7
f 353/248/7 355/245/7 457/484/7
f 356/485/8 358/487/8 122/244/8
f 457/484/8 355/245/8 357/242/8
f 358/487/9 360/489/9 124/241/9
f 357/242/9 359/239/9 459/488/9
f 360/489/10 362/491/10 126/238/10
f 359/239/10 361/236/10 460/490/10
f 362/491/11 364/493/11 128/235/11
f 361/236/11 363/233/11 461/492/11
f 364/493/12 366/495/12 130/232/12
f 363/233/12 365/230/12 462/494/12
f 366/495/13 368/497/13 132/229/13
f 462/494/13 365/230/13 367/227/13
f 368/497/14 370/499/14 134/226/14
f 367/227/14 369/224/14 464/498/14
f 370/499/15 372/586/15 136/221/15
f 464/498/15 369/224/15 371/223/15
f 372/501/16 374/505/16 138/502/16
f 371/219/16 373/216/16 466/503/16
f 374/505/17 376/507/17 140/215/17
f 466/503/17 373/216/17 375/213/17
f 376/507/18 378/509/18 142/209/18
f 375/213/18 377/211/18 468/508/18
f 378/509/19 380/512/19 144/510/19
f 377/211/19 379/208/19 469/511/19
f 380/512/20 382/514/20 146/204/20
f 379/208/20 381/206/20 470/513/20
f 382/514/21 384/516/21 148/201/21
f 381/206/21 383/203/21 471/515/21
f 384/516/22 386/518/22 150/198/22
f 383/203/22 385/200/22 472/517/22
f 386/518/23 388/520/23 152/195/23
f 385/200/23 387/197/23 473/519/23
f 388/520/24 390/522/24 154/192/24
f 387/197/24 389/194/24 474/521/24
f 390/522/25 392/524/25 156/189/25
f 389/194/25 391/191/25 475/523/25
f 392/524/26 394/526/26 158/186/26
f 391/191/26 393/188/26 476/525/26
f 394/526/27 396/528/27 160/183/27
f 393/188/27 395/185/27 477/527/27
f 396/528/28 398/585/28 162/180/28
f 395/185/28 397/182/28 478/529/28
f 162/180/29 398/585/29 400/530/29
f 397/182/29 399/179/29 479/531/29
f 400/530/30 402/534/30 166/532/30
f 399/179/30 401/176/30 480/533/30
f 402/534/31 404/536/31 168/172/31
f 401/176/31 403/174/31 481/535/31
f 404/536/32 406/538/32 170/169/32
f 403/174/32 405/171/32 482/537/32
f 406/538/33 408/584/33 172/166/33
f 405/171/33 407/168/33 483/539/33
f 172/166/34 408/584/34 410/540/34
f 407/168/34 409/165/34 484/541/34
f 410/540/35 412/583/35 176/542/35
f 409/165/35 411/164/35 485/543/35
f 412/544/36 414/547/36 178/156/36
f 411/160/36 413/157/36 486/545/36
f 414/547/37 416/549/37 180/154/37
f 413/157/37 415/155/37 487/548/37
f 416/549/38 418/551/38 182/151/38
f 415/155/38 417/153/38 488/550/38
f 418/551/39 420/582/39 184/148/39
f 417/153/39 419/150/39 489/552/39
f 184/148/40 420/582/40 422/553/40
f 419/150/40 421/147/40 490/554/40
f 186/145/41 422/553/41 424/555/41
f 421/147/41 423/144/41 491/556/41
f 424/555/42 426/558/42 190/139/42
f 423/144/42 425/141/42 492/557/42
f 426/558/43 428/560/43 192/136/43
f 425/141/43 427/138/43 493/559/43
f 428/560/44 430/562/44 194/133/44
f 427/138/44 429/135/44 494/561/44
f 430/562/45 432/564/45 196/130/45
f 429/135/45 431/132/45 495/563/45
f 432/564/46 434/566/46 198/127/46
f 431/132/46 433/129/46 496/565/46
f 434/566/47 436/568/47 200/124/47
f 433/129/47 435/126/47 497/567/47
f 436/568/48 438/570/48 202/121/48
f 435/126/48 437/123/48 498/569/48
f 438/570/49 440/572/49 204/116/49
f 437/123/49 439/120/49 499/571/49
f 440/572/50 339/581/50 103/573/50
f 439/120/50 340/119/50 449/574/50
f 341/575/51 443/580/51 212/576/51
f 342/115/51 444/114/51 501/578/51
f 450/579/51 501/578/51 443/580/51
f 499/571/50 449/574/50 339/581/50
f 498/569/49 499/571/49 440/572/49
f 497/567/48 498/569/48 438/570/48
f 496/565/47 497/567/47 436/568/47
f 495/563/46 496/565/46 434/566/46
f 494/561/45 495/563/45 432/564/45
f 493/559/44 494/561/44 430/562/44
f 492/557/43 493/559/43 428/560/43
f 491/556/42 492/557/42 426/558/42
f 490/554/41 491/556/41 424/555/41
f 489/552/40 490/554/40 422/553/40
f 488/550/39 489/552/39 420/582/39
f 487/548/38 488/550/38 418/551/38
f 486/545/37 487/548/37 416/549/37
f 485/546/36 486/545/36 414/547/36
f 484/541/35 485/543/35 412/583/35
f 483/539/34 484/541/34 410/540/34
f 482/537/33 483/539/33 408/584/33
f 481/535/32 482/537/32 406/538/32
f 480/533/31 481/535/31 404/536/31
f 479/531/30 480/533/30 402/534/30
f 478/529/29 479/531/29 400/530/29
f 477/527/28 478/529/28 398/585/28
f 476/525/27 477/527/27 396/528/27
f 475/523/26 476/525/26 394/526/26
f 474/521/25 475/523/25 392/524/25
f 473/519/24 474/521/24 390/522/24
f 472/517/23 473/519/23 388/520/23
f 471/515/22 472/517/22 386/518/22
f 470/513/21 471/515/21 384/516/21
f 469/511/20 470/513/20 382/514/20
f 468/508/19 469/511/19 380/512/19
f 467/506/18 468/508/18 378/509/18
f 466/503/17 467/506/17 376/507/17
f 465/504/16 466/503/16 374/505/16
f 464/498/15 465/500/15 372/586/15
f 368/497/14 463/496/14 464/498/14
f 462/494/13 463/496/13 368/497/13
f 461/492/12 462/494/12 366/495/12
f 460/490/11 461/492/11 364/493/11
f 459/488/10 460/490/10 362/491/10
f 458/486/9 459/488/9 360/489/9
f 356/485/8 457/484/8 458/486/8
f 456/481/7 457/484/7 356/485/7
f 455/479/6 456/481/6 354/482/6
f 454/477/5 455/479/5 352/480/5
f 348/476/4 453/475/4 454/477/4
f 452/473/3 453/475/3 348/476/3
f 451/471/2 452/473/2 346/474/2
f 342/468/1 450/470/1 451/471/1
f 500/467/54 502/466/54 445/587/54
f 449/462/51 500/461/51 441/588/51
f 502/457/51 503/456/51 448/589/51
f 443/301/53 501/299/53 503/453/53
f 540/590/54 564/1800/54 565/591/54
f 508/593/51 511/1926/51 537/594/51
f 515/596/56 561/1927/56 560/597/56
f 531/599/56 547/669/56 546/600/56
f 506/602/57 510/670/57 509/603/57
f 511/605/56 508/672/56 504/606/56
f 512/608/54 516/612/54 531/609/54
f 513/611/54 517/660/54 516/612/54
f 509/603/57 523/1928/57 521/613/57
f 515/610/53 519/1929/53 518/614/53
f 516/616/51 519/620/51 529/617/51
f 517/619/51 518/656/51 519/620/51
f 528/621/61 515/1930/61 512/622/61
f 512/622/61 515/1930/61 514/624/61
f 532/626/53 521/707/53 523/627/53
f 526/629/53 527/1931/53 539/630/53
f 507/607/56 525/668/56 524/632/56
f 519/620/51 522/1932/51 533/633/51
f 518/634/57 527/1933/57 526/635/57
f 537/594/51 511/1926/51 524/637/51
f 538/631/53 558/704/53 559/639/53
f 519/640/56 515/596/56 520/598/56
f 529/617/51 533/633/51 523/642/51
f 520/644/53 532/626/53 533/628/53
f 505/604/57 551/694/57 552/646/57
f 531/618/51 529/617/51 509/643/51
f 534/648/57 540/1798/57 542/649/57
f 506/602/57 552/646/57 566/651/57
f 528/653/56 530/601/56 563/654/56
f 518/656/51 537/594/51 539/638/51
f 538/631/53 539/630/53 524/627/53
f 534/659/54 535/1934/54 517/660/54
f 535/595/51 537/594/51 518/656/51
f 514/624/61 536/1935/61 534/661/61
f 540/590/54 541/592/54 543/662/54
f 546/664/54 547/1936/54 545/665/54
f 507/607/56 553/675/56 562/667/56
f 506/602/57 544/652/57 545/669/57
f 510/647/51 545/1937/51 547/671/51
f 508/672/56 543/1938/56 541/673/56
f 507/607/56 504/606/56 549/674/56
f 535/595/51 542/1939/51 543/676/51
f 554/677/61 553/690/61 549/678/61
f 550/680/61 551/684/61 557/661/61
f 555/682/61 559/1940/61 558/683/61
f 551/684/61 550/680/61 563/685/61
f 561/687/61 550/680/61 556/681/61
f 554/677/61 558/683/61 562/689/61
f 563/685/61 567/1799/61 566/691/61
f 549/678/61 565/1941/61 564/692/61
f 526/635/57 559/1942/57 555/693/57
f 530/601/53 1318/601/53 1319/654/53
f 521/613/57 557/1943/57 551/694/57
f 514/695/54 555/1944/54 554/696/54
f 536/698/57 554/1945/57 548/699/57
f 528/700/54 550/1946/54 561/701/54
f 544/666/54 566/1947/54 567/703/54
f 541/673/56 565/1948/56 549/674/56
f 525/658/53 562/696/53 558/704/53
f 520/644/53 560/1949/53 556/705/53
f 548/699/53 1323/699/53 1320/648/53
f 532/626/53 556/705/53 557/706/53
f 670/708/56 981/1950/56 989/709/56
f 773/711/54 985/1304/54 984/712/54
f 674/714/62 573/718/62 571/715/62
f 676/717/63 575/720/63 573/718/63
f 678/719/64 577/722/64 575/720/64
f 680/721/65 579/724/65 577/722/65
f 682/723/66 581/726/66 579/724/66
f 684/725/67 583/728/67 581/726/67
f 686/727/113 585/730/113 583/728/113
f 688/729/69 587/732/69 585/730/69
f 690/731/70 589/734/70 587/732/70
f 692/733/71 591/736/71 589/734/71
f 694/735/72 593/737/72 591/736/72
f 696/641/73 595/1368/73 593/737/73
f 698/738/74 597/742/74 595/739/74
f 700/741/75 599/744/75 597/742/75
f 702/743/76 601/746/76 599/744/76
f 704/745/77 603/748/77 601/746/77
f 706/747/78 605/750/78 603/748/78
f 708/749/79 607/752/79 605/750/79
f 710/751/112 609/754/112 607/752/112
f 712/753/81 611/756/81 609/754/81
f 714/755/82 613/758/82 611/756/82
f 716/757/83 615/760/83 613/758/83
f 718/759/84 617/762/84 615/760/84
f 720/761/85 619/764/85 617/762/85
f 722/763/86 621/766/86 619/764/86
f 724/765/87 623/768/87 621/766/87
f 726/767/88 625/770/88 623/768/88
f 726/767/89 728/771/89 627/769/89
f 728/771/90 730/773/90 629/772/90
f 730/773/91 732/775/91 631/774/91
f 732/775/92 734/777/92 633/776/92
f 734/777/117 736/779/117 635/778/117
f 736/779/94 738/781/94 637/780/94
f 738/781/95 740/783/95 639/782/95
f 740/783/96 742/785/96 641/784/96
f 742/785/97 744/787/97 643/786/97
f 744/787/98 746/789/98 645/788/98
f 746/789/99 748/1951/99 647/790/99
f 748/791/100 750/794/100 649/792/100
f 750/794/101 752/796/101 651/795/101
f 752/796/102 754/798/102 653/797/102
f 754/798/103 756/800/103 655/799/103
f 756/800/104 758/802/104 657/801/104
f 758/802/105 760/804/105 659/803/105
f 760/804/106 762/806/106 661/805/106
f 762/806/107 764/808/107 663/807/107
f 764/808/108 766/810/108 665/809/108
f 766/810/109 768/812/109 667/811/109
f 768/812/110 770/814/110 669/813/110
f 770/814/111 671/1209/111 569/815/111
f 568/816/111 670/1455/111 771/814/111
f 668/817/110 771/814/110 769/818/110
f 666/819/109 769/818/109 767/820/109
f 664/821/108 767/820/108 765/808/108
f 662/822/107 765/808/107 763/806/107
f 660/823/106 763/806/106 761/804/106
f 658/824/105 761/804/105 759/802/105
f 656/825/104 759/802/104 757/800/104
f 654/826/103 757/800/103 755/798/103
f 650/828/102 652/827/102 755/798/102
f 650/828/101 753/796/101 751/794/101
f 648/829/100 751/794/100 749/791/100
f 646/831/99 749/700/99 747/832/99
f 644/833/98 747/832/98 745/834/98
f 642/835/97 745/834/97 743/836/97
f 640/837/96 743/836/96 741/838/96
f 638/839/95 741/838/95 739/840/95
f 636/841/94 739/840/94 737/842/94
f 634/843/93 737/842/93 735/844/93
f 632/845/92 735/844/92 733/846/92
f 630/847/91 733/846/91 731/848/91
f 628/849/90 731/848/90 729/850/90
f 626/851/89 729/850/89 727/852/89
f 624/853/88 727/852/88 725/854/88
f 622/855/87 725/854/87 723/856/87
f 620/857/86 723/856/86 721/858/86
f 618/859/85 721/858/85 719/860/85
f 616/861/84 719/860/84 717/862/84
f 614/863/83 717/862/83 715/864/83
f 612/865/82 715/864/82 713/866/82
f 610/867/81 713/866/81 711/868/81
f 608/869/80 711/868/80 709/870/80
f 604/872/79 606/871/79 709/870/79
f 602/874/78 604/872/78 707/873/78
f 600/876/77 602/874/77 705/875/77
f 598/878/76 600/876/76 703/877/76
f 598/878/75 701/879/75 699/880/75
f 596/881/74 699/880/74 697/882/74
f 592/884/73 594/1764/73 697/885/73
f 590/887/72 592/884/72 695/886/72
f 588/889/71 590/887/71 693/888/71
f 588/889/70 691/890/70 689/891/70
f 584/893/69 586/892/69 689/891/69
f 582/895/113 584/893/113 687/894/113
f 580/897/67 582/895/67 685/896/67
f 578/899/66 580/897/66 683/898/66
f 576/901/65 578/899/65 681/900/65
f 574/903/64 576/901/64 679/902/64
f 572/905/63 574/903/63 677/904/63
f 570/907/62 572/905/62 675/906/62
f 778/909/114 777/912/114 927/910/114
f 777/912/2 781/914/2 928/913/2
f 781/914/3 784/916/3 929/915/3
f 784/916/4 787/918/4 930/917/4
f 787/918/5 790/920/5 931/919/5
f 790/920/6 793/922/6 932/921/6
f 793/922/7 796/924/7 933/923/7
f 796/924/8 799/926/8 934/925/8
f 799/926/9 802/928/9 935/927/9
f 802/928/10 805/930/10 936/929/10
f 805/930/11 808/932/11 937/931/11
f 808/932/12 811/934/12 938/933/12
f 811/934/13 814/1766/13 939/935/13
f 814/936/14 817/939/14 940/937/14
f 817/939/15 820/941/15 941/940/15
f 820/941/16 823/943/16 942/942/16
f 823/943/17 826/945/17 943/944/17
f 826/945/18 829/947/18 944/946/18
f 829/947/19 832/949/19 945/948/19
f 832/949/20 835/951/20 946/950/20
f 835/951/21 838/1395/21 947/952/21
f 947/952/22 838/1395/22 841/953/22
f 841/953/23 844/956/23 949/955/23
f 844/956/24 847/1371/24 950/957/24
f 950/957/25 847/1371/25 850/958/25
f 850/958/26 853/961/26 952/960/26
f 853/961/27 856/963/27 953/962/27
f 856/963/28 859/1335/28 954/964/28
f 954/964/29 859/1335/29 862/965/29
f 955/966/30 862/965/30 865/967/30
f 956/968/31 865/967/31 868/969/31
f 957/970/32 868/969/32 871/971/32
f 958/972/33 871/971/33 874/973/33
f 959/974/34 874/973/34 877/975/34
f 960/976/35 877/975/35 880/977/35
f 961/978/36 880/977/36 883/979/36
f 962/980/37 883/979/37 886/981/37
f 963/983/38 886/1952/38 889/984/38
f 964/985/39 889/984/39 892/986/39
f 965/987/40 892/986/40 895/988/40
f 966/989/41 895/988/41 898/990/41
f 967/991/42 898/990/42 901/992/42
f 968/993/43 901/992/43 904/994/43
f 969/995/44 904/994/44 907/996/44
f 970/997/45 907/996/45 910/998/45
f 971/999/46 910/998/46 913/1000/46
f 972/1001/47 913/1000/47 916/1002/47
f 973/1003/48 916/1002/48 919/1004/48
f 974/1005/49 919/1004/49 922/1006/49
f 975/1007/116 922/1006/116 773/711/116
f 923/1008/116 925/1447/116 924/1009/116
f 920/1011/49 923/1008/49 921/1010/49
f 917/1013/48 920/1011/48 918/1012/48
f 914/1015/47 917/1013/47 915/1014/47
f 911/1017/46 914/1015/46 912/1016/46
f 908/1019/45 911/1017/45 909/1018/45
f 905/1021/44 908/1019/44 906/1020/44
f 902/1023/43 905/1021/43 903/1022/43
f 899/1025/42 902/1023/42 900/1024/42
f 896/1027/41 899/1025/41 897/1026/41
f 893/1029/40 896/1027/40 894/1028/40
f 888/1031/39 890/1953/39 893/1029/39
f 887/1032/38 890/1953/38 888/1031/38
f 884/1034/37 887/1954/37 885/1035/37
f 881/1037/36 884/1034/36 882/1036/36
f 878/1039/35 881/1037/35 879/1038/35
f 875/1041/34 878/1039/34 876/1040/34
f 872/1043/33 875/1041/33 873/1042/33
f 869/1045/52 872/1043/52 870/1044/52
f 866/1047/31 869/1045/31 867/1046/31
f 863/1049/30 866/1047/30 864/1048/30
f 858/1051/29 860/1955/29 863/1049/29
f 857/1052/28 860/1955/28 858/1051/28
f 854/1054/27 857/1052/27 855/1053/27
f 849/1056/26 851/1956/26 854/1054/26
f 848/1057/25 851/1956/25 849/1056/25
f 845/1059/24 848/1057/24 846/1058/24
f 842/1061/23 845/1059/23 843/1060/23
f 839/1063/22 842/1061/22 840/1062/22
f 836/1065/21 839/1063/21 837/1064/21
f 831/1067/20 833/1069/20 836/1065/20
f 828/1068/19 830/1071/19 833/1069/19
f 825/1070/18 827/1957/18 830/1071/18
f 824/1072/17 827/1957/17 825/1070/17
f 821/1074/16 824/1072/16 822/1073/16
f 816/1076/15 818/1078/15 821/1074/15
f 813/1077/14 815/1782/14 818/1078/14
f 812/1079/13 815/1771/13 813/1080/13
f 809/1082/12 812/1079/12 810/1081/12
f 806/1084/11 809/1082/11 807/1083/11
f 801/1086/10 803/1088/10 806/1084/10
f 798/1087/9 800/1090/9 803/1088/9
f 795/1089/8 797/1092/8 800/1090/8
f 792/1091/7 794/1094/7 797/1092/7
f 789/1093/6 791/1096/6 794/1094/6
f 786/1095/5 788/1098/5 791/1096/5
f 783/1097/4 785/1100/4 788/1098/4
f 780/1099/3 782/1102/3 785/1100/3
f 776/1101/2 779/1104/2 782/1102/2
f 775/1103/114 774/1462/114 779/1104/114
f 906/1020/44 1182/1303/44 1180/1105/44
f 604/872/79 1026/1747/79 1028/1106/79
f 746/1107/57 963/1321/57 964/1108/57
f 820/941/16 1125/1708/16 1127/1110/16
f 709/1111/56 830/1319/56 827/1112/56
f 651/795/102 653/797/102 1075/1114/102
f 744/1116/57 742/1326/57 961/1117/57
f 705/1119/56 824/1324/56 821/1120/56
f 781/914/3 1099/1705/3 1101/1122/3
f 740/1123/57 738/1331/57 959/1124/57
f 627/769/89 1049/1327/89 1047/1126/89
f 701/1127/56 818/1329/56 815/1128/56
f 895/988/41 1175/1741/41 1177/1130/41
f 819/1075/15 1124/1429/15 1122/1131/15
f 734/1132/57 957/1334/57 958/1133/57
f 650/828/101 648/829/101 1070/1135/101
f 769/1137/56 771/1378/56 923/1138/56
f 697/1140/56 812/1333/56 809/1141/56
f 601/746/76 1023/1332/76 1021/1143/76
f 732/1144/57 730/1339/57 955/1145/57
f 765/1147/56 767/1383/56 917/1148/56
f 691/1150/56 693/1337/56 806/1151/56
f 776/1101/2 780/1099/2 1098/1153/2
f 728/1155/57 726/1344/57 953/1156/57
f 622/855/88 1044/1698/88 1046/1158/88
f 763/1159/56 911/1386/56 908/1160/56
f 689/1162/56 800/1342/56 797/1163/56
f 891/1030/40 894/1028/40 1174/1165/40
f 988/1167/51 980/1958/51 1200/1168/51
f 724/1170/57 722/1349/57 951/1171/57
f 598/878/75 596/881/75 1018/1173/75
f 759/1175/56 905/1391/56 902/1176/56
f 685/1178/56 794/1348/56 791/1179/56
f 569/815/111 1093/1711/111 1091/1181/111
f 720/1182/57 718/1353/57 949/1183/57
f 753/1185/56 755/1397/56 899/1186/56
f 681/1188/56 788/1351/56 785/1189/56
f 811/934/12 808/932/12 1117/1191/12
f 716/1193/57 714/1359/57 947/1194/57
f 645/788/98 1067/1355/98 1065/1196/98
f 751/1197/56 893/1401/56 890/1198/56
f 677/1200/56 782/1356/56 779/1201/56
f 922/1006/116 1193/1692/116 1195/1203/116
f 668/817/110 666/819/110 1088/1204/110
f 710/1206/57 945/1363/57 946/1207/57
f 671/1209/53 976/1959/53 977/1210/53
f 619/764/85 1041/1360/85 1039/1211/85
f 747/1212/56 887/1402/56 884/1213/56
f 883/979/37 1167/1376/37 1169/1215/37
f 708/1216/57 706/1367/57 943/1217/57
f 807/1083/11 1116/1760/11 1114/1219/11
f 741/1220/56 743/1406/56 881/1221/56
f 642/835/97 640/837/97 1062/1223/97
f 704/1225/57 702/1373/57 941/1226/57
f 593/737/72 1015/1369/72 1013/1228/72
f 918/1012/49 921/1010/49 1192/1229/49
f 737/1231/56 739/1408/56 875/1232/56
f 616/861/84 614/863/84 1036/1234/84
f 882/1036/36 1166/1376/36 1164/1236/36
f 698/1237/57 939/1375/57 940/1238/57
f 590/887/71 588/889/71 1010/1240/71
f 735/1242/56 869/1412/56 866/1243/56
f 661/805/107 663/807/107 1085/1245/107
f 768/1247/57 974/1420/57 975/1248/57
f 694/1250/57 937/1379/57 938/1251/57
f 982/1253/54 571/715/54 995/1254/54
f 731/1256/56 863/1418/56 860/1257/56
f 796/924/8 1109/1682/8 1111/1259/8
f 764/1260/57 972/1423/57 973/1261/57
f 690/1263/57 935/1384/57 936/1264/57
f 637/780/94 1059/1381/94 1057/1266/94
f 913/1000/46 910/998/46 1185/1267/46
f 727/1269/56 857/1421/56 854/1270/56
f 658/824/106 1080/1678/106 1082/1272/106
f 611/756/81 1033/1385/81 1031/1273/81
f 760/1274/57 970/1428/57 971/1275/57
f 688/1277/57 686/1387/57 933/1278/57
f 871/971/33 1159/1722/33 1161/1280/33
f 721/1281/56 723/1425/56 851/1282/56
f 792/1091/7 795/1089/7 1108/1284/7
f 758/1286/57 756/1432/57 968/1287/57
f 684/1289/57 682/1390/57 931/1290/57
f 632/845/117 1054/1675/117 1056/1292/117
f 719/1293/56 845/1430/56 842/1294/56
f 585/730/113 1007/1392/113 1005/1296/113
f 752/1297/57 966/1435/57 967/1298/57
f 680/1300/57 678/1396/57 929/1301/57
f 909/1018/45 1184/1393/45 1182/1303/45
f 985/1304/54 773/711/54 1195/1203/54
f 713/1306/56 715/1433/56 839/1307/56
f 606/871/80 1028/1106/80 1030/1309/80
f 867/1046/32 870/1044/32 1158/1310/32
f 750/1312/57 748/1109/57 964/1108/57
f 676/1314/57 674/1399/57 927/1315/57
f 580/897/67 1002/1716/67 1004/1317/67
f 711/1318/56 833/1437/56 830/1319/56
f 653/797/103 655/799/103 1077/1320/103
f 744/1116/57 962/1118/57 963/1321/57
f 775/1103/53 1094/1699/53 1198/1322/53
f 705/1119/56 707/1113/56 827/1112/56
f 787/918/4 784/916/4 1101/1122/4
f 740/1123/57 960/1125/57 961/1117/57
f 629/772/90 1051/1405/90 1049/1327/90
f 898/990/42 1177/1130/42 1179/1328/42
f 703/1121/56 821/1120/56 818/1329/56
f 650/828/102 1072/1136/102 1074/1330/102
f 738/1331/57 736/1134/57 958/1133/57
f 603/748/77 1025/1411/77 1023/1332/77
f 697/1140/56 699/1129/56 815/1128/56
f 734/1132/57 732/1144/57 956/1146/57
f 859/1335/155 1151/1710/155 1153/1336/155
f 695/1142/56 809/1141/56 806/1151/56
f 780/1099/3 783/1097/3 1100/1338/3
f 728/1155/57 954/1157/57 955/1145/57
f 626/851/89 624/853/89 1046/1158/89
f 577/722/64 999/1417/64 997/1341/64
f 689/1162/56 691/1150/56 803/1152/56
f 894/1028/41 897/1026/41 1176/1343/41
f 724/1170/57 952/1172/57 953/1156/57
f 982/1345/51 1202/1960/51 1203/1346/51
f 685/1178/56 687/1164/56 797/1163/56
f 720/1182/57 950/1184/57 951/1171/57
f 598/878/76 1020/1174/76 1022/1350/76
f 681/1188/56 683/1180/56 791/1179/56
f 858/1051/28 1150/1426/28 1148/1352/28
f 716/1193/57 948/1195/57 949/1183/57
f 572/905/63 993/1703/63 996/1354/63
f 647/790/99 1069/1961/99 1067/1355/99
f 679/1190/56 785/1189/56 782/1356/56
f 979/1357/51 987/1442/51 1198/1358/51
f 712/1208/57 946/1207/57 947/1194/57
f 621/766/86 1043/1431/86 1041/1360/86
f 675/1202/56 779/1201/56 774/1361/56
f 710/1206/57 708/1216/57 944/1218/57
f 889/984/38 886/1952/38 1169/1364/38
f 644/833/98 642/835/98 1064/1224/98
f 704/1225/57 942/1227/57 943/1217/57
f 595/1368/73 1017/1962/73 1015/1369/73
f 921/1010/116 924/1009/116 1194/1370/116
f 847/1371/25 1143/1696/25 1145/1372/25
f 700/1239/57 940/1238/57 941/1226/57
f 618/859/85 616/861/85 1038/1235/85
f 696/1252/57 938/1251/57 939/1375/57
f 885/1035/37 1168/1963/37 1166/1376/37
f 590/887/72 1012/1241/72 1014/1377/72
f 771/1378/56 670/708/56 925/710/56
f 694/1250/57 692/1265/57 936/1264/57
f 846/1058/24 1142/1762/24 1140/1380/24
f 639/782/95 1061/1727/95 1059/1381/95
f 913/1000/47 1187/1268/47 1189/1382/47
f 769/1137/56 920/1139/56 917/1148/56
f 688/1277/57 934/1279/57 935/1384/57
f 613/758/82 1035/1758/82 1033/1385/82
f 763/1159/56 765/1147/56 914/1149/56
f 684/1289/57 932/1291/57 933/1278/57
f 874/973/34 1161/1280/34 1163/1388/34
f 634/843/94 1056/1292/94 1058/1389/94
f 680/1300/57 930/1302/57 931/1290/57
f 761/1161/56 908/1160/56 905/1391/56
f 587/732/69 1009/1756/69 1007/1392/69
f 912/1016/46 1186/1755/46 1184/1393/46
f 835/951/21 1135/1685/21 1137/1394/21
f 678/1396/57 676/1314/57 928/1316/57
f 757/1177/56 902/1176/56 899/1186/56
f 608/869/81 1030/1309/81 1032/1398/81
f 674/1399/57 672/1458/57 926/1400/57
f 753/1185/56 896/1187/56 893/1401/56
f 873/1042/33 1160/1753/33 1158/1310/33
f 747/1212/56 749/1199/56 890/1198/56
f 582/895/113 1004/1317/113 1006/1403/113
f 834/1066/20 1134/1685/20 1132/1404/20
f 631/774/91 1053/1717/91 1051/1405/91
f 745/1214/56 884/1213/56 881/1221/56
f 901/992/43 1179/1328/43 1181/1407/43
f 739/1408/56 741/1220/56 878/1222/56
f 979/1409/54 1199/1793/54 992/1410/54
f 605/750/78 1027/1751/78 1025/1411/78
f 735/1242/56 737/1231/56 872/1233/56
f 862/965/30 1153/1336/30 1155/1413/30
f 626/851/90 1048/1340/90 1050/1414/90
f 770/1249/57 975/1248/57 772/1415/57
f 579/724/65 1001/1749/65 999/1417/65
f 731/1256/56 733/1244/56 866/1243/56
f 897/1026/42 900/1024/42 1178/1419/42
f 768/1247/57 766/1262/57 973/1261/57
f 727/1269/56 729/1258/56 860/1257/56
f 823/943/17 1127/1110/17 1129/1422/17
f 762/1276/57 971/1275/57 972/1423/57
f 600/876/77 1022/1350/77 1024/1424/77
f 723/1425/56 725/1271/56 854/1270/56
f 861/1050/29 1152/1746/29 1150/1426/29
f 574/903/64 996/1354/64 998/1427/64
f 760/1274/57 758/1286/57 969/1288/57
f 822/1073/16 1126/1743/16 1124/1429/16
f 721/1281/56 848/1283/56 845/1430/56
f 623/768/87 1045/1702/87 1043/1431/87
f 756/1432/57 754/1299/57 967/1298/57
f 715/1433/56 717/1295/56 842/1294/56
f 889/984/39 1171/1365/39 1173/1434/39
f 752/1297/57 750/1312/57 965/1313/57
f 597/742/74 1019/1740/74 1017/1436/74
f 713/1306/56 836/1308/56 833/1437/56
f 976/1438/51 984/1964/51 985/1439/51
f 979/1357/51 978/1965/51 986/1441/51
f 981/1443/51 980/1958/51 988/1167/51
f 982/1345/51 990/1347/51 991/1445/51
f 925/1447/54 989/1966/54 988/1448/54
f 672/716/54 571/715/54 982/1253/54
f 926/911/53 991/1967/53 990/1450/53
f 673/1362/56 774/1361/56 986/1451/56
f 850/958/26 1145/1372/26 1147/1453/26
f 618/859/86 1040/1374/86 1042/1454/86
f 670/1455/53 568/816/53 980/1456/53
f 672/1458/57 983/1968/57 991/1459/57
f 673/908/54 978/1969/54 979/1409/54
f 671/1416/57 772/1415/57 984/1460/57
f 774/1462/53 775/1103/53 987/1323/53
f 888/1031/38 1170/1738/38 1168/1464/38
f 992/1465/57 1199/1970/57 1198/1466/57
f 1040/1468/57 1142/1517/57 1144/1469/57
f 1019/1471/56 1121/1653/56 1119/1472/56
f 1045/1474/56 1147/1621/56 1145/1475/56
f 998/1477/57 996/1529/57 1098/1478/57
f 1022/1480/57 1124/1531/57 1126/1481/57
f 1001/1483/56 1103/1658/56 1101/1484/56
f 1050/1486/57 1048/1534/57 1150/1487/57
f 1027/1489/56 1129/1659/56 1127/1490/56
f 1053/1492/56 1155/1632/56 1153/1493/56
f 1004/1495/57 1106/1547/57 1108/1496/57
f 1030/1498/57 1132/1549/57 1134/1499/57
f 1009/1501/56 1111/1664/56 1109/1502/56
f 1058/1504/57 1056/1553/57 1158/1505/57
f 1035/1507/56 1137/1665/56 1135/1508/56
f 1061/1510/56 1163/1642/56 1161/1511/56
f 1012/1513/57 1114/1565/57 1116/1514/57
f 1038/1516/57 1140/1567/57 1142/1517/57
f 1015/1518/56 1017/1473/56 1119/1472/56
f 1066/1520/57 1064/1571/57 1166/1521/57
f 1041/1523/56 1043/1476/56 1145/1475/56
f 1067/1525/56 1069/1650/56 1171/1526/56
f 993/1528/57 1095/1622/57 1098/1478/57
f 1020/1530/57 1122/1583/57 1124/1531/57
f 999/1485/56 1101/1484/56 1099/1532/56
f 1048/1534/57 1046/1585/57 1148/1535/57
f 1025/1491/56 1127/1490/56 1125/1536/56
f 1072/1538/57 1174/1589/57 1176/1539/57
f 1049/1541/56 1051/1494/56 1153/1493/56
f 1077/1543/56 1179/1657/56 1177/1544/56
f 1004/1495/57 1002/1631/57 1104/1546/57
f 1030/1498/57 1028/1594/57 1130/1548/57
f 1005/1550/56 1007/1503/56 1109/1502/56
f 1054/1552/57 1156/1597/57 1158/1505/57
f 1031/1554/56 1033/1509/56 1135/1508/56
f 1082/1556/57 1080/1600/57 1182/1557/57
f 1057/1559/56 1059/1512/56 1161/1511/56
f 1083/1561/56 1085/1663/56 1187/1562/56
f 1010/1564/57 1112/1641/57 1114/1565/57
f 1036/1566/57 1138/1607/57 1140/1567/57
f 1015/1518/56 1117/1519/56 1115/1568/56
f 1062/1570/57 1164/1609/57 1166/1521/57
f 1041/1523/56 1143/1524/56 1141/1572/56
f 1088/1574/57 1190/1613/57 1192/1575/57
f 1065/1577/56 1067/1525/56 1169/1527/56
f 1091/1579/56 1093/1669/56 1195/1580/56
f 1018/1582/57 1120/1649/57 1122/1583/57
f 1044/1584/57 1146/1618/57 1148/1535/57
f 1023/1537/56 1125/1536/56 1123/1586/56
f 1072/1538/57 1070/1620/57 1172/1588/57
f 1049/1541/56 1151/1542/56 1149/1590/56
f 1073/1592/56 1075/1545/56 1177/1544/56
f 1028/1594/57 1026/1656/57 1128/1595/57
f 1054/1552/57 1052/1627/57 1154/1596/57
f 1031/1554/56 1133/1555/56 1131/1598/56
f 1080/1600/57 1078/1629/57 1180/1601/57
f 1057/1559/56 1159/1560/56 1157/1602/56
f 1083/1561/56 1185/1563/56 1183/1604/56
f 1036/1566/57 1034/1662/57 1136/1606/57
f 1062/1570/57 1060/1637/57 1162/1608/57
f 1037/1610/56 1039/1573/56 1141/1572/56
f 1088/1574/57 1086/1639/57 1188/1612/57
f 1065/1577/56 1167/1578/56 1165/1614/56
f 1089/1616/56 1091/1579/56 1193/1581/56
f 1044/1584/57 1042/1470/57 1144/1469/57
f 1068/1619/57 1170/1647/57 1172/1588/57
f 1045/1474/56 1047/1591/56 1149/1590/56
f 993/1528/57 992/1465/57 1094/1467/57
f 1073/1592/56 1175/1593/56 1173/1623/56
f 994/1625/56 997/1533/56 1099/1532/56
f 1050/1486/57 1152/1488/57 1154/1596/57
f 1076/1628/57 1178/1654/57 1180/1601/57
f 1000/1630/57 1102/1655/57 1104/1546/57
f 1053/1492/56 1055/1603/56 1157/1602/56
f 1081/1605/56 1183/1604/56 1181/1633/56
f 1005/1550/56 1107/1551/56 1105/1635/56
f 1058/1504/57 1160/1506/57 1162/1608/57
f 1084/1638/57 1186/1660/57 1188/1612/57
f 1010/1564/57 1008/1661/57 1110/1640/57
f 1061/1510/56 1063/1615/56 1165/1614/56
f 1089/1616/56 1191/1617/56 1189/1643/56
f 1011/1645/56 1013/1569/56 1115/1568/56
f 1066/1520/57 1168/1522/57 1170/1647/57
f 1018/1582/57 1016/1668/57 1118/1648/57
f 1071/1624/56 1173/1623/56 1171/1526/56
f 994/1625/56 1096/1626/56 1097/1651/56
f 1021/1587/56 1123/1586/56 1121/1653/56
f 1076/1628/57 1074/1540/57 1176/1539/57
f 998/1477/57 1100/1479/57 1102/1655/57
f 1024/1482/57 1126/1481/57 1128/1595/57
f 1077/1543/56 1079/1634/56 1181/1633/56
f 1003/1636/56 1105/1635/56 1103/1658/56
f 1027/1489/56 1029/1599/56 1131/1598/56
f 1082/1556/57 1184/1558/57 1186/1660/57
f 1006/1497/57 1108/1496/57 1110/1640/57
f 1034/1662/57 1032/1500/57 1134/1499/57
f 1085/1663/56 1087/1644/56 1189/1643/56
f 1011/1645/56 1113/1646/56 1111/1664/56
f 1037/1610/56 1139/1611/56 1137/1665/56
f 1090/1576/57 1192/1575/57 1194/1666/57
f 1016/1668/57 1014/1515/57 1116/1514/57
f 1093/1669/56 1197/1971/56 1196/1670/56
f 1092/1667/57 1194/1666/57 1201/1671/57
f 995/1652/56 1097/1651/56 1203/1673/56
f 630/847/92 1052/1712/92 1054/1675/92
f 792/1091/6 1106/1285/6 1104/1676/6
f 607/752/80 609/754/80 1031/1273/80
f 656/825/105 1078/1714/105 1080/1678/105
f 910/998/45 907/996/45 1183/1679/45
f 831/1067/19 1132/1404/19 1130/1680/19
f 635/778/93 1057/1266/93 1055/1681/93
f 793/922/7 1107/1718/7 1109/1682/7
f 659/803/106 661/805/106 1083/1246/106
f 835/951/20 832/949/20 1133/1684/20
f 614/863/83 612/865/83 1034/1686/83
f 918/1012/48 1190/1230/48 1188/1687/48
f 638/839/96 1060/1723/96 1062/1223/96
f 804/1085/10 1114/1219/10 1112/1688/10
f 617/762/84 1039/1211/84 1037/1689/84
f 990/1450/53 1203/1322/53 1097/1690/53
f 666/819/109 664/821/109 1086/1691/109
f 919/1004/49 1191/1759/49 1193/1692/49
f 843/1060/23 1140/1380/23 1138/1693/23
f 641/784/97 643/786/97 1065/1196/97
f 805/930/11 1115/1728/11 1117/1191/11
f 568/816/53 1092/1761/53 1200/1449/53
f 667/811/110 669/813/110 1091/1181/110
f 844/956/24 1141/1731/24 1143/1696/24
f 985/1439/51 1196/1972/51 1197/1697/51
f 620/857/87 1042/1454/87 1044/1698/87
f 776/1101/114 1095/1154/114 1094/1699/114
f 648/829/100 646/830/100 1068/1700/100
f 816/1076/14 1122/1131/14 1120/1701/14
f 625/770/88 1047/1126/88 1045/1702/88
f 570/907/62 992/1410/62 993/1703/62
f 781/914/2 777/912/2 1096/1704/2
f 855/1053/27 1148/1352/27 1146/1706/27
f 649/792/101 651/795/101 1073/1115/101
f 817/939/15 1123/1737/15 1125/1708/15
f 575/720/63 997/1341/63 994/1709/63
f 856/963/28 1149/1739/28 1151/1710/28
f 977/1210/53 1197/1973/53 1093/1711/53
f 628/849/91 1050/1414/91 1052/1712/91
f 789/1093/5 1104/1676/5 1102/1713/5
f 654/826/104 1076/1742/104 1078/1714/104
f 825/1070/18 828/1068/18 1130/1680/18
f 578/899/66 1000/1744/66 1002/1716/66
f 633/776/92 1055/1681/92 1053/1717/92
f 790/920/6 1105/1745/6 1107/1718/6
f 867/1046/31 1156/1311/31 1154/1719/31
f 657/801/105 659/803/105 1081/1683/105
f 829/947/19 1131/1748/19 1133/1684/19
f 581/726/67 583/728/67 1005/1296/67
f 868/969/32 1157/1750/32 1159/1722/32
f 988/1448/54 1201/1974/54 1194/1370/54
f 638/839/95 636/841/95 1058/1389/95
f 798/1087/9 801/1086/9 1112/1688/9
f 662/822/108 1084/1752/108 1086/1691/108
f 840/1062/22 1138/1693/22 1136/1725/22
f 588/889/70 586/892/70 1008/1726/70
f 639/782/96 641/784/96 1063/1694/96
f 805/930/10 802/928/10 1113/1688/10
f 879/1038/35 1164/1236/35 1162/1729/35
f 665/809/109 667/811/109 1089/1695/109
f 841/953/23 1139/1754/23 1141/1731/23
f 591/736/71 1013/1228/71 1011/1732/71
f 880/977/36 1165/1757/36 1167/1376/36
f 646/831/99 644/833/99 1066/1366/99
f 813/1080/13 1120/1975/13 1118/1734/13
f 778/909/114 1097/1690/114 1096/1704/114
f 852/1055/26 1146/1706/26 1144/1735/26
f 596/881/74 594/883/74 1016/1736/74
f 649/792/100 1071/1707/100 1069/1446/100
f 814/936/14 1121/1701/14 1123/1737/14
f 891/1030/39 1172/1166/39 1170/1738/39
f 573/718/62 994/1709/62 995/1254/62
f 853/961/27 1147/1453/27 1149/1739/27
f 599/744/75 1021/1143/75 1019/1740/75
f 895/988/40 892/986/40 1173/1434/40
f 786/1095/4 1102/1713/4 1100/1338/4
f 652/827/103 1074/1330/103 1076/1742/103
f 822/1073/17 825/1070/17 1128/1715/17
f 576/901/65 998/1427/65 1000/1744/65
f 787/918/5 1103/1325/5 1105/1745/5
f 864/1048/30 1154/1719/30 1152/1746/30
f 602/874/78 1024/1424/78 1026/1747/78
f 657/801/104 1079/1720/104 1077/1320/104
f 826/945/18 1129/1422/18 1131/1748/18
f 900/1024/43 903/1022/43 1180/1105/43
f 579/724/66 581/726/66 1003/1721/66
f 865/967/31 1155/1413/31 1157/1750/31
f 607/752/79 1029/1677/79 1027/1751/79
f 907/996/44 904/994/44 1181/1407/44
f 795/1089/8 798/1087/8 1110/1724/8
f 660/823/107 1082/1272/107 1084/1752/107
f 837/1064/21 1136/1725/21 1134/1685/21
f 584/893/69 1006/1403/69 1008/1726/69
f 799/926/9 1111/1259/9 1113/1688/9
f 876/1040/34 1162/1729/34 1160/1753/34
f 610/867/82 1032/1398/82 1034/1686/82
f 663/807/108 665/809/108 1087/1730/108
f 841/953/22 838/1395/22 1137/1394/22
f 915/1014/47 1188/1687/47 1186/1755/47
f 589/734/70 1011/1732/70 1009/1756/70
f 877/975/35 1163/1388/35 1165/1757/35
f 615/760/83 1037/1689/83 1035/1758/83
f 919/1004/48 916/1002/48 1189/1382/48
f 807/1083/12 810/1081/12 1118/1734/12
f 668/817/111 1090/1205/111 1092/1761/111
f 849/1056/25 1144/1735/25 1142/1762/25
f 592/884/73 1014/1377/73 1016/1763/73
f 811/934/13 1119/1192/13 1121/1765/13
f 1205/1767/85 1211/1770/85 1210/1768/85
f 1206/1767/86 1212/1770/86 1211/1768/86
f 1207/1767/87 1213/1770/87 1212/1768/87
f 1208/1767/88 1214/1770/88 1213/1768/88
f 1209/1767/89 1215/1770/89 1214/1768/89
f 1216/1767/26 1218/1770/26 1219/1768/26
f 1218/1767/26 1220/1770/26 1221/1768/26
f 1220/1767/26 1222/1770/26 1223/1768/26
f 1222/1767/26 1224/1770/26 1225/1768/26
f 1224/1767/26 1226/1770/26 1227/1768/26
f 1233/1767/94 1230/1770/94 1229/1768/94
f 1232/1767/117 1229/1770/117 1228/1768/117
f 1239/1769/121 1238/1767/121 1242/1770/121
f 1236/1767/156 1240/1770/156 1241/1768/156
f 1242/1767/126 1246/1770/126 1247/1768/126
f 1241/1769/127 1240/1767/127 1244/1770/127
f 1258/1767/135 1262/1770/135 1263/1768/135
f 1257/1767/136 1261/1770/136 1262/1768/136
f 1257/1769/137 1256/1767/137 1260/1770/137
f 1266/1767/138 1270/1770/138 1271/1768/138
f 1265/1767/157 1269/1770/157 1270/1768/157
f 1265/1769/158 1264/1767/158 1268/1770/158
f 1279/1769/141 1278/1767/141 1274/1770/141
f 1278/1769/159 1277/1767/159 1273/1770/159
f 1276/1767/160 1272/1770/160 1273/1768/160
f 1282/1769/144 1281/1767/144 1285/1770/144
f 1280/1767/145 1284/1770/145 1285/1768/145
f 1283/1769/161 1282/1767/161 1286/1770/161
f 1289/1769/147 1288/1767/147 1290/1770/147
f 1293/1767/162 1296/1770/162 1297/1768/162
f 1293/1769/163 1292/1767/163 1295/1770/163
f 1298/1767/164 1300/1770/164 1301/1768/164
f 1302/1771/54 1304/663/54 1317/1976/54
f 1302/1771/54 1317/1976/54 1315/1977/54
f 1311/1978/54 1305/1979/54 1303/1773/54
f 1302/1771/54 1315/1977/54 1313/1772/54
f 1313/1772/54 1311/1978/54 1303/1773/54
f 1307/1775/53 1309/1979/53 1310/1980/53
f 1307/1775/53 1310/1980/53 1312/1981/53
f 1316/1982/53 1308/706/53 1306/1774/53
f 1307/1775/53 1312/1981/53 1314/1776/53
f 1314/1776/53 1316/1982/53 1306/1774/53
f 1303/1777/61 1307/1983/61 1306/1778/61
f 1311/1780/51 1310/1795/51 1309/1781/51
f 1304/1783/56 1302/935/56 1306/1784/56
f 1305/1786/57 1309/1984/57 1307/1787/57
f 1315/1168/57 1317/740/57 1316/1789/57
f 1314/1791/51 1312/1985/51 1313/1792/51
f 1317/1780/51 1304/1986/51 1308/1794/51
f 1312/1787/56 1310/1987/56 1311/1796/56
f 1322/600/56 1325/1988/56 1319/654/56
f 1320/648/57 1323/699/57 1324/1797/57
f 564/692/61 1324/692/61 1323/679/61
f 567/703/54 1325/703/54 1322/664/54
f 563/685/61 1319/685/61 1325/1799/61
f 546/600/51 1322/600/51 1318/601/51
f 540/590/54 1321/590/54 1324/1800/54
f 534/648/51 1320/648/51 1321/1798/51
g TEcho_Malla
v 1.734139 4.056979 -0.204648
v 1.734139 4.067174 -0.096801
v 1.734139 4.070576 0.011474
v 1.734139 4.067173 0.119748
v 1.734139 4.056979 0.227595
v 1.734139 4.040032 0.334590
v 1.101058 4.056979 -0.204648
v 1.101058 4.067173 -0.096801
v 1.101058 4.070576 0.011474
v 1.101058 4.067173 0.119748
v 1.101058 4.056978 0.227595
v 1.101058 4.040032 0.334590
v 1.143131 4.116775 -0.168765
v 1.692067 4.116776 -0.168765
v 1.143131 4.125614 -0.075252
v 1.692067 4.125615 -0.075252
v 1.143131 4.128565 0.018631
v 1.692067 4.128565 0.018631
v 1.143131 4.125614 0.112515
v 1.692067 4.125614 0.112515
v 1.143131 4.116775 0.206027
v 1.692067 4.116775 0.206027
v 1.143131 4.102080 0.298801
v 1.692067 4.102081 0.298801
v 1.381790 4.124923 -0.115564
v 1.483622 4.124685 -0.108018
v 1.289554 4.123636 -0.074641
v 1.567763 4.122989 -0.054024
v 1.231626 4.121171 0.003786
v 1.611667 4.120286 0.031949
v 1.223530 4.118188 0.098703
v 1.603571 4.117303 0.126866
v 1.267435 4.115486 0.184677
v 1.545644 4.114839 0.205293
v 1.351575 4.113790 0.238670
v 1.453407 4.113553 0.246217
v 1.330416 4.670310 -0.170727
v 1.464200 4.670640 -0.181238
v 1.219992 4.667991 -0.096966
v 1.585498 4.668895 -0.125682
v 1.162517 4.664307 0.020281
v 1.661808 4.665540 -0.018946
v 1.173391 4.660242 0.149598
v 1.672681 4.661476 0.110371
v 1.249700 4.656888 0.256335
v 1.615207 4.657791 0.227618
v 1.370998 4.655143 0.311890
v 1.504783 4.655473 0.301380
v 1.357887 4.667972 -0.096347
v 1.449517 4.668200 -0.103546
v 1.282258 4.666385 -0.045828
v 1.532594 4.667003 -0.065496
v 1.242893 4.663861 0.034475
v 1.584858 4.664706 0.007608
v 1.250340 4.661077 0.123044
v 1.592306 4.661922 0.096178
v 1.302605 4.658780 0.196148
v 1.552941 4.659399 0.176481
v 1.385682 4.657584 0.234199
v 1.477311 4.657810 0.227000
v 1.357887 4.302271 -0.096347
v 1.449517 4.302498 -0.103546
v 1.282257 4.300684 -0.045828
v 1.532594 4.301302 -0.065496
v 1.242893 4.298160 0.034475
v 1.584858 4.299005 0.007608
v 1.250340 4.295376 0.123044
v 1.592306 4.296221 0.096178
v 1.302605 4.293079 0.196148
v 1.552941 4.293698 0.176481
v 1.385682 4.291883 0.234199
v 1.477311 4.292109 0.227000
v -1.991491 4.084818 0.805834
v -2.025766 3.949483 0.646259
v -2.025766 3.906460 0.745678
v -2.025767 3.857281 0.842199
v -1.991491 4.084818 0.745318
v -1.841996 3.949483 0.646259
v -1.841996 3.906460 0.745678
v -1.841996 3.857281 0.842199
v -1.991491 4.084818 0.682984
v -1.876271 4.084818 0.682984
v -1.876271 4.084818 0.745318
v -1.876271 4.084818 0.805834
v -1.958003 4.084818 0.708267
v -1.916229 4.084818 0.708267
v -1.976269 4.084818 0.744712
v -1.962453 4.084818 0.781157
v -1.895952 4.084818 0.744712
v -1.910987 4.084818 0.781157
v -1.984779 4.429603 0.708267
v -1.943005 4.429603 0.708267
v -2.003045 4.429603 0.744712
v -1.989229 4.429603 0.781157
v -1.922727 4.429603 0.744712
v -1.937763 4.429603 0.781157
v -1.950818 4.717700 0.720530
v -1.923100 4.717700 0.720530
v -1.962938 4.717700 0.744712
v -1.953770 4.717700 0.768894
v -1.909645 4.717700 0.744712
v -1.919622 4.717700 0.768894
v -1.950818 5.112361 0.720530
v -1.923100 5.112361 0.720530
v -1.962938 5.112361 0.744712
v -1.953770 5.112361 0.768894
v -1.909645 5.112361 0.744712
v -1.919622 5.112361 0.768894
v -1.939241 4.889696 0.720530
v -1.925786 4.889696 0.744712
v -1.979079 4.889696 0.744712
v -1.966959 4.889696 0.720530
v -1.935763 4.889696 0.768894
v -1.969911 4.889696 0.768894
v -1.933329 4.804382 0.760393
v -1.933329 4.799809 0.775472
v -1.933329 4.756307 0.818973
v -1.944417 4.804382 0.755800
v -1.955079 4.799809 0.766462
v -1.964906 4.792380 0.776289
v -1.973519 4.782384 0.784902
v -1.980587 4.770203 0.791970
v -1.985839 4.756307 0.797222
v -1.989074 4.741228 0.800457
v -1.990166 4.725547 0.801549
v -1.989074 4.709865 0.800457
v -1.985839 4.694786 0.797222
v -1.980587 4.680890 0.791970
v -1.973519 4.668709 0.784902
v -1.964906 4.658713 0.776289
v -1.955079 4.651285 0.766462
v -1.944417 4.646711 0.755800
v -1.964089 4.799809 0.744712
v -1.977985 4.792380 0.744712
v -1.990166 4.782384 0.744712
v -2.000162 4.770203 0.744712
v -2.007590 4.756307 0.744712
v -2.012164 4.741228 0.744712
v -2.013709 4.725547 0.744712
v -2.012164 4.709865 0.744712
v -2.007590 4.694786 0.744712
v -2.000162 4.680890 0.744712
v -1.990166 4.668709 0.744712
v -1.977985 4.658713 0.744712
v -1.964089 4.651285 0.744712
v -1.944417 4.804382 0.733623
v -1.955079 4.799809 0.722961
v -1.964906 4.792380 0.713134
v -1.973519 4.782384 0.704521
v -1.980587 4.770203 0.697453
v -1.985839 4.756307 0.692201
v -1.989074 4.741228 0.688966
v -1.990166 4.725547 0.687874
v -1.989074 4.709865 0.688966
v -1.985839 4.694786 0.692201
v -1.980587 4.680890 0.697453
v -1.973519 4.668709 0.704521
v -1.964906 4.658713 0.713134
v -1.955079 4.651285 0.722961
v -1.944417 4.646711 0.733623
v -1.933329 4.804382 0.729030
v -1.933329 4.799809 0.713951
v -1.933329 4.792380 0.700055
v -1.933329 4.782384 0.687874
v -1.933329 4.770203 0.677878
v -1.933329 4.756307 0.670450
v -1.933329 4.741228 0.665876
v -1.933329 4.725547 0.664331
v -1.933329 4.709865 0.665876
v -1.933329 4.694786 0.670450
v -1.933329 4.680890 0.677878
v -1.933329 4.668709 0.687874
v -1.933329 4.658713 0.700055
v -1.933329 4.651285 0.713951
v -1.933329 4.646711 0.729030
v -1.933329 4.805927 0.744712
v -1.922240 4.804382 0.733623
v -1.911578 4.799809 0.722961
v -1.901752 4.792380 0.713134
v -1.893138 4.782384 0.704521
v -1.886070 4.770203 0.697453
v -1.880818 4.756307 0.692201
v -1.877583 4.741228 0.688966
v -1.876491 4.725547 0.687874
v -1.877583 4.709865 0.688966
v -1.880818 4.694787 0.692201
v -1.886070 4.680890 0.697453
v -1.893138 4.668709 0.704521
v -1.901752 4.658713 0.713134
v -1.911578 4.651285 0.722961
v -1.922240 4.646711 0.733623
v -1.917647 4.804382 0.744712
v -1.902568 4.799809 0.744712
v -1.888672 4.792380 0.744712
v -1.876491 4.782384 0.744712
v -1.866495 4.770203 0.744712
v -1.859067 4.756307 0.744712
v -1.854493 4.741228 0.744712
v -1.852948 4.725547 0.744712
v -1.854493 4.709865 0.744712
v -1.859067 4.694787 0.744712
v -1.866495 4.680890 0.744712
v -1.876491 4.668709 0.744712
v -1.888672 4.658713 0.744712
v -1.902568 4.651285 0.744712
v -1.917647 4.646711 0.744712
v -1.922240 4.804382 0.755800
v -1.911578 4.799809 0.766462
v -1.901752 4.792380 0.776289
v -1.893138 4.782384 0.784902
v -1.886070 4.770203 0.791970
v -1.880818 4.756307 0.797222
v -1.877583 4.741228 0.800457
v -1.876491 4.725547 0.801549
v -1.877583 4.709865 0.800457
v -1.880818 4.694787 0.797222
v -1.886070 4.680890 0.791970
v -1.893138 4.668709 0.784902
v -1.901752 4.658713 0.776289
v -1.911578 4.651285 0.766462
v -1.922240 4.646711 0.755800
v -1.933329 4.792380 0.789369
v -1.933329 4.782384 0.801549
v -1.933329 4.770203 0.811545
v -1.933329 4.741228 0.823547
v -1.933329 4.725547 0.825092
v -1.933329 4.709865 0.823547
v -1.933329 4.694786 0.818973
v -1.933329 4.680890 0.811545
v -1.933329 4.668709 0.801549
v -1.933329 4.658713 0.789369
v -1.933329 4.651285 0.775472
v -1.933329 4.646711 0.760393
v -2.426102 4.749282 0.574753
v -2.427647 4.739215 0.574753
v -2.426102 4.729149 0.574753
v -2.421528 4.719470 0.574753
v -2.403012 4.749282 0.519008
v -2.404104 4.739215 0.517915
v -2.403012 4.729149 0.519008
v -2.399777 4.719470 0.522242
v -1.473861 4.706529 0.902375
v -1.472317 4.696463 0.902375
v -1.473861 4.686397 0.902375
v -1.478435 4.676718 0.902375
v -1.496952 4.706529 0.958121
v -1.495859 4.696463 0.959212
v -1.496952 4.686397 0.958121
v -1.500186 4.676718 0.954886
v -2.150331 4.733845 1.189765
v -2.151423 4.725699 1.190857
v -2.150331 4.717553 1.189765
v -2.147096 4.709720 1.186530
v -2.094585 4.733845 1.212855
v -2.094585 4.725699 1.214400
v -2.094585 4.717553 1.212855
v -2.094585 4.709720 1.208281
v -1.778996 4.726666 0.293285
v -1.778996 4.717006 0.291741
v -1.778996 4.707345 0.293285
v -1.778996 4.698055 0.297860
v -1.723251 4.726666 0.316376
v -1.722159 4.717006 0.315284
v -1.723251 4.707345 0.316376
v -1.726485 4.698055 0.319610
v -1.480406 4.645478 0.982686
v -2.122067 4.795944 1.215062
v -2.122067 4.792170 1.227506
v -1.480481 4.655531 0.990937
v -1.480537 4.667000 0.997066
v -1.480572 4.679444 1.000841
v -2.122067 4.756267 1.263409
v -1.480584 4.692387 1.002116
v -1.480572 4.705329 1.000841
v -1.480537 4.717773 0.997066
v -1.480481 4.729242 0.990937
v -1.480405 4.739295 0.982686
v -1.480313 4.747545 0.972634
v -1.480208 4.753675 0.961166
v -1.480093 4.757450 0.948722
v -1.470908 4.627322 0.945015
v -2.122067 4.664542 1.202120
v -1.462189 4.631098 0.953895
v -2.131218 4.795944 1.211271
v -2.140018 4.792170 1.220071
v -2.148128 4.786039 1.228181
v -2.155236 4.777789 1.235289
v -2.161070 4.767736 1.241123
v -2.165405 4.756267 1.245458
v -2.168074 4.743823 1.248127
v -2.168975 4.730880 1.249028
v -2.168074 4.717938 1.248127
v -2.165405 4.705494 1.245458
v -2.161070 4.694025 1.241123
v -2.155236 4.683972 1.235289
v -2.148128 4.675722 1.228181
v -2.140018 4.669591 1.220071
v -2.131218 4.665816 1.211271
v -1.454154 4.637228 0.962079
v -1.447111 4.645478 0.969253
v -2.135009 4.795944 1.202120
v -2.147454 4.792170 1.202120
v -2.158923 4.786039 1.202120
v -2.168975 4.777789 1.202120
v -2.177226 4.767736 1.202120
v -2.183356 4.756267 1.202120
v -2.187131 4.743823 1.202120
v -2.188405 4.730880 1.202120
v -2.187131 4.717938 1.202120
v -2.183356 4.705494 1.202120
v -2.177226 4.694025 1.202120
v -2.168975 4.683972 1.202120
v -2.158923 4.675722 1.202120
v -2.147454 4.669591 1.202120
v -2.135009 4.665816 1.202120
v -1.441331 4.655531 0.975140
v -1.437037 4.667000 0.979514
v -2.131218 4.795944 1.192968
v -2.140018 4.792170 1.184169
v -2.148128 4.786039 1.176059
v -2.155236 4.777789 1.168951
v -2.161070 4.767736 1.163117
v -2.165405 4.756267 1.158782
v -2.168074 4.743823 1.156113
v -2.168975 4.730880 1.155211
v -2.168074 4.717938 1.156113
v -2.165405 4.705494 1.158782
v -2.161070 4.694025 1.163117
v -2.155236 4.683972 1.168951
v -2.148128 4.675722 1.176059
v -2.140018 4.669591 1.184169
v -2.131218 4.665816 1.192968
v -1.434392 4.679444 0.982208
v -1.433499 4.692387 0.983117
v -2.122067 4.795944 1.189178
v -2.122067 4.792170 1.176733
v -2.122067 4.786039 1.165264
v -2.122067 4.777789 1.155211
v -2.122067 4.767736 1.146961
v -2.122067 4.756267 1.140831
v -2.122067 4.743823 1.137056
v -2.122067 4.730880 1.135781
v -2.122067 4.717938 1.137056
v -2.122067 4.705494 1.140831
v -2.122067 4.694025 1.146961
v -2.122067 4.683972 1.155211
v -2.122067 4.675722 1.165264
v -2.122067 4.669591 1.176733
v -2.122067 4.665816 1.189178
v -1.434392 4.705329 0.982208
v -2.122067 4.797219 1.202120
v -2.112915 4.795944 1.192968
v -2.104116 4.792170 1.184169
v -2.096006 4.786039 1.176059
v -2.088897 4.777789 1.168951
v -2.083064 4.767736 1.163117
v -2.078729 4.756267 1.158782
v -2.076060 4.743823 1.156113
v -2.075158 4.730880 1.155211
v -2.076060 4.717938 1.156113
v -2.078729 4.705494 1.158782
v -2.083064 4.694025 1.163117
v -2.088897 4.683972 1.168951
v -2.096006 4.675722 1.176059
v -2.104116 4.669591 1.184169
v -2.112915 4.665816 1.192968
v -1.437037 4.717773 0.979514
v -1.441331 4.729242 0.975140
v -2.109125 4.795944 1.202120
v -2.096680 4.792170 1.202120
v -2.085211 4.786039 1.202120
v -2.075158 4.777789 1.202120
v -2.066908 4.767736 1.202120
v -2.060778 4.756267 1.202120
v -2.057003 4.743823 1.202120
v -2.055728 4.730880 1.202120
v -2.057003 4.717938 1.202120
v -2.060778 4.705494 1.202120
v -2.066908 4.694025 1.202120
v -2.075158 4.683972 1.202120
v -2.085211 4.675722 1.202120
v -2.096680 4.669591 1.202120
v -2.109125 4.665816 1.202120
v -1.447111 4.739295 0.969253
v -1.454154 4.747545 0.962079
v -2.112915 4.795944 1.211271
v -2.104116 4.792170 1.220071
v -2.096006 4.786039 1.228181
v -2.088897 4.777789 1.235289
v -2.083064 4.767736 1.241123
v -2.078729 4.756267 1.245458
v -2.076060 4.743823 1.248127
v -2.075158 4.730880 1.249028
v -2.076060 4.717938 1.248127
v -2.078729 4.705494 1.245458
v -2.083064 4.694025 1.241123
v -2.088897 4.683972 1.235289
v -2.096006 4.675722 1.228181
v -2.104116 4.669591 1.220071
v -2.112915 4.665816 1.211271
v -1.462189 4.753675 0.953895
v -1.470908 4.757450 0.945015
v -1.479975 4.626048 0.935780
v -1.418688 4.717773 0.936343
v -2.122067 4.786039 1.238976
v -2.122067 4.777789 1.249028
v -2.122067 4.767736 1.257278
v -1.454589 4.753675 0.936013
v -2.122067 4.743823 1.267184
v -2.122067 4.730880 1.268458
v -2.122067 4.717938 1.267184
v -2.122067 4.705494 1.263409
v -2.122067 4.694025 1.257278
v -2.122067 4.683972 1.249028
v -2.122067 4.675722 1.238976
v -2.122067 4.669591 1.227506
v -2.122067 4.665816 1.215062
v -1.467033 4.757450 0.935899
v -1.480313 4.637228 0.972634
v -1.480208 4.631098 0.961166
v -1.480094 4.627322 0.948721
v -1.489210 4.757450 0.944847
v -1.498090 4.753675 0.953566
v -1.506274 4.747545 0.961601
v -1.513447 4.739295 0.968643
v -1.519334 4.729242 0.974423
v -1.523709 4.717773 0.978718
v -1.526402 4.705329 0.981363
v -1.527312 4.692387 0.982256
v -1.526402 4.679444 0.981363
v -1.523709 4.667000 0.978718
v -1.519334 4.655531 0.974423
v -1.513447 4.645478 0.968643
v -1.506274 4.637228 0.961601
v -1.498090 4.631098 0.953566
v -1.489210 4.627322 0.944847
v -1.492916 4.757450 0.935661
v -1.505360 4.753675 0.935547
v -1.516829 4.747545 0.935442
v -1.526881 4.739295 0.935349
v -1.535131 4.729242 0.935274
v -1.541261 4.717773 0.935217
v -1.545036 4.705329 0.935183
v -1.546311 4.692387 0.935171
v -1.545036 4.679444 0.935183
v -1.541261 4.667000 0.935217
v -1.535131 4.655531 0.935274
v -1.526881 4.645478 0.935349
v -1.516829 4.637228 0.935442
v -1.505360 4.631098 0.935547
v -1.492916 4.627322 0.935661
v -1.479975 4.758725 0.935780
v -1.489042 4.757450 0.926545
v -1.497760 4.753675 0.917665
v -1.505795 4.747545 0.909481
v -1.512838 4.739295 0.902307
v -1.518618 4.729242 0.896420
v -1.522913 4.717773 0.892046
v -1.525557 4.705329 0.889352
v -1.526450 4.692387 0.888443
v -1.525557 4.679444 0.889352
v -1.522913 4.667000 0.892046
v -1.518618 4.655531 0.896420
v -1.512838 4.645478 0.902307
v -1.505795 4.637228 0.909481
v -1.497760 4.631098 0.917665
v -1.489042 4.627322 0.926545
v -1.479856 4.757450 0.922839
v -1.479741 4.753675 0.910394
v -1.479636 4.747545 0.898926
v -1.479544 4.739295 0.888874
v -1.479468 4.729242 0.880624
v -1.479412 4.717773 0.874494
v -1.479377 4.705329 0.870719
v -1.479365 4.692387 0.869444
v -1.479377 4.679444 0.870719
v -1.479412 4.667000 0.874494
v -1.479468 4.655531 0.880624
v -1.479544 4.645478 0.888874
v -1.479636 4.637228 0.898926
v -1.479741 4.631098 0.910394
v -1.479856 4.627322 0.922839
v -1.470739 4.757450 0.926713
v -1.461859 4.753675 0.917995
v -1.453675 4.747545 0.909960
v -1.446502 4.739295 0.902917
v -1.440615 4.729242 0.897137
v -1.436241 4.717773 0.892842
v -1.433547 4.705329 0.890198
v -1.432637 4.692387 0.889304
v -1.433547 4.679444 0.890198
v -1.436241 4.667000 0.892842
v -1.440615 4.655531 0.897137
v -1.446502 4.645478 0.902917
v -1.453676 4.637228 0.909960
v -1.461859 4.631098 0.917995
v -1.470740 4.627322 0.926713
v -1.443120 4.747545 0.936119
v -1.433068 4.739295 0.936211
v -1.424818 4.729242 0.936287
v -1.414914 4.705329 0.936378
v -1.413639 4.692387 0.936389
v -1.414914 4.679444 0.936378
v -1.418688 4.667000 0.936343
v -1.424818 4.655531 0.936287
v -1.433068 4.645478 0.936211
v -1.443121 4.637228 0.936119
v -1.454589 4.631098 0.936013
v -1.467033 4.627322 0.935899
v -1.691384 4.669789 0.293271
v -1.683135 4.679842 0.293461
v -1.677007 4.691311 0.293602
v -1.673233 4.703755 0.293689
v -1.671959 4.716697 0.293719
v -1.673233 4.729640 0.293689
v -1.677007 4.742085 0.293602
v -1.683135 4.753553 0.293461
v -1.691384 4.763606 0.293271
v -1.701433 4.771856 0.293039
v -1.712899 4.777987 0.292774
v -1.725341 4.781761 0.292487
v -1.728920 4.651634 0.283251
v -1.719919 4.655409 0.274657
v -1.711625 4.661539 0.266736
v -1.704354 4.669789 0.259793
v -1.698388 4.679842 0.254096
v -1.693954 4.691311 0.249862
v -1.691224 4.703755 0.247255
v -1.690302 4.716697 0.246375
v -1.691224 4.729640 0.247255
v -1.693954 4.742085 0.249862
v -1.698388 4.753553 0.254096
v -1.704354 4.763606 0.259793
v -1.711625 4.771856 0.266736
v -1.719919 4.777987 0.274657
v -1.728920 4.781761 0.283251
v -1.738279 4.650359 0.292189
v -1.736866 4.742085 0.230916
v -1.737694 4.777987 0.266809
v -1.737981 4.781761 0.279250
v -1.701433 4.661539 0.293039
v -1.712899 4.655409 0.292774
v -1.725341 4.651634 0.292487
v -1.729342 4.781761 0.301549
v -1.720747 4.777987 0.310549
v -1.712826 4.771856 0.318844
v -1.705884 4.763606 0.326114
v -1.700186 4.753553 0.332081
v -1.695953 4.742085 0.336515
v -1.693345 4.729640 0.339245
v -1.692465 4.716697 0.340167
v -1.693345 4.703755 0.339245
v -1.695953 4.691311 0.336515
v -1.700186 4.679842 0.332081
v -1.705884 4.669789 0.326114
v -1.712826 4.661539 0.318844
v -1.720747 4.655409 0.310549
v -1.729342 4.651634 0.301549
v -1.738578 4.781761 0.305127
v -1.738865 4.777987 0.317569
v -1.739129 4.771856 0.329035
v -1.739361 4.763606 0.339085
v -1.739551 4.753553 0.347333
v -1.739693 4.742085 0.353462
v -1.739780 4.729640 0.357235
v -1.739809 4.716697 0.358510
v -1.739780 4.703755 0.357235
v -1.739693 4.691311 0.353462
v -1.739551 4.679842 0.347333
v -1.739361 4.669789 0.339085
v -1.739129 4.661539 0.329035
v -1.738865 4.655409 0.317569
v -1.738578 4.651634 0.305127
v -1.738279 4.783036 0.292189
v -1.747640 4.781761 0.301127
v -1.756639 4.777987 0.309721
v -1.764934 4.771856 0.317642
v -1.772205 4.763606 0.324584
v -1.778171 4.753553 0.330282
v -1.782605 4.742085 0.334516
v -1.785335 4.729640 0.337123
v -1.786257 4.716697 0.338003
v -1.785335 4.703755 0.337123
v -1.782605 4.691311 0.334516
v -1.778171 4.679842 0.330282
v -1.772205 4.669789 0.324584
v -1.764934 4.661539 0.317642
v -1.756639 4.655409 0.309721
v -1.747639 4.651634 0.301127
v -1.751218 4.781761 0.291890
v -1.763659 4.777987 0.291603
v -1.775125 4.771856 0.291339
v -1.785175 4.763606 0.291107
v -1.793423 4.753553 0.290917
v -1.799552 4.742085 0.290776
v -1.803326 4.729640 0.290689
v -1.804600 4.716697 0.290659
v -1.803326 4.703755 0.290689
v -1.799552 4.691311 0.290776
v -1.793423 4.679842 0.290917
v -1.785175 4.669789 0.291107
v -1.775125 4.661539 0.291339
v -1.763659 4.655409 0.291603
v -1.751218 4.651634 0.291890
v -1.747217 4.781761 0.282829
v -1.755812 4.777987 0.273829
v -1.763732 4.771856 0.265534
v -1.770675 4.763606 0.258264
v -1.776373 4.753553 0.252297
v -1.780606 4.742085 0.247863
v -1.783213 4.729640 0.245133
v -1.784094 4.716697 0.244211
v -1.783213 4.703755 0.245133
v -1.780606 4.691311 0.247863
v -1.776373 4.679842 0.252297
v -1.770675 4.669789 0.258264
v -1.763732 4.661539 0.265534
v -1.755812 4.655409 0.273829
v -1.747217 4.651634 0.282829
v -1.737430 4.771856 0.255343
v -1.737198 4.763606 0.245293
v -1.737008 4.753553 0.237045
v -1.736779 4.729640 0.227142
v -1.736750 4.716697 0.225868
v -1.736779 4.703755 0.227142
v -1.736866 4.691311 0.230916
v -1.737008 4.679842 0.237045
v -1.737198 4.669789 0.245293
v -1.737430 4.661539 0.255343
v -1.737694 4.655409 0.266809
v -1.737981 4.651634 0.279250
v -2.392561 4.692702 0.511315
v -2.392560 4.702755 0.503065
v -2.392559 4.714224 0.496935
v -2.392559 4.726668 0.493160
v -2.392558 4.739611 0.491885
v -2.392559 4.752553 0.493160
v -2.392559 4.764997 0.496935
v -2.392560 4.776466 0.503065
v -2.392561 4.786519 0.511315
v -2.392563 4.794769 0.521368
v -2.392565 4.800900 0.532837
v -2.392567 4.804675 0.545281
v -2.401719 4.674547 0.549071
v -2.410517 4.678322 0.540270
v -2.418626 4.684452 0.532158
v -2.425733 4.692702 0.525049
v -2.431566 4.702755 0.519215
v -2.435900 4.714224 0.514879
v -2.438569 4.726668 0.512209
v -2.439470 4.739611 0.511308
v -2.438569 4.752553 0.512209
v -2.435900 4.764997 0.514879
v -2.431566 4.776466 0.519215
v -2.425733 4.786519 0.525049
v -2.418626 4.794769 0.532158
v -2.410517 4.800900 0.540270
v -2.401719 4.804675 0.549071
v -2.392569 4.673272 0.558223
v -2.453857 4.764997 0.558214
v -2.417955 4.800900 0.558220
v -2.405511 4.804675 0.558222
v -2.392563 4.684452 0.521368
v -2.392565 4.678322 0.532837
v -2.392567 4.674547 0.545282
v -2.383416 4.804675 0.549073
v -2.374615 4.800900 0.540275
v -2.366504 4.794769 0.532166
v -2.359394 4.786519 0.525059
v -2.353560 4.776466 0.519227
v -2.349224 4.764997 0.514892
v -2.346554 4.752553 0.512223
v -2.345653 4.739611 0.511322
v -2.346554 4.726668 0.512223
v -2.349224 4.714224 0.514892
v -2.353560 4.702755 0.519227
v -2.359394 4.692702 0.525059
v -2.366504 4.684452 0.532166
v -2.374615 4.678322 0.540275
v -2.383416 4.674547 0.549073
v -2.379627 4.804675 0.558225
v -2.367182 4.800900 0.558227
v -2.355713 4.794769 0.558229
v -2.345660 4.786519 0.558231
v -2.337410 4.776466 0.558232
v -2.331280 4.764997 0.558233
v -2.327505 4.752553 0.558233
v -2.326230 4.739611 0.558234
v -2.327505 4.726668 0.558233
v -2.331280 4.714224 0.558233
v -2.337410 4.702755 0.558232
v -2.345660 4.692702 0.558231
v -2.355713 4.684452 0.558229
v -2.367182 4.678322 0.558228
v -2.379627 4.674547 0.558225
v -2.392569 4.805949 0.558223
v -2.383419 4.804675 0.567376
v -2.374620 4.800900 0.576177
v -2.366512 4.794769 0.584288
v -2.359405 4.786519 0.591398
v -2.353572 4.776466 0.597232
v -2.349237 4.764997 0.601568
v -2.346569 4.752553 0.604237
v -2.345667 4.739611 0.605139
v -2.346569 4.726668 0.604237
v -2.349237 4.714224 0.601568
v -2.353572 4.702755 0.597232
v -2.359405 4.692702 0.591398
v -2.366512 4.684452 0.584288
v -2.374620 4.678322 0.576177
v -2.383419 4.674547 0.567376
v -2.392571 4.804675 0.571165
v -2.392573 4.800900 0.583610
v -2.392574 4.794769 0.595079
v -2.392576 4.786519 0.605132
v -2.392577 4.776466 0.613382
v -2.392578 4.764997 0.619512
v -2.392579 4.752553 0.623287
v -2.392579 4.739611 0.624562
v -2.392579 4.726668 0.623287
v -2.392578 4.714224 0.619512
v -2.392577 4.702755 0.613382
v -2.392576 4.692702 0.605132
v -2.392574 4.684452 0.595079
v -2.392573 4.678322 0.583610
v -2.392571 4.674547 0.571165
v -2.401721 4.804675 0.567373
v -2.410522 4.800900 0.576172
v -2.418634 4.794769 0.584280
v -2.425743 4.786519 0.591388
v -2.431578 4.776466 0.597220
v -2.435913 4.764997 0.601554
v -2.438583 4.752553 0.604223
v -2.439484 4.739611 0.605125
v -2.438583 4.726668 0.604223
v -2.435913 4.714224 0.601554
v -2.431578 4.702755 0.597220
v -2.425743 4.692702 0.591388
v -2.418634 4.684452 0.584280
v -2.410522 4.678322 0.576172
v -2.401721 4.674547 0.567373
v -2.429425 4.794769 0.558218
v -2.439477 4.786519 0.558216
v -2.447727 4.776466 0.558215
v -2.457632 4.752553 0.558213
v -2.458907 4.739611 0.558213
v -2.457632 4.726668 0.558213
v -2.453857 4.714224 0.558214
v -2.447727 4.702755 0.558215
v -2.439477 4.692702 0.558216
v -2.429425 4.684452 0.558218
v -2.417955 4.678322 0.558220
v -2.405511 4.674547 0.558222
v -1.950818 5.169190 0.720530
v -1.923100 5.169190 0.720530
v -1.962938 5.169190 0.744712
v -1.953770 5.169190 0.768894
v -1.909645 5.169190 0.744712
v -1.919622 5.169190 0.768894
v -2.060275 5.153481 0.728882
v -2.075498 5.153481 0.743124
v -2.064541 5.153481 0.757392
v -1.809179 5.153481 0.757726
v -1.809179 5.210312 0.757726
v -1.814338 5.153481 0.728353
v -1.797101 5.153481 0.743021
v -2.060275 5.210312 0.728882
v -2.075498 5.210312 0.743124
v -2.064541 5.210312 0.757392
v -1.814338 5.210312 0.728353
v -1.797101 5.210312 0.743021
vn 0.0095 0.9952 -0.0970
vn 0.0133 0.9991 0.0412
vn -0.0133 0.9997 0.0216
vn 0.0895 0.9959 -0.0144
vn -0.0895 0.9930 0.0769
vn 0.8070 0.5879 0.0556
vn -0.8082 0.5886 -0.0185
vn -0.0000 0.5146 -0.8575
vn -0.0000 0.4996 0.8662
vn 0.8003 0.5970 -0.0564
vn -0.7979 0.5954 0.0943
vn 0.8103 0.5857 0.0184
vn -0.8103 0.5857 0.0184
vn 0.7979 0.5954 0.0943
vn -0.8003 0.5970 -0.0564
vn 0.8082 0.5886 -0.0185
vn -0.8070 0.5879 0.0556
vn -0.5484 -0.1351 -0.8252
vn 0.4036 -0.1304 0.9056
vn -0.9885 -0.1231 -0.0882
vn 0.9891 -0.1232 0.0805
vn -0.5375 -0.1279 0.8335
vn -0.0095 0.9872 0.1593
vn -0.0124 0.9986 0.0508
vn 0.0124 0.9999 0.0120
vn -0.0897 0.9957 0.0236
vn 0.0897 0.9952 0.0389
vn 0.0274 0.9953 0.0930
vn -0.0274 0.9992 -0.0303
vn -0.0000 0.9995 0.0314
vn 0.8822 -0.1235 -0.4544
vn -0.8853 -0.1240 0.4482
vn 0.7998 -0.1266 0.5868
vn -0.8885 -0.1316 -0.4397
vn 0.0730 -0.1300 -0.9888
vn -0.0736 -0.1311 0.9886
vn 0.5339 -0.1271 -0.8360
vn -0.8979 -0.0000 -0.4402
vn 0.8135 -0.0000 -0.5816
vn -0.8135 -0.0000 0.5816
vn 0.5555 -0.0000 0.8315
vn -0.5555 -0.0000 -0.8315
vn 0.8979 -0.0000 0.4402
vn 0.0783 -0.0000 0.9969
vn -0.0783 -0.0000 -0.9969
vn -0.4164 -0.0000 0.9092
vn 0.4164 -0.0000 -0.9092
vn -0.9965 -0.0000 0.0838
vn 0.9965 -0.0000 -0.0838
vn -0.0000 1.0000 -0.0000
vn 0.9835 0.1613 0.0822
vn -0.9694 0.2455 -0.0000
vn -0.0000 0.1578 0.9875
vn 0.9787 0.1882 0.0815
vn -0.0000 0.2619 -0.9651
vn -0.9820 0.1887 -0.0000
vn -0.8919 -0.0693 -0.4470
vn 0.8718 0.0677 -0.4851
vn -0.8872 0.1235 -0.4446
vn 0.8732 -0.0396 -0.4858
vn 0.9221 0.0716 0.3804
vn -0.9326 -0.0724 0.3535
vn -0.0000 -0.0000 1.0000
vn -0.0000 -0.0000 -1.0000
vn -0.8921 0.0647 -0.4471
vn 0.8721 -0.0632 -0.4852
vn 0.9236 -0.0419 0.3810
vn -0.9272 0.1291 0.3515
vn -0.0000 0.0425 0.9991
vn -0.0000 0.0425 -0.9991
vn 0.9224 -0.0669 0.3805
vn -0.9329 0.0676 0.3537
vn -0.9315 -0.0874 0.3531
vn 0.9210 0.0864 0.3799
vn 0.8709 0.0817 -0.4846
vn -0.8909 -0.0836 -0.4465
vn -0.3049 0.6042 0.7362
vn -0.9235 0.0377 -0.3818
vn -0.1194 -0.9501 0.2882
vn -0.2541 0.7476 0.6136
vn -0.1916 0.8656 0.4627
vn 0.9215 0.0724 0.3816
vn -0.1916 -0.8656 0.4627
vn -0.1194 0.9501 0.2882
vn -0.0067 0.9998 0.0162
vn -0.3685 0.2698 0.8896
vn -0.2541 -0.7476 0.6136
vn -0.3431 0.4428 0.8284
vn -0.3049 -0.6042 0.7362
vn -0.3431 -0.4428 0.8284
vn -0.7362 -0.6042 0.3049
vn -0.8284 -0.4428 0.3431
vn -0.7362 0.6042 0.3049
vn -0.8896 -0.2699 0.3685
vn -0.6136 0.7476 0.2541
vn -0.4627 0.8656 0.1916
vn -0.9201 -0.0907 0.3811
vn -0.4627 -0.8656 0.1916
vn -0.9201 0.0906 0.3811
vn -0.8896 0.2698 0.3685
vn -0.6135 -0.7476 0.2541
vn -0.8284 0.4428 0.3431
vn -0.8896 0.2698 -0.3685
vn -0.8284 0.4428 -0.3431
vn -0.7362 -0.6042 -0.3049
vn -0.7362 0.6042 -0.3049
vn -0.8284 -0.4428 -0.3431
vn -0.3775 0.0579 0.9242
vn -0.6136 0.7476 -0.2541
vn -0.0509 -0.9985 -0.0211
vn -0.4627 -0.8656 -0.1916
vn -0.4627 0.8656 -0.1916
vn 0.3661 -0.1825 -0.9125
vn -0.6135 -0.7476 -0.2541
vn -0.3811 0.0906 -0.9201
vn -0.1916 -0.8656 -0.4627
vn -0.2541 -0.7476 -0.6136
vn -0.1194 0.9501 -0.2882
vn -0.3685 0.2699 -0.8896
vn -0.3049 -0.6042 -0.7362
vn -0.3431 0.4428 -0.8284
vn -0.3049 0.6042 -0.7362
vn -0.3431 -0.4428 -0.8284
vn -0.2541 0.7476 -0.6136
vn -0.3685 -0.2698 -0.8896
vn -0.3811 -0.0906 -0.9201
vn -0.1194 -0.9501 -0.2882
vn -0.1916 0.8656 -0.4627
vn 0.1194 -0.9501 -0.2882
vn 0.1916 0.8656 -0.4627
vn -0.9173 -0.1156 -0.3810
vn 0.9237 0.0378 0.3811
vn 0.1916 -0.8656 -0.4627
vn 0.1194 0.9501 -0.2882
vn 0.3685 0.2698 -0.8896
vn 0.2541 -0.7476 -0.6135
vn 0.3049 -0.6042 -0.7362
vn 0.0406 0.9944 -0.0979
vn 0.3431 0.4428 -0.8284
vn 0.3431 -0.4428 -0.8284
vn 0.3049 0.6042 -0.7362
vn 0.2541 0.7476 -0.6136
vn -0.9233 -0.0376 -0.3822
vn 0.7362 0.6042 -0.3049
vn 0.8896 -0.2699 -0.3685
vn 0.2882 -0.9501 -0.1194
vn 0.6136 0.7476 -0.2542
vn 0.4627 0.8656 -0.1916
vn 0.9201 -0.0906 -0.3811
vn 0.4627 -0.8656 -0.1916
vn 0.2882 0.9501 -0.1194
vn 0.9201 0.0906 -0.3811
vn 0.8896 0.2699 -0.3685
vn 0.6136 -0.7476 -0.2542
vn 0.0979 0.9944 -0.0406
vn 0.8284 0.4428 -0.3431
vn 0.7362 -0.6042 -0.3049
vn 0.8284 -0.4428 -0.3431
vn 0.4627 -0.8656 0.1916
vn 0.7362 0.6042 0.3049
vn 0.8284 -0.4428 0.3431
vn 0.6136 -0.7476 0.2542
vn 0.3756 -0.1139 -0.9198
vn 0.6136 0.7476 0.2542
vn -0.3849 -0.0374 0.9222
vn 0.4627 0.8656 0.1916
vn 0.2882 0.9501 0.1194
vn -0.0405 -0.9990 -0.0168
vn 0.2882 -0.9501 0.1194
vn 0.0979 0.9944 0.0406
vn 0.8896 0.2699 0.3685
vn 0.8284 0.4428 0.3431
vn 0.7362 -0.6042 0.3049
vn 0.2541 0.7476 0.6136
vn 0.3811 -0.0906 0.9201
vn 0.1194 -0.9501 0.2882
vn 0.1916 -0.8656 0.4627
vn 0.1916 0.8656 0.4627
vn 0.1194 0.9501 0.2882
vn 0.3811 0.0906 0.9201
vn 0.2541 -0.7476 0.6135
vn 0.3685 0.2699 0.8896
vn 0.3431 0.4428 0.8284
vn 0.3049 -0.6042 0.7362
vn 0.3049 0.6042 0.7362
vn 0.3431 -0.4428 0.8284
vn 0.3685 -0.2699 0.8896
vn -0.3810 -0.0375 0.9238
vn 0.3802 0.0379 -0.9241
vn 0.0166 0.9998 0.0069
vn 0.3775 -0.0593 -0.9241
vn -0.3832 -0.1162 0.9163
vn -0.3860 -0.1738 0.9060
vn 0.3859 0.0592 -0.9207
vn 0.0775 0.9965 0.0321
vn -0.3794 0.0379 0.9244
vn 0.3790 -0.0581 -0.9236
vn -0.0136 -0.9994 0.0327
vn 0.9230 -0.0377 0.3830
vn -0.9215 -0.0723 -0.3817
vn 0.9160 -0.1164 0.3839
vn -0.9027 -0.2202 -0.3696
vn 0.0031 -1.0000 -0.0075
vn 0.9217 -0.0609 0.3832
vn 0.0138 0.9993 -0.0333
vn 0.9075 -0.1847 0.3772
vn -0.9216 0.0613 -0.3832
vn -0.3811 0.0906 0.9201
vn -0.2542 -0.7476 0.6136
vn -0.0406 0.9944 0.0979
vn -0.3685 -0.2699 0.8896
vn -0.0406 -0.9944 0.0979
vn -0.3811 -0.0906 0.9201
vn -0.9201 -0.0906 0.3811
vn -0.4627 -0.8656 0.1917
vn -0.2882 0.9501 0.1194
vn -0.8896 0.2699 0.3685
vn -0.6136 -0.7476 0.2542
vn -0.0979 0.9944 0.0406
vn -0.7362 0.6041 0.3050
vn -0.0979 -0.9944 0.0406
vn -0.2882 -0.9501 0.1194
vn -0.0979 -0.9944 -0.0406
vn -0.9201 -0.0906 -0.3811
vn -0.2882 -0.9501 -0.1194
vn -0.4627 -0.8656 -0.1917
vn -0.2882 0.9501 -0.1194
vn -0.9201 0.0906 -0.3811
vn -0.6136 -0.7476 -0.2541
vn -0.0979 0.9944 -0.0406
vn -0.7362 0.6041 -0.3050
vn -0.8896 -0.2699 -0.3685
vn -0.0406 -0.9944 -0.0979
vn -0.2541 0.7476 -0.6135
vn -0.2542 -0.7476 -0.6136
vn -0.0406 0.9944 -0.0979
vn 0.0406 -0.9944 -0.0979
vn 0.2541 0.7477 -0.6135
vn 0.3685 -0.2698 -0.8896
vn 0.3811 0.0906 -0.9201
vn 0.1916 -0.8656 -0.4626
vn 0.3685 0.2699 -0.8896
vn 0.2542 -0.7476 -0.6136
vn 0.8896 0.2698 -0.3685
vn 0.7362 -0.6042 -0.3050
vn 0.0979 -0.9944 -0.0406
vn 0.6135 0.7477 -0.2541
vn 0.4626 0.8656 -0.1916
vn 0.9201 -0.0906 0.3811
vn 0.9201 0.0906 0.3811
vn 0.8896 0.2698 0.3685
vn 0.7362 -0.6042 0.3050
vn 0.8896 -0.2699 0.3685
vn 0.0979 -0.9944 0.0406
vn 0.6135 0.7477 0.2541
vn 0.2541 0.7477 0.6135
vn 0.1916 -0.8656 0.4626
vn 0.2542 -0.7476 0.6136
vn 0.0406 0.9944 0.0979
vn 0.3685 0.2698 0.8896
vn 0.0406 -0.9944 0.0979
vn 0.2871 0.9501 0.1220
vn 0.9165 0.0906 0.3895
vn 0.8862 0.2699 0.3766
vn 0.6112 -0.7476 0.2598
vn 0.0976 0.9944 0.0415
vn 0.8252 0.4428 0.3507
vn 0.7334 -0.6042 0.3117
vn 0.8252 -0.4428 0.3507
vn 0.7334 0.6042 0.3117
vn 0.8862 -0.2699 0.3766
vn 0.0975 -0.9944 0.0414
vn 0.2871 -0.9501 0.1220
vn 0.6112 0.7476 0.2598
vn 0.4608 0.8656 0.1959
vn 0.9165 -0.0906 0.3895
vn 0.4609 -0.8656 0.1959
vn 0.1874 0.8656 0.4643
vn 0.3727 -0.0906 0.9235
vn 0.1874 -0.8656 0.4644
vn 0.1167 0.9501 0.2893
vn 0.3726 0.0906 0.9235
vn 0.3603 0.2699 0.8930
vn 0.2485 -0.7476 0.6159
vn 0.0397 0.9944 0.0983
vn 0.3355 0.4428 0.8315
vn 0.2982 -0.6042 0.7390
vn 0.3355 -0.4428 0.8315
vn 0.2982 0.6042 0.7389
vn 0.3603 -0.2699 0.8929
vn 0.0397 -0.9944 0.0983
vn 0.1167 -0.9501 0.2893
vn 0.2485 0.7476 0.6159
vn -0.0415 -0.9944 0.0975
vn -0.2598 0.7476 0.6112
vn -0.3896 -0.0906 0.9165
vn -0.1220 -0.9501 0.2871
vn -0.1959 -0.8656 0.4609
vn -0.1959 0.8656 0.4608
vn -0.1220 0.9501 0.2871
vn -0.3896 0.0906 0.9165
vn -0.2598 -0.7476 0.6112
vn -0.0415 0.9944 0.0976
vn -0.3766 0.2699 0.8862
vn -0.3507 0.4428 0.8252
vn -0.3117 -0.6042 0.7334
vn -0.3117 0.6042 0.7333
vn -0.3507 -0.4428 0.8252
vn -0.3766 -0.2699 0.8862
vn -0.8315 0.4428 0.3355
vn -0.7390 0.6042 0.2982
vn -0.8315 -0.4428 0.3355
vn -0.0983 -0.9944 0.0397
vn -0.6159 0.7476 0.2485
vn -0.8929 -0.2699 0.3603
vn -0.9235 -0.0906 0.3726
vn -0.2893 -0.9501 0.1167
vn -0.4644 0.8656 0.1874
vn -0.9235 0.0906 0.3726
vn -0.4644 -0.8656 0.1874
vn -0.6159 -0.7476 0.2485
vn -0.2893 0.9501 0.1167
vn -0.0983 0.9944 0.0397
vn -0.8930 0.2698 0.3603
vn -0.7390 -0.6042 0.2982
vn -0.7334 -0.6042 -0.3117
vn -0.0976 0.9944 -0.0415
vn -0.8252 0.4428 -0.3507
vn -0.8252 -0.4428 -0.3507
vn -0.0975 -0.9944 -0.0414
vn -0.7334 0.6042 -0.3117
vn -0.6112 0.7476 -0.2598
vn -0.8862 -0.2699 -0.3766
vn -0.2871 -0.9501 -0.1220
vn -0.4608 0.8656 -0.1959
vn -0.4609 -0.8656 -0.1959
vn -0.2871 0.9501 -0.1220
vn -0.8862 0.2698 -0.3766
vn -0.6112 -0.7476 -0.2598
vn -0.1167 0.9501 -0.2893
vn -0.3727 0.0906 -0.9235
vn -0.3603 0.2699 -0.8929
vn -0.2485 -0.7476 -0.6159
vn -0.0397 0.9944 -0.0983
vn -0.3355 0.4428 -0.8315
vn -0.2982 -0.6042 -0.7390
vn -0.3355 -0.4428 -0.8315
vn -0.2982 0.6042 -0.7390
vn -0.3603 -0.2699 -0.8930
vn -0.0397 -0.9944 -0.0983
vn -0.1167 -0.9501 -0.2893
vn -0.2485 0.7476 -0.6159
vn -0.1874 0.8656 -0.4644
vn -0.3726 -0.0906 -0.9235
vn -0.1874 -0.8656 -0.4644
vn 0.3895 -0.0906 -0.9165
vn 0.1220 -0.9501 -0.2871
vn 0.1959 -0.8656 -0.4609
vn 0.1959 0.8656 -0.4609
vn 0.1220 0.9501 -0.2871
vn 0.3895 0.0906 -0.9165
vn 0.2598 -0.7476 -0.6112
vn 0.0415 0.9944 -0.0976
vn 0.3767 0.2699 -0.8862
vn 0.3507 0.4428 -0.8252
vn 0.3117 -0.6042 -0.7334
vn 0.3117 0.6042 -0.7334
vn 0.3507 -0.4428 -0.8252
vn 0.3766 -0.2698 -0.8862
vn 0.0415 -0.9944 -0.0976
vn 0.2598 0.7476 -0.6112
vn 0.6159 0.7476 -0.2485
vn 0.8930 -0.2698 -0.3603
vn 0.9235 -0.0906 -0.3726
vn 0.2893 -0.9501 -0.1168
vn 0.4644 0.8656 -0.1874
vn 0.9235 0.0906 -0.3726
vn 0.4644 -0.8656 -0.1874
vn 0.6159 -0.7476 -0.2485
vn 0.2893 0.9501 -0.1167
vn 0.0983 0.9944 -0.0397
vn 0.8930 0.2699 -0.3603
vn 0.7390 -0.6042 -0.2982
vn 0.8315 0.4428 -0.3355
vn 0.7390 0.6042 -0.2982
vn 0.8315 -0.4428 -0.3355
vn 0.0983 -0.9944 -0.0396
vn 0.1260 0.9501 -0.2854
vn 0.4022 0.0906 -0.9110
vn 0.3889 0.2699 -0.8809
vn 0.2682 -0.7476 -0.6075
vn 0.0428 0.9944 -0.0970
vn 0.3621 0.4428 -0.8202
vn 0.3218 -0.6042 -0.7290
vn 0.3621 -0.4428 -0.8202
vn 0.3218 0.6042 -0.7290
vn 0.3889 -0.2699 -0.8809
vn 0.0428 -0.9944 -0.0970
vn 0.1260 -0.9501 -0.2853
vn 0.2682 0.7476 -0.6076
vn 0.2023 0.8656 -0.4581
vn 0.4022 -0.0906 -0.9111
vn 0.2023 -0.8656 -0.4581
vn 0.4669 0.8656 -0.1809
vn 0.9286 -0.0906 -0.3598
vn 0.4669 -0.8656 -0.1809
vn 0.2909 0.9501 -0.1127
vn 0.9286 0.0906 -0.3598
vn 0.8979 0.2699 -0.3479
vn 0.6193 -0.7476 -0.2399
vn 0.0988 0.9944 -0.0383
vn 0.8361 0.4428 -0.3239
vn 0.7430 -0.6042 -0.2879
vn 0.8361 -0.4428 -0.3239
vn 0.7430 0.6042 -0.2879
vn 0.8979 -0.2698 -0.3479
vn 0.0988 -0.9944 -0.0383
vn 0.2909 -0.9501 -0.1127
vn 0.6192 0.7476 -0.2399
vn 0.0970 -0.9944 0.0428
vn 0.6075 0.7476 0.2682
vn 0.9111 -0.0906 0.4022
vn 0.2853 -0.9501 0.1260
vn 0.4581 -0.8656 0.2023
vn 0.4581 0.8656 0.2022
vn 0.2854 0.9501 0.1260
vn 0.9110 0.0906 0.4022
vn 0.6076 -0.7476 0.2682
vn 0.0970 0.9944 0.0428
vn 0.8809 0.2699 0.3889
vn 0.8202 0.4428 0.3621
vn 0.7290 -0.6042 0.3218
vn 0.7290 0.6042 0.3218
vn 0.8203 -0.4428 0.3621
vn 0.8809 -0.2698 0.3889
vn 0.3239 0.4428 0.8361
vn 0.2879 0.6042 0.7430
vn 0.3239 -0.4428 0.8361
vn 0.0383 -0.9944 0.0988
vn 0.2399 0.7476 0.6192
vn 0.3479 -0.2699 0.8979
vn 0.3598 -0.0906 0.9286
vn 0.1127 -0.9501 0.2908
vn 0.1809 0.8656 0.4669
vn 0.3598 0.0906 0.9286
vn 0.1809 -0.8656 0.4670
vn 0.2399 -0.7476 0.6193
vn 0.1127 0.9501 0.2909
vn 0.0383 0.9944 0.0988
vn 0.3479 0.2699 0.8979
vn 0.2879 -0.6042 0.7430
vn -0.3218 -0.6042 0.7290
vn -0.0428 0.9944 0.0970
vn -0.3621 0.4428 0.8202
vn -0.3621 -0.4428 0.8202
vn -0.0428 -0.9944 0.0969
vn -0.3218 0.6042 0.7290
vn -0.2682 0.7476 0.6075
vn -0.3889 -0.2698 0.8809
vn -0.1260 -0.9501 0.2854
vn -0.2023 0.8656 0.4581
vn -0.4022 -0.0906 0.9110
vn -0.4022 0.0906 0.9110
vn -0.2023 -0.8656 0.4581
vn -0.1260 0.9501 0.2854
vn -0.3889 0.2699 0.8809
vn -0.2682 -0.7476 0.6075
vn -0.2909 0.9501 0.1127
vn -0.9286 0.0907 0.3598
vn -0.8979 0.2698 0.3479
vn -0.6193 -0.7476 0.2399
vn -0.0988 0.9944 0.0383
vn -0.8361 0.4428 0.3239
vn -0.7430 -0.6042 0.2879
vn -0.8361 -0.4428 0.3239
vn -0.7431 0.6041 0.2879
vn -0.8979 -0.2699 0.3479
vn -0.0988 -0.9944 0.0383
vn -0.2909 -0.9501 0.1127
vn -0.6192 0.7477 0.2399
vn -0.4670 0.8656 0.1809
vn -0.9286 -0.0906 0.3598
vn -0.4669 -0.8656 0.1809
vn -0.9110 -0.0906 -0.4022
vn -0.2854 -0.9501 -0.1260
vn -0.4581 -0.8656 -0.2023
vn -0.4581 0.8656 -0.2023
vn -0.2854 0.9501 -0.1260
vn -0.9110 0.0906 -0.4022
vn -0.6076 -0.7476 -0.2682
vn -0.0970 0.9944 -0.0428
vn -0.8809 0.2698 -0.3889
vn -0.8203 0.4428 -0.3621
vn -0.7290 -0.6042 -0.3218
vn -0.7290 0.6042 -0.3219
vn -0.8202 -0.4428 -0.3621
vn -0.8809 -0.2699 -0.3889
vn -0.0970 -0.9944 -0.0428
vn -0.6075 0.7477 -0.2682
vn -0.2399 0.7476 -0.6193
vn -0.3479 -0.2699 -0.8979
vn -0.3598 -0.0906 -0.9286
vn -0.1127 -0.9501 -0.2908
vn -0.1809 0.8656 -0.4669
vn -0.3598 0.0906 -0.9286
vn -0.1809 -0.8656 -0.4670
vn -0.2399 -0.7476 -0.6193
vn -0.1127 0.9501 -0.2909
vn -0.0383 0.9944 -0.0988
vn -0.3479 0.2699 -0.8979
vn -0.2879 -0.6042 -0.7430
vn -0.3239 0.4428 -0.8361
vn -0.2879 0.6042 -0.7430
vn -0.3239 -0.4428 -0.8361
vn -0.0383 -0.9944 -0.0988
vn -0.9200 0.0906 -0.3812
vn -0.8896 0.2698 -0.3686
vn -0.6135 -0.7476 -0.2542
vn -0.0980 0.9944 -0.0406
vn -0.8283 0.4428 -0.3432
vn -0.7361 -0.6042 -0.3051
vn -0.8283 -0.4428 -0.3433
vn -0.7361 0.6042 -0.3050
vn -0.8895 -0.2699 -0.3686
vn -0.6135 0.7476 -0.2542
vn -0.4626 0.8656 -0.1917
vn -0.9200 -0.0906 -0.3813
vn -0.4626 -0.8656 -0.1917
vn -0.3810 -0.0906 -0.9201
vn -0.1916 -0.8656 -0.4626
vn -0.1193 0.9501 -0.2882
vn -0.3810 0.0906 -0.9201
vn -0.3684 0.2699 -0.8897
vn -0.0406 0.9944 -0.0980
vn -0.3430 0.4428 -0.8284
vn -0.3048 -0.6042 -0.7362
vn -0.3430 -0.4428 -0.8284
vn -0.3048 0.6042 -0.7362
vn -0.3684 -0.2699 -0.8897
vn -0.0405 -0.9944 -0.0979
vn -0.1193 -0.9501 -0.2882
vn 0.2542 0.7476 -0.6135
vn 0.3812 -0.0906 -0.9200
vn 0.1917 -0.8656 -0.4626
vn 0.1917 0.8656 -0.4626
vn 0.3813 0.0906 -0.9200
vn 0.3686 0.2699 -0.8895
vn 0.3433 0.4428 -0.8283
vn 0.3051 -0.6042 -0.7362
vn 0.3051 0.6042 -0.7362
vn 0.3433 -0.4428 -0.8283
vn 0.3686 -0.2699 -0.8895
vn 0.8284 0.4428 -0.3430
vn 0.7363 0.6042 -0.3048
vn 0.8284 -0.4428 -0.3430
vn 0.6136 0.7476 -0.2540
vn 0.8897 -0.2699 -0.3683
vn 0.9201 -0.0906 -0.3810
vn 0.2882 -0.9501 -0.1193
vn 0.9201 0.0906 -0.3810
vn 0.6136 -0.7476 -0.2541
vn 0.2882 0.9501 -0.1193
vn 0.0980 0.9944 -0.0405
vn 0.8897 0.2698 -0.3684
vn 0.7363 -0.6042 -0.3048
vn 0.7361 -0.6042 0.3051
vn 0.8283 0.4428 0.3433
vn 0.8283 -0.4428 0.3433
vn 0.7361 0.6042 0.3051
vn 0.6135 0.7476 0.2542
vn 0.8895 -0.2699 0.3686
vn 0.4626 0.8656 0.1917
vn 0.9200 0.0907 0.3812
vn 0.4626 -0.8656 0.1917
vn 0.8896 0.2698 0.3686
vn 0.6135 -0.7476 0.2543
vn 0.1193 0.9501 0.2882
vn 0.3810 0.0906 0.9201
vn 0.3684 0.2699 0.8896
vn 0.2541 -0.7476 0.6136
vn 0.0406 0.9944 0.0980
vn 0.3430 0.4428 0.8284
vn 0.3048 -0.6042 0.7362
vn 0.3430 -0.4428 0.8284
vn 0.3048 0.6042 0.7362
vn 0.3684 -0.2698 0.8897
vn 0.1193 -0.9501 0.2882
vn 0.3810 -0.0906 0.9201
vn -0.3812 -0.0906 0.9200
vn -0.1917 -0.8656 0.4626
vn -0.1917 0.8656 0.4626
vn -0.3813 0.0906 0.9200
vn -0.2542 -0.7476 0.6135
vn -0.3686 0.2699 0.8895
vn -0.3433 0.4428 0.8283
vn -0.3051 -0.6042 0.7362
vn -0.3051 0.6042 0.7362
vn -0.3432 -0.4428 0.8283
vn -0.3686 -0.2698 0.8895
vn -0.2542 0.7476 0.6135
vn -0.6136 0.7476 0.2540
vn -0.8897 -0.2699 0.3683
vn -0.9201 -0.0906 0.3810
vn -0.2882 -0.9501 0.1193
vn -0.9201 0.0906 0.3810
vn -0.6136 -0.7476 0.2540
vn -0.2882 0.9501 0.1193
vn -0.0980 0.9944 0.0406
vn -0.8897 0.2698 0.3683
vn -0.7362 -0.6042 0.3048
vn -0.8284 0.4428 0.3430
vn -0.7362 0.6042 0.3048
vn -0.8284 -0.4428 0.3430
vn -0.3591 0.9117 0.1998
vn -0.3348 -0.9065 0.2571
vn -0.1033 -0.0000 0.9947
vn 0.3571 0.9242 -0.1354
vn 0.6481 -0.0000 -0.7616
vn -0.6832 -0.0000 -0.7303
vn 0.7728 -0.0000 0.6347
vn -0.7931 -0.0000 0.6090
vn 0.3141 -0.8747 -0.3691
vn -0.0761 -0.0000 -0.9971
vn 0.1006 -0.0000 0.9949
vn 0.3184 0.8847 0.3404
vn -0.3337 0.9020 -0.2741
vn -0.3579 -0.9163 -0.1794
vn 0.3582 -0.9219 0.1478
vn 0.0717 -0.0000 -0.9974
vn -0.0000 0.9885 -0.1514
vn 0.0780 0.9965 -0.0313
vn -0.0780 0.9925 0.0938
vn 0.0265 0.9952 0.0941
vn -0.0265 0.9992 -0.0314
vn 0.8003 0.5969 -0.0564
vn -0.4029 -0.0888 -0.9109
vn 0.5539 -0.1049 0.8259
vn -0.9918 -0.0993 0.0803
vn 0.9913 -0.0992 -0.0865
vn -0.4153 -0.1073 0.9033
vn -0.0000 0.9770 0.2132
vn 0.0104 0.9955 -0.0941
vn -0.0104 0.9876 0.1564
vn -0.0972 0.9948 0.0313
vn 0.0972 0.9948 0.0313
vn -0.0138 0.9876 0.1564
vn 0.0138 0.9955 -0.0941
vn 0.8077 -0.1025 -0.5807
vn -0.8107 -0.1028 0.5764
vn 0.8946 -0.1004 0.4354
vn -0.8003 -0.0838 -0.5937
vn -0.0776 -0.1076 -0.9912
vn 0.0781 -0.1083 0.9910
vn 0.4128 -0.1066 -0.9046
vn 0.9820 0.1887 -0.0000
vn -0.9787 0.1883 0.0815
vn 0.9694 0.2455 -0.0000
vn -0.9835 0.1613 0.0822
vn 0.9220 0.0716 0.3804
vn -0.9214 0.0723 -0.3817
vn 0.9230 0.0377 0.3830
vn -0.3685 0.2699 0.8896
vn -0.8896 -0.2698 0.3685
vn -0.6135 0.7476 0.2541
vn -0.4627 0.8656 0.1917
vn -0.9201 0.0907 0.3811
vn -0.6136 -0.7476 0.2541
vn -0.8896 0.2699 -0.3685
vn -0.3789 0.0373 0.9247
vn -0.6135 0.7476 -0.2541
vn -0.4627 0.8656 -0.1917
vn 0.3712 -0.1180 -0.9210
vn -0.3050 0.6042 -0.7362
vn -0.3685 -0.2699 -0.8896
vn -0.9084 -0.1847 -0.3750
vn 0.9226 0.0613 0.3808
vn 0.2541 -0.7476 -0.6136
vn -0.9227 -0.0609 -0.3808
vn 0.6136 0.7476 -0.2541
vn 0.6136 -0.7476 0.2541
vn 0.3677 -0.1738 -0.9136
vn 0.6136 0.7476 0.2541
vn -0.3851 -0.0581 0.9210
vn 0.2541 0.7476 0.6135
vn 0.1916 0.8655 0.4627
vn -0.3808 -0.0584 0.9228
vn 0.3808 0.0588 -0.9228
vn 0.3780 -0.0381 -0.9250
vn -0.3808 -0.1799 0.9070
vn -0.3848 -0.1139 0.9159
vn 0.3854 0.0379 -0.9220
vn -0.3781 0.0592 0.9239
vn 0.3800 -0.0374 -0.9242
vn 0.9214 -0.0724 0.3817
vn -0.9235 -0.0377 -0.3818
vn 0.8997 -0.2201 0.3770
vn -0.9192 -0.1164 -0.3763
vn 0.9231 -0.0377 0.3826
vn 0.9180 -0.1156 0.3793
vn -0.9227 0.0378 -0.3837
vn -0.3685 -0.2698 0.8896
vn -0.2541 0.7477 0.6135
vn -0.1916 -0.8656 0.4626
vn -0.6135 0.7477 -0.2541
vn -0.2882 0.9501 -0.1193
vn -0.6136 -0.7476 -0.2542
vn -0.8896 -0.2698 -0.3685
vn -0.2541 0.7477 -0.6135
vn -0.1917 0.8656 -0.4626
vn -0.3685 0.2698 -0.8896
vn 0.3685 -0.2699 -0.8896
vn 0.7362 0.6041 -0.3050
vn 0.8896 -0.2698 -0.3685
vn 0.4627 0.8656 -0.1917
vn 0.4626 -0.8656 -0.1916
vn 0.4626 -0.8656 0.1916
vn 0.4627 0.8656 0.1917
vn 0.7362 0.6041 0.3050
vn 0.8896 -0.2698 0.3685
vn 0.3685 -0.2698 0.8896
vn 0.3049 0.6041 0.7362
vn 0.2871 0.9501 0.1221
vn 0.9165 -0.0906 0.3896
vn 0.1874 0.8656 0.4644
vn 0.3726 -0.0906 0.9235
vn 0.3603 0.2699 0.8929
vn 0.2982 -0.6042 0.7389
vn 0.2982 0.6042 0.7390
vn 0.3603 -0.2698 0.8930
vn -0.3895 -0.0906 0.9165
vn -0.1959 0.8656 0.4609
vn -0.1220 0.9501 0.2872
vn -0.3895 0.0906 0.9165
vn -0.3117 -0.6042 0.7333
vn -0.3117 0.6042 0.7334
vn -0.8930 -0.2698 0.3603
vn -0.8929 0.2699 0.3603
vn -0.8862 -0.2698 -0.3766
vn -0.8862 0.2699 -0.3766
vn -0.1167 0.9501 -0.2894
vn -0.3726 0.0906 -0.9235
vn -0.3603 0.2699 -0.8930
vn -0.3603 -0.2698 -0.8930
vn 0.1959 0.8656 -0.4608
vn 0.1220 0.9501 -0.2872
vn 0.3766 0.2698 -0.8862
vn 0.3767 -0.2699 -0.8862
vn 0.8930 -0.2699 -0.3603
vn 0.9235 -0.0906 -0.3727
vn 0.2893 -0.9501 -0.1167
vn 0.2893 0.9501 -0.1168
vn 0.8930 0.2698 -0.3603
vn 0.4022 0.0906 -0.9111
vn 0.2682 -0.7476 -0.6076
vn 0.1260 -0.9501 -0.2854
vn 0.2682 0.7476 -0.6075
vn 0.8979 0.2698 -0.3479
vn 0.8979 -0.2699 -0.3479
vn 0.6193 0.7476 -0.2399
vn 0.9110 -0.0906 0.4022
vn 0.2854 -0.9501 0.1260
vn 0.4581 -0.8656 0.2022
vn 0.4581 0.8656 0.2023
vn 0.8809 0.2698 0.3889
vn 0.8203 0.4428 0.3621
vn 0.8202 -0.4428 0.3621
vn 0.8809 -0.2699 0.3889
vn 0.2399 0.7476 0.6193
vn 0.1127 -0.9501 0.2909
vn 0.1809 0.8656 0.4670
vn -0.2682 0.7477 0.6075
vn -0.3889 -0.2699 0.8809
vn -0.4022 -0.0906 0.9111
vn -0.3889 0.2698 0.8809
vn -0.2682 -0.7476 0.6076
vn -0.9286 0.0906 0.3598
vn -0.8979 0.2699 0.3479
vn -0.7430 0.6042 0.2879
vn -0.8979 -0.2698 0.3479
vn -0.6192 0.7476 0.2399
vn -0.4669 0.8656 0.1809
vn -0.9286 -0.0907 0.3598
vn -0.4670 -0.8656 0.1809
vn -0.4581 -0.8656 -0.2022
vn -0.6075 -0.7476 -0.2682
vn -0.8809 0.2699 -0.3889
vn -0.7290 0.6042 -0.3218
vn -0.8809 -0.2698 -0.3889
vn -0.6075 0.7476 -0.2682
vn -0.2399 0.7476 -0.6192
vn -0.3479 -0.2698 -0.8979
vn -0.1127 -0.9501 -0.2909
vn -0.1809 0.8656 -0.4670
vn -0.1809 -0.8656 -0.4669
vn -0.8895 0.2699 -0.3686
vn -0.8283 0.4428 -0.3433
vn -0.7362 -0.6042 -0.3050
vn -0.8283 -0.4428 -0.3432
vn -0.7362 0.6041 -0.3051
vn -0.8896 -0.2698 -0.3686
vn -0.9200 -0.0906 -0.3812
vn -0.1916 0.8656 -0.4626
vn -0.1193 0.9501 -0.2883
vn -0.3683 0.2699 -0.8897
vn -0.3683 -0.2699 -0.8897
vn 0.2543 0.7476 -0.6135
vn 0.3813 -0.0906 -0.9200
vn 0.3812 0.0906 -0.9200
vn 0.2542 -0.7476 -0.6135
vn 0.3051 -0.6042 -0.7361
vn 0.8897 -0.2698 -0.3684
vn 0.7362 -0.6042 -0.3048
vn 0.7361 0.6042 0.3050
vn 0.6135 0.7476 0.2543
vn 0.8896 -0.2698 0.3686
vn 0.9200 0.0906 0.3813
vn 0.2882 0.9501 0.1195
vn 0.8895 0.2699 0.3686
vn 0.6135 -0.7476 0.2542
vn 0.1193 0.9501 0.2883
vn 0.3683 0.2698 0.8897
vn 0.3048 0.6042 0.7363
vn 0.3683 -0.2699 0.8897
vn 0.1916 0.8656 0.4626
vn -0.3813 -0.0906 0.9200
vn -0.3812 0.0906 0.9200
vn -0.3686 0.2698 0.8895
vn -0.3432 0.4428 0.8283
vn -0.3051 -0.6042 0.7361
vn -0.3433 -0.4428 0.8283
vn -0.3686 -0.2699 0.8895
vn -0.8897 -0.2698 0.3684
vn -0.4627 0.8656 0.1915
vn -0.8897 0.2699 0.3684
vn -0.3141 0.8747 0.3691
vn -0.3571 -0.9242 0.1354
vn 0.3348 0.9065 -0.2571
vn 0.3591 -0.9117 -0.1998
vn 0.3579 0.9163 0.1794
vn -0.3582 0.9219 -0.1478
vn -0.3184 -0.8847 -0.3404
vn 0.3337 -0.9020 0.2741
vt 0.218362 0.217184
vt 0.783994 0.782816
vt 0.218362 0.782816
vt 0.783994 0.217184
s 0
g off
g TEcho_Material.002
usemtl Material.002
f 1339/1989/165 1350/1990/165 1351/1991/165
f 1340/1989/166 1354/1990/166 1352/1991/166
f 1347/1989/167 1357/1990/167 1359/1991/167
f 1344/1989/168 1358/1990/168 1356/1991/168
f 1343/1989/169 1353/1990/169 1355/1991/169
f 1329/1992/170 1347/1991/170 1330/1989/170
f 1334/1992/171 1340/1991/171 1333/1989/171
f 1326/1989/172 1338/1990/172 1339/1991/172
f 1331/1992/173 1348/1991/173 1337/1989/173
f 1327/1989/174 1339/1990/174 1341/1991/174
f 1336/1989/175 1348/1990/175 1346/1991/175
f 1328/1992/176 1345/1991/176 1329/1989/176
f 1334/1989/177 1344/1990/177 1342/1991/177
f 1330/1992/178 1349/1991/178 1331/1989/178
f 1333/1992/179 1338/1991/179 1332/1989/179
f 1328/1989/180 1341/1990/180 1343/1991/180
f 1335/1989/181 1346/1990/181 1344/1991/181
f 1350/1989/182 1364/1990/182 1362/1991/182
f 1359/1992/183 1373/1991/183 1361/1989/183
f 1356/1992/184 1366/1991/184 1354/1989/184
f 1355/1992/185 1369/1991/185 1357/1989/185
f 1360/1992/186 1370/1991/186 1358/1989/186
f 1348/1989/187 1361/1990/187 1360/1991/187
f 1341/1989/188 1351/1990/188 1353/1991/188
f 1346/1989/189 1360/1990/189 1358/1991/189
f 1345/1989/190 1355/1990/190 1357/1991/190
f 1342/1989/191 1356/1990/191 1354/1991/191
f 1349/1989/192 1359/1990/192 1361/1991/192
f 1338/1989/193 1352/1990/193 1350/1991/193
f 1367/1989/194 1377/1990/194 1379/1991/194
f 1364/1992/194 1374/1991/194 1362/1989/194
f 1371/1992/194 1385/1991/194 1373/1989/194
f 1366/1989/194 1380/1990/194 1378/1991/194
f 1369/1989/194 1379/1990/194 1381/1991/194
f 1353/1992/195 1367/1991/195 1355/1989/195
f 1358/1992/196 1368/1991/196 1356/1989/196
f 1357/1992/197 1371/1991/197 1359/1989/197
f 1352/1989/198 1366/1990/198 1364/1991/198
f 1350/1992/199 1363/1991/199 1351/1989/199
f 1361/1992/200 1372/1991/200 1360/1989/200
f 1351/1992/201 1365/1991/201 1353/1989/201
f 1383/1989/202 1393/1990/202 1395/1991/202
f 1382/1992/203 1392/1991/203 1380/1989/203
f 1379/1989/204 1389/1990/204 1391/1991/204
f 1376/1992/205 1386/1991/205 1374/1989/205
f 1385/1989/206 1395/1990/206 1397/1991/206
f 1368/1989/194 1382/1990/194 1380/1991/194
f 1369/1992/194 1383/1991/194 1371/1989/194
f 1366/1992/194 1376/1991/194 1364/1989/194
f 1362/1992/194 1375/1991/194 1363/1989/194
f 1373/1992/194 1384/1991/194 1372/1989/194
f 1365/1989/194 1375/1990/194 1377/1991/194
f 1370/1989/194 1384/1990/194 1382/1991/194
f 1378/1992/207 1388/1991/207 1376/1989/207
f 1374/1992/208 1387/1991/208 1375/1989/208
f 1384/1989/209 1397/1990/209 1396/1991/209
f 1377/1989/210 1387/1990/210 1389/1991/210
f 1384/1992/211 1394/1991/211 1382/1989/211
f 1381/1989/212 1391/1990/212 1393/1991/212
f 1380/1992/213 1390/1991/213 1378/1989/213
f 1406/1992/214 1411/1991/214 1407/1989/214
f 1408/1992/214 1415/1991/214 1409/1989/214
f 1404/1992/215 1409/1991/215 1405/1989/215
f 1399/1989/216 1402/1990/216 1406/1991/216
f 1405/1992/217 1398/1991/217 1401/1989/217
f 1403/1992/218 1408/1991/218 1404/1989/218
f 1399/1992/219 1407/1991/219 1403/1989/219
f 1400/1989/220 1398/1990/220 1402/1991/220
f 1412/1992/221 1416/1991/221 1410/1989/221
f 1411/1992/222 1420/1991/222 1414/1989/222
f 1398/1989/214 1415/1990/214 1413/1991/214
f 1402/1989/214 1413/1990/214 1412/1991/214
f 1402/1992/214 1410/1991/214 1406/1989/214
f 1408/1989/214 1411/1990/214 1414/1991/214
f 1418/1992/223 1422/1991/223 1416/1989/223
f 1420/1989/224 1423/1990/224 1426/1991/224
f 1415/1989/225 1420/1990/225 1421/1991/225
f 1412/1989/226 1419/1990/226 1418/1991/226
f 1413/1989/227 1421/1990/227 1419/1991/227
f 1410/1992/228 1417/1991/228 1411/1989/228
f 1437/1989/229 1430/1990/229 1428/1991/229
f 1435/1989/230 1429/1990/230 1432/1991/230
f 1420/1992/231 1427/1991/231 1421/1989/231
f 1418/1989/232 1425/1990/232 1424/1991/232
f 1421/1992/233 1425/1991/233 1419/1989/233
f 1417/1989/234 1422/1990/234 1423/1991/234
f 1428/1992/228 2080/1991/228 1429/1989/228
f 1433/1992/227 2082/1991/227 1431/1989/227
f 1435/1992/235 1433/1991/235 1438/1989/235
f 1439/1992/236 1430/1991/236 1436/1989/236
f 1438/1992/227 1431/1991/227 1439/1989/227
f 1434/1989/228 1428/1990/228 1429/1991/228
f 1422/1992/228 1434/1991/228 1423/1989/228
f 1425/1989/227 1438/1990/227 1439/1991/227
f 1424/1989/237 1439/1990/237 1436/1991/237
f 1427/1989/238 1435/1990/238 1438/1991/238
f 1423/1992/239 1435/1991/239 1426/1989/239
f 1424/1992/240 1437/1991/240 1422/1989/240
f 1548/1992/241 1447/1991/241 1549/1989/241
f 1450/1992/242 1575/1991/242 1449/1989/242
f 1558/1989/243 1456/1990/243 1457/1991/243
f 1547/1992/244 1446/1991/244 1548/1989/244
f 1441/1992/245 1445/1991/245 1547/1989/245
f 1551/1989/246 1579/1990/246 1580/1991/246
f 1557/1989/247 1455/1990/247 1456/1991/247
f 1440/1992/248 1444/1991/248 1441/1989/248
f 1550/1989/249 1575/1990/249 1579/1991/249
f 1442/1992/250 1449/1991/250 1550/1989/250
f 1556/1989/251 1454/1990/251 1455/1991/251
f 1549/1992/252 1448/1991/252 1442/1989/252
f 1555/1989/253 1453/1990/253 1454/1991/253
f 1554/1989/254 1452/1990/254 1453/1991/254
f 1454/1989/255 1467/1990/255 1468/1991/255
f 1453/1989/256 1466/1990/256 1467/1991/256
f 1446/1992/257 1461/1991/257 1447/1989/257
f 1452/1989/258 1465/1990/258 1466/1991/258
f 1445/1992/259 1460/1991/259 1446/1989/259
f 1444/1992/260 1459/1991/260 1445/1989/260
f 1451/1989/261 1464/1990/261 1465/1991/261
f 1456/1989/262 1469/1990/262 1470/1991/262
f 1449/1992/263 1464/1991/263 1450/1989/263
f 1448/1992/264 1463/1991/264 1449/1989/264
f 1455/1989/265 1468/1990/265 1469/1991/265
f 1447/1992/266 1462/1991/266 1448/1989/266
f 1463/1989/267 1476/1990/267 1477/1991/267
f 1462/1989/268 1475/1990/268 1476/1991/268
f 1467/1992/269 1482/1991/269 1468/1989/269
f 1461/1989/270 1474/1990/270 1475/1991/270
f 1466/1992/271 1481/1991/271 1467/1989/271
f 1464/1989/272 1559/1990/272 1560/1991/272
f 1460/1989/273 1473/1990/273 1474/1991/273
f 1480/1989/274 1562/1990/274 1566/1991/274
f 1469/1992/275 1484/1991/275 1470/1989/275
f 1459/1989/276 1472/1990/276 1473/1991/276
f 1479/1989/277 1566/1990/277 1565/1991/277
f 1468/1992/278 1483/1991/278 1469/1989/278
f 1478/1989/279 1492/1990/279 1493/1991/279
f 1483/1992/280 1499/1991/280 1484/1989/280
f 1482/1992/281 1498/1991/281 1483/1989/281
f 1472/1989/282 1486/1990/282 1487/1991/282
f 1477/1989/283 1491/1990/283 1492/1991/283
f 1481/1992/284 1497/1991/284 1482/1989/284
f 1476/1989/285 1490/1990/285 1491/1991/285
f 1475/1989/286 1489/1990/286 1490/1991/286
f 1480/1992/287 1496/1991/287 1481/1989/287
f 1474/1989/288 1488/1990/288 1489/1991/288
f 1479/1992/289 1495/1991/289 1480/1989/289
f 1478/1992/290 1494/1991/290 1479/1989/290
f 1484/1992/291 1500/1991/291 1485/1989/291
f 1473/1989/292 1487/1990/292 1488/1991/292
f 1500/1989/293 1515/1990/293 1516/1991/293
f 1487/1992/294 1504/1991/294 1488/1989/294
f 1494/1992/295 1586/1991/295 1495/1989/295
f 1509/1992/296 1587/1991/296 1508/1989/296
f 1499/1989/297 1514/1990/297 1515/1991/297
f 1486/1992/298 1503/1991/298 1487/1989/298
f 1491/1992/299 1508/1991/299 1492/1989/299
f 1498/1989/300 1513/1990/300 1514/1991/300
f 1497/1989/301 1512/1990/301 1513/1991/301
f 1486/1989/302 1501/1992/302 1502/1990/302
f 1490/1992/303 1507/1991/303 1491/1989/303
f 1496/1989/304 1511/1990/304 1512/1991/304
f 1489/1992/305 1506/1991/305 1490/1989/305
f 1488/1992/306 1505/1991/306 1489/1989/306
f 1493/1992/307 1585/1991/307 1494/1989/307
f 1505/1992/308 1521/1991/308 1506/1989/308
f 1511/1989/309 1525/1990/309 1526/1991/309
f 1516/1989/310 1530/1990/310 1531/1991/310
f 1504/1992/311 1520/1991/311 1505/1989/311
f 1503/1992/312 1519/1991/312 1504/1989/312
f 1510/1989/313 1524/1990/313 1525/1991/313
f 1515/1989/314 1529/1990/314 1530/1991/314
f 1502/1992/315 1518/1991/315 1503/1989/315
f 1508/1992/316 1524/1991/316 1509/1989/316
f 1507/1992/317 1523/1991/317 1508/1989/317
f 1514/1989/318 1528/1990/318 1529/1991/318
f 1502/1989/319 1501/1992/319 1517/1990/319
f 1506/1992/320 1522/1991/320 1507/1989/320
f 1513/1989/321 1527/1990/321 1528/1991/321
f 1512/1989/322 1526/1990/322 1527/1991/322
f 1529/1992/323 1545/1991/323 1530/1989/323
f 1521/1989/324 1535/1990/324 1536/1991/324
f 1526/1992/325 1542/1991/325 1527/1989/325
f 1528/1992/326 1544/1991/326 1529/1989/326
f 1525/1992/327 1570/1991/327 1526/1989/327
f 1520/1989/328 1534/1990/328 1535/1991/328
f 1540/1992/329 1572/1991/329 1539/1989/329
f 1519/1989/330 1533/1990/330 1534/1991/330
f 1518/1989/331 1532/1990/331 1533/1991/331
f 1541/1989/332 1570/1990/332 1574/1991/332
f 1530/1992/333 1546/1991/333 1531/1989/333
f 1517/1989/334 1501/1992/334 1532/1990/334
f 1523/1989/335 1537/1990/335 1538/1991/335
f 1522/1989/336 1536/1990/336 1537/1991/336
f 1527/1992/337 1543/1991/337 1528/1989/337
f 1535/1989/338 1547/1990/338 1548/1991/338
f 1539/1992/339 1552/1991/339 1540/1989/339
f 1545/1992/340 1558/1991/340 1546/1989/340
f 1544/1992/341 1557/1991/341 1545/1989/341
f 1534/1989/342 1441/1990/342 1547/1991/342
f 1533/1989/343 1440/1990/343 1441/1991/343
f 1539/1989/344 1550/1990/344 1551/1991/344
f 1543/1992/345 1556/1991/345 1544/1989/345
f 1538/1989/346 1442/1990/346 1550/1991/346
f 1537/1989/347 1549/1990/347 1442/1991/347
f 1542/1992/348 1555/1991/348 1543/1989/348
f 1536/1989/349 1548/1990/349 1549/1991/349
f 1541/1992/350 1554/1991/350 1542/1989/350
f 1540/1992/351 1553/1991/351 1541/1989/351
f 1464/1992/352 1561/1991/352 1465/1989/352
f 1478/1992/353 1563/1991/353 1477/1989/353
f 1477/1992/354 1559/1991/354 1463/1989/354
f 1478/1989/355 1565/1990/355 1564/1991/355
f 1465/1992/356 1562/1991/356 1466/1989/356
f 1540/1989/357 1574/1990/357 1573/1991/357
f 1524/1989/358 1567/1990/358 1568/1991/358
f 1538/1992/359 1567/1991/359 1523/1989/359
f 1539/1992/360 1571/1991/360 1538/1989/360
f 1525/1989/361 1568/1990/361 1569/1991/361
f 1553/1992/362 1578/1991/362 1452/1989/362
f 1551/1992/363 1581/1991/363 1552/1989/363
f 1450/1989/364 1577/1990/364 1576/1991/364
f 1552/1992/365 1582/1991/365 1553/1989/365
f 1451/1989/366 1578/1990/366 1577/1991/366
f 1495/1992/367 1590/1991/367 1511/1989/367
f 1509/1989/368 1589/1990/368 1588/1991/368
f 1492/1989/369 1587/1990/369 1583/1991/369
f 1510/1989/370 1590/1990/370 1589/1991/370
f 1493/1989/371 1583/1990/371 1584/1991/371
f 1592/1992/248 1610/1991/248 1593/1989/248
f 1734/1992/372 1616/1991/372 1735/1989/372
f 1597/1992/250 1615/1991/250 1734/1989/250
f 1740/1989/373 1620/1990/373 1621/1991/373
f 1592/1989/374 1676/1992/374 1609/1990/374
f 1732/1992/252 1614/1991/252 1597/1989/252
f 1739/1989/253 1619/1990/253 1620/1991/253
f 1738/1989/254 1618/1990/254 1619/1991/254
f 1731/1992/241 1613/1991/241 1732/1989/241
f 1737/1989/375 1617/1990/375 1618/1991/375
f 1607/1989/376 1742/1992/376 1623/1990/376
f 1742/1989/243 1622/1990/243 1623/1991/243
f 1730/1992/244 1612/1991/244 1731/1989/244
f 1593/1992/245 1611/1991/245 1730/1989/245
f 1736/1989/377 1616/1990/377 1617/1991/377
f 1741/1989/247 1621/1990/247 1622/1991/247
f 1610/1992/260 1628/1991/260 1611/1989/260
f 1617/1989/378 1633/1990/378 1634/1991/378
f 1622/1989/379 1638/1990/379 1639/1991/379
f 1609/1992/380 1627/1991/380 1610/1989/380
f 1615/1992/263 1633/1991/263 1616/1989/263
f 1614/1992/381 1632/1991/381 1615/1989/381
f 1621/1989/382 1637/1990/382 1638/1991/382
f 1609/1989/383 1676/1992/383 1626/1990/383
f 1613/1992/266 1631/1991/266 1614/1989/266
f 1620/1989/255 1636/1990/255 1637/1991/255
f 1619/1989/256 1635/1990/256 1636/1991/256
f 1612/1992/384 1630/1991/384 1613/1989/384
f 1618/1989/258 1634/1990/258 1635/1991/258
f 1607/1989/385 1623/1992/385 1640/1990/385
f 1623/1989/386 1639/1990/386 1640/1991/386
f 1611/1992/259 1629/1991/259 1612/1989/259
f 1607/1989/387 1640/1992/387 1657/1990/387
f 1629/1989/273 1645/1990/273 1646/1991/273
f 1633/1992/388 1651/1991/388 1634/1989/388
f 1639/1992/389 1657/1991/389 1640/1989/389
f 1638/1992/390 1656/1991/390 1639/1989/390
f 1628/1989/276 1644/1990/276 1645/1991/276
f 1627/1989/391 1643/1990/391 1644/1991/391
f 1633/1989/392 1649/1990/392 1650/1991/392
f 1637/1992/393 1655/1991/393 1638/1989/393
f 1626/1989/394 1676/1992/394 1643/1990/394
f 1632/1989/267 1648/1990/267 1649/1991/267
f 1631/1989/268 1647/1990/268 1648/1991/268
f 1636/1992/269 1654/1991/269 1637/1989/269
f 1630/1989/395 1646/1990/395 1647/1991/395
f 1635/1992/271 1653/1991/271 1636/1989/271
f 1634/1992/396 1652/1991/396 1635/1989/396
f 1648/1989/285 1664/1990/285 1665/1991/285
f 1647/1989/286 1663/1990/286 1664/1991/286
f 1652/1992/287 1670/1991/287 1653/1989/287
f 1607/1989/397 1657/1992/397 1674/1990/397
f 1646/1989/398 1662/1990/398 1663/1991/398
f 1651/1992/289 1669/1991/289 1652/1989/289
f 1650/1992/290 1668/1991/290 1651/1989/290
f 1656/1992/291 1674/1991/291 1657/1989/291
f 1645/1989/292 1661/1990/292 1662/1991/292
f 1650/1989/279 1666/1990/279 1667/1991/279
f 1655/1992/280 1673/1991/280 1656/1989/280
f 1654/1992/399 1672/1991/399 1655/1989/399
f 1644/1989/282 1660/1990/282 1661/1991/282
f 1643/1989/400 1676/1992/400 1660/1990/400
f 1649/1989/283 1665/1990/283 1666/1991/283
f 1653/1992/284 1671/1991/284 1654/1989/284
f 1671/1989/301 1687/1990/301 1688/1991/301
f 1660/1989/302 1676/1992/302 1677/1990/302
f 1664/1992/303 1682/1991/303 1665/1989/303
f 1670/1989/304 1686/1990/304 1687/1991/304
f 1607/1989/401 1674/1992/401 1691/1990/401
f 1663/1992/305 1681/1991/305 1664/1989/305
f 1662/1992/402 1680/1991/402 1663/1989/402
f 1669/1989/403 1685/1990/403 1686/1991/403
f 1674/1989/293 1690/1990/293 1691/1991/293
f 1661/1992/294 1679/1991/294 1662/1989/294
f 1666/1992/404 1684/1991/404 1667/1989/404
f 1673/1989/405 1689/1990/405 1690/1991/405
f 1660/1992/298 1678/1991/298 1661/1989/298
f 1665/1992/406 1683/1991/406 1666/1989/406
f 1672/1989/407 1688/1990/407 1689/1991/407
f 1677/1992/315 1695/1991/315 1678/1989/315
f 1683/1992/316 1701/1991/316 1684/1989/316
f 1682/1992/408 1700/1991/408 1683/1989/408
f 1689/1989/318 1705/1990/318 1706/1991/318
f 1677/1989/319 1676/1992/319 1694/1990/319
f 1681/1992/320 1699/1991/320 1682/1989/320
f 1688/1989/409 1704/1990/409 1705/1991/409
f 1687/1989/322 1703/1990/322 1704/1991/322
f 1680/1992/308 1698/1991/308 1681/1989/308
f 1686/1989/309 1702/1990/309 1703/1991/309
f 1607/1989/410 1691/1992/410 1708/1990/410
f 1691/1989/310 1707/1990/310 1708/1991/310
f 1679/1992/411 1697/1991/411 1680/1989/411
f 1678/1992/412 1696/1991/412 1679/1989/412
f 1685/1989/313 1701/1990/313 1702/1991/313
f 1690/1989/314 1706/1990/314 1707/1991/314
f 1701/1992/413 1719/1991/413 1702/1989/413
f 1707/1992/333 1725/1991/333 1708/1989/333
f 1706/1992/323 1724/1991/323 1707/1989/323
f 1696/1989/330 1712/1990/330 1713/1991/330
f 1695/1989/331 1711/1990/331 1712/1991/331
f 1701/1989/414 1717/1990/414 1718/1991/414
f 1705/1992/326 1723/1991/326 1706/1989/326
f 1694/1989/334 1676/1992/334 1711/1990/334
f 1700/1989/415 1716/1990/415 1717/1991/415
f 1699/1989/336 1715/1990/336 1716/1991/336
f 1704/1992/416 1722/1991/416 1705/1989/416
f 1698/1989/324 1714/1990/324 1715/1991/324
f 1703/1992/325 1721/1991/325 1704/1989/325
f 1702/1992/417 1720/1991/417 1703/1989/417
f 1607/1989/418 1708/1992/418 1725/1990/418
f 1697/1989/419 1713/1990/419 1714/1991/419
f 1714/1989/420 1730/1990/420 1731/1991/420
f 1719/1992/351 1737/1991/351 1720/1989/351
f 1718/1992/339 1736/1991/339 1719/1989/339
f 1724/1992/340 1742/1991/340 1725/1989/340
f 1713/1989/342 1593/1990/342 1730/1991/342
f 1718/1989/344 1734/1990/344 1735/1991/344
f 1723/1992/421 1741/1991/421 1724/1989/421
f 1722/1992/422 1740/1991/422 1723/1989/422
f 1712/1989/343 1592/1990/343 1593/1991/343
f 1711/1989/423 1676/1992/423 1592/1990/423
f 1717/1989/424 1597/1990/424 1734/1991/424
f 1721/1992/348 1739/1991/348 1722/1989/348
f 1716/1989/347 1732/1990/347 1597/1991/347
f 1715/1989/349 1731/1990/349 1732/1991/349
f 1720/1992/350 1738/1991/350 1721/1989/350
f 1607/1989/425 1725/1992/425 1742/1990/425
f 1733/1989/426 1727/1990/426 1726/1991/426
f 1827/1989/427 1675/1990/427 1659/1991/427
f 1826/1989/428 1692/1990/428 1675/1991/428
f 1831/1992/429 1624/1991/429 1832/1989/429
f 1743/1989/430 1777/1992/430 1727/1990/430
f 1729/1989/431 1693/1990/431 1692/1991/431
f 1830/1992/432 1625/1991/432 1831/1989/432
f 1829/1992/433 1641/1991/433 1830/1989/433
f 1825/1989/434 1709/1990/434 1693/1991/434
f 1828/1992/435 1642/1991/435 1829/1989/435
f 1728/1989/436 1834/1992/436 1606/1990/436
f 1833/1992/437 1606/1991/437 1834/1989/437
f 1824/1989/438 1710/1990/438 1709/1991/438
f 1823/1989/439 1726/1990/439 1710/1991/439
f 1827/1992/440 1658/1991/440 1828/1989/440
f 1832/1992/441 1608/1991/441 1833/1989/441
f 1710/1989/442 1604/1990/442 1603/1991/442
f 1659/1992/443 1596/1991/443 1658/1989/443
f 1624/1992/444 1745/1991/444 1608/1989/444
f 1726/1989/445 1605/1990/445 1604/1991/445
f 1659/1989/446 1599/1990/446 1598/1991/446
f 1675/1989/447 1600/1990/447 1599/1991/447
f 1625/1992/448 1744/1991/448 1624/1989/448
f 1727/1989/449 1777/1992/449 1605/1990/449
f 1692/1989/450 1601/1990/450 1600/1991/450
f 1641/1992/451 1591/1991/451 1625/1989/451
f 1642/1992/452 1594/1991/452 1641/1989/452
f 1693/1989/453 1602/1990/453 1601/1991/453
f 1658/1992/454 1595/1991/454 1642/1989/454
f 1728/1989/455 1606/1992/455 1746/1990/455
f 1608/1992/456 1746/1991/456 1606/1989/456
f 1709/1989/457 1603/1990/457 1602/1991/457
f 1728/1989/458 1746/1992/458 1761/1990/458
f 1603/1992/459 1750/1991/459 1602/1989/459
f 1596/1989/460 1754/1990/460 1755/1991/460
f 1746/1989/461 1760/1990/461 1761/1991/461
f 1745/1989/462 1759/1990/462 1760/1991/462
f 1604/1992/463 1749/1991/463 1603/1989/463
f 1605/1992/464 1748/1991/464 1604/1989/464
f 1599/1992/465 1754/1991/465 1598/1989/465
f 1744/1989/466 1758/1990/466 1759/1991/466
f 1605/1989/467 1777/1992/467 1747/1990/467
f 1600/1992/468 1753/1991/468 1599/1989/468
f 1601/1992/469 1752/1991/469 1600/1989/469
f 1591/1989/470 1757/1990/470 1758/1991/470
f 1602/1992/471 1751/1991/471 1601/1989/471
f 1594/1989/472 1756/1990/472 1757/1991/472
f 1595/1989/473 1755/1990/473 1756/1991/473
f 1751/1992/474 1767/1991/474 1752/1989/474
f 1750/1992/475 1766/1991/475 1751/1989/475
f 1757/1989/476 1771/1990/476 1772/1991/476
f 1728/1989/477 1761/1992/477 1776/1990/477
f 1749/1992/478 1765/1991/478 1750/1989/478
f 1756/1989/479 1770/1990/479 1771/1991/479
f 1755/1989/480 1769/1990/480 1770/1991/480
f 1761/1989/481 1775/1990/481 1776/1991/481
f 1748/1992/482 1764/1991/482 1749/1989/482
f 1753/1992/483 1769/1991/483 1754/1989/483
f 1760/1989/484 1774/1990/484 1775/1991/484
f 1759/1989/485 1773/1990/485 1774/1991/485
f 1747/1992/486 1763/1991/486 1748/1989/486
f 1747/1989/487 1777/1992/487 1762/1990/487
f 1752/1992/488 1768/1991/488 1753/1989/488
f 1758/1989/489 1772/1990/489 1773/1991/489
f 1772/1992/490 1789/1991/490 1773/1989/490
f 1762/1989/491 1777/1992/491 1778/1990/491
f 1767/1989/492 1782/1990/492 1783/1991/492
f 1771/1992/493 1788/1991/493 1772/1989/493
f 1728/1989/494 1776/1992/494 1792/1990/494
f 1766/1989/495 1781/1990/495 1782/1991/495
f 1765/1989/496 1780/1990/496 1781/1991/496
f 1770/1992/497 1787/1991/497 1771/1989/497
f 1775/1992/498 1792/1991/498 1776/1989/498
f 1764/1989/499 1779/1990/499 1780/1991/499
f 1774/1992/500 1791/1991/500 1775/1989/500
f 1763/1989/501 1778/1990/501 1779/1991/501
f 1768/1989/502 1783/1990/502 1784/1991/502
f 1773/1992/503 1790/1991/503 1774/1989/503
f 1779/1989/504 1793/1990/504 1794/1991/504
f 1785/1989/505 1799/1990/505 1800/1991/505
f 1784/1989/506 1798/1990/506 1799/1991/506
f 1789/1992/507 1805/1991/507 1790/1989/507
f 1778/1989/508 1777/1992/508 1793/1990/508
f 1783/1989/509 1797/1990/509 1798/1991/509
f 1788/1992/510 1804/1991/510 1789/1989/510
f 1787/1992/511 1803/1991/511 1788/1989/511
f 1782/1989/512 1796/1990/512 1797/1991/512
f 1786/1992/513 1802/1991/513 1787/1989/513
f 1728/1989/514 1792/1992/514 1807/1990/514
f 1791/1992/515 1807/1991/515 1792/1989/515
f 1781/1989/516 1795/1990/516 1796/1991/516
f 1780/1989/517 1794/1990/517 1795/1991/517
f 1785/1992/518 1801/1991/518 1786/1989/518
f 1790/1992/519 1806/1991/519 1791/1989/519
f 1801/1989/520 1815/1990/520 1816/1991/520
f 1807/1989/521 1821/1990/521 1822/1991/521
f 1806/1989/522 1820/1990/522 1821/1991/522
f 1794/1992/523 1810/1991/523 1795/1989/523
f 1793/1992/524 1809/1991/524 1794/1989/524
f 1799/1992/525 1815/1991/525 1800/1989/525
f 1805/1989/526 1819/1990/526 1820/1991/526
f 1793/1989/527 1777/1992/527 1808/1990/527
f 1798/1992/528 1814/1991/528 1799/1989/528
f 1797/1992/529 1813/1991/529 1798/1989/529
f 1804/1989/530 1818/1990/530 1819/1991/530
f 1796/1992/531 1812/1991/531 1797/1989/531
f 1803/1989/532 1817/1990/532 1818/1991/532
f 1802/1989/533 1816/1990/533 1817/1991/533
f 1728/1989/534 1807/1992/534 1822/1990/534
f 1795/1992/535 1811/1991/535 1796/1989/535
f 1810/1992/536 1824/1991/536 1811/1989/536
f 1817/1989/537 1828/1990/537 1829/1991/537
f 1816/1989/538 1827/1990/538 1828/1991/538
f 1822/1989/539 1833/1990/539 1834/1991/539
f 1809/1992/540 1823/1991/540 1810/1989/540
f 1814/1992/541 1827/1991/541 1815/1989/541
f 1821/1989/542 1832/1990/542 1833/1991/542
f 1820/1989/543 1831/1990/543 1832/1991/543
f 1808/1992/544 1733/1991/544 1809/1989/544
f 1808/1989/545 1777/1992/545 1743/1990/545
f 1813/1992/546 1826/1991/546 1814/1989/546
f 1819/1989/547 1830/1990/547 1831/1991/547
f 1812/1992/548 1729/1991/548 1813/1989/548
f 1811/1992/549 1825/1991/549 1812/1989/549
f 1818/1989/550 1829/1990/550 1830/1991/550
f 1728/1989/551 1822/1992/551 1834/1990/551
f 1865/1992/552 1860/1991/552 1864/1989/552
f 1948/1992/553 1854/1991/553 1949/1989/553
f 1863/1992/554 1855/1991/554 1948/1989/554
f 1954/1989/555 1850/1990/555 1849/1991/555
f 1865/1989/556 1899/1992/556 1861/1990/556
f 1947/1992/557 1856/1991/557 1863/1989/557
f 1953/1989/558 1851/1990/558 1850/1991/558
f 1952/1989/559 1852/1990/559 1851/1991/559
f 1946/1992/560 1857/1991/560 1947/1989/560
f 1951/1989/561 1853/1990/561 1852/1991/561
f 1862/1989/562 1956/1992/562 1847/1990/562
f 1956/1989/563 1848/1990/563 1847/1991/563
f 1945/1992/564 1858/1991/564 1946/1989/564
f 1864/1992/565 1859/1991/565 1945/1989/565
f 1950/1989/566 1854/1990/566 1853/1991/566
f 1955/1989/567 1849/1990/567 1848/1991/567
f 1860/1992/568 1844/1991/568 1859/1989/568
f 1853/1989/569 1839/1990/569 1838/1991/569
f 1848/1989/570 1866/1990/570 1867/1991/570
f 1861/1992/571 1845/1991/571 1860/1989/571
f 1855/1992/572 1839/1991/572 1854/1989/572
f 1856/1992/573 1840/1991/573 1855/1989/573
f 1849/1989/574 1835/1990/574 1866/1991/574
f 1861/1989/575 1899/1992/575 1846/1990/575
f 1857/1992/576 1841/1991/576 1856/1989/576
f 1850/1989/577 1836/1990/577 1835/1991/577
f 1851/1989/578 1837/1990/578 1836/1991/578
f 1858/1992/579 1842/1991/579 1857/1989/579
f 1852/1989/580 1838/1990/580 1837/1991/580
f 1862/1989/581 1847/1992/581 1868/1990/581
f 1847/1989/582 1867/1990/582 1868/1991/582
f 1859/1992/583 1843/1991/583 1858/1989/583
f 1862/1989/584 1868/1992/584 1883/1990/584
f 1843/1989/585 1871/1990/585 1872/1991/585
f 1839/1992/586 1877/1991/586 1838/1989/586
f 1867/1992/587 1883/1991/587 1868/1989/587
f 1866/1992/588 1882/1991/588 1867/1989/588
f 1844/1989/589 1870/1990/589 1871/1991/589
f 1845/1989/590 1869/1990/590 1870/1991/590
f 1839/1989/591 1875/1990/591 1876/1991/591
f 1835/1992/592 1881/1991/592 1866/1989/592
f 1846/1989/593 1899/1992/593 1869/1990/593
f 1840/1989/594 1874/1990/594 1875/1991/594
f 1841/1989/595 1873/1990/595 1874/1991/595
f 1836/1992/596 1880/1991/596 1835/1989/596
f 1842/1989/597 1872/1990/597 1873/1991/597
f 1837/1992/598 1879/1991/598 1836/1989/598
f 1838/1992/599 1878/1991/599 1837/1989/599
f 1874/1989/600 1888/1990/600 1889/1991/600
f 1873/1989/601 1887/1990/601 1888/1991/601
f 1878/1992/602 1894/1991/602 1879/1989/602
f 1862/1989/603 1883/1992/603 1898/1990/603
f 1872/1989/604 1886/1990/604 1887/1991/604
f 1877/1992/605 1893/1991/605 1878/1989/605
f 1876/1992/606 1892/1991/606 1877/1989/606
f 1882/1992/607 1898/1991/607 1883/1989/607
f 1871/1989/608 1885/1990/608 1886/1991/608
f 1876/1989/609 1890/1990/609 1891/1991/609
f 1881/1992/610 1897/1991/610 1882/1989/610
f 1880/1992/611 1896/1991/611 1881/1989/611
f 1870/1989/612 1884/1990/612 1885/1991/612
f 1869/1989/613 1899/1992/613 1884/1990/613
f 1875/1989/614 1889/1990/614 1890/1991/614
f 1879/1992/615 1895/1991/615 1880/1989/615
f 1895/1989/616 1910/1990/616 1911/1991/616
f 1884/1989/617 1899/1992/617 1900/1990/617
f 1888/1992/618 1905/1991/618 1889/1989/618
f 1894/1989/619 1909/1990/619 1910/1991/619
f 1862/1989/620 1898/1992/620 1914/1990/620
f 1887/1992/621 1904/1991/621 1888/1989/621
f 1886/1992/622 1903/1991/622 1887/1989/622
f 1893/1989/623 1908/1990/623 1909/1991/623
f 1898/1989/624 1913/1990/624 1914/1991/624
f 1885/1992/625 1902/1991/625 1886/1989/625
f 1892/1989/626 1907/1990/626 1908/1991/626
f 1890/1992/627 1907/1991/627 1891/1989/627
f 1897/1989/628 1912/1990/628 1913/1991/628
f 1884/1992/629 1901/1991/629 1885/1989/629
f 1889/1992/630 1906/1991/630 1890/1989/630
f 1896/1989/631 1911/1990/631 1912/1991/631
f 1900/1992/632 1916/1991/632 1901/1989/632
f 1906/1992/633 1922/1991/633 1907/1989/633
f 1905/1992/634 1921/1991/634 1906/1989/634
f 1912/1989/635 1926/1990/635 1927/1991/635
f 1900/1989/636 1899/1992/636 1915/1990/636
f 1904/1992/637 1920/1991/637 1905/1989/637
f 1911/1989/638 1925/1990/638 1926/1991/638
f 1910/1989/639 1924/1990/639 1925/1991/639
f 1903/1992/640 1919/1991/640 1904/1989/640
f 1909/1989/641 1923/1990/641 1924/1991/641
f 1862/1989/642 1914/1992/642 1929/1990/642
f 1914/1989/643 1928/1990/643 1929/1991/643
f 1902/1992/644 1918/1991/644 1903/1989/644
f 1901/1992/645 1917/1991/645 1902/1989/645
f 1908/1989/646 1922/1990/646 1923/1991/646
f 1913/1989/647 1927/1990/647 1928/1991/647
f 1922/1992/648 1938/1991/648 1923/1989/648
f 1928/1992/649 1944/1991/649 1929/1989/649
f 1927/1992/650 1943/1991/650 1928/1989/650
f 1917/1989/651 1931/1990/651 1932/1991/651
f 1916/1989/652 1930/1990/652 1931/1991/652
f 1922/1989/653 1936/1990/653 1937/1991/653
f 1926/1992/654 1942/1991/654 1927/1989/654
f 1915/1989/655 1899/1992/655 1930/1990/655
f 1921/1989/656 1935/1990/656 1936/1991/656
f 1920/1989/657 1934/1990/657 1935/1991/657
f 1925/1992/658 1941/1991/658 1926/1989/658
f 1919/1989/659 1933/1990/659 1934/1991/659
f 1924/1992/660 1940/1991/660 1925/1989/660
f 1923/1992/661 1939/1991/661 1924/1989/661
f 1862/1989/662 1929/1992/662 1944/1990/662
f 1918/1989/663 1932/1990/663 1933/1991/663
f 1933/1989/664 1945/1990/664 1946/1991/664
f 1938/1992/665 1951/1991/665 1939/1989/665
f 1937/1992/666 1950/1991/666 1938/1989/666
f 1943/1992/667 1956/1991/667 1944/1989/667
f 1932/1989/668 1864/1990/668 1945/1991/668
f 1937/1989/669 1948/1990/669 1949/1991/669
f 1942/1992/670 1955/1991/670 1943/1989/670
f 1941/1992/671 1954/1991/671 1942/1989/671
f 1931/1989/672 1865/1990/672 1864/1991/672
f 1930/1989/673 1899/1992/673 1865/1990/673
f 1936/1989/674 1863/1990/674 1948/1991/674
f 1940/1992/675 1953/1991/675 1941/1989/675
f 1935/1989/676 1947/1990/676 1863/1991/676
f 1934/1989/677 1946/1990/677 1947/1991/677
f 1939/1992/678 1952/1991/678 1940/1989/678
f 1862/1989/679 1944/1992/679 1956/1990/679
f 1986/1989/391 1983/1990/391 1982/1991/391
f 2071/1989/680 1977/1990/680 1976/1991/680
f 2070/1989/681 1978/1990/681 1977/1991/681
f 2075/1992/682 1971/1991/682 2076/1989/682
f 1987/1989/683 2021/1992/683 1983/1990/683
f 1985/1989/684 1979/1990/684 1978/1991/684
f 2074/1992/685 1972/1991/685 2075/1989/685
f 2073/1992/686 1973/1991/686 2074/1989/686
f 2069/1989/687 1980/1990/687 1979/1991/687
f 2072/1992/688 1974/1991/688 2073/1989/688
f 1984/1989/387 2078/1992/387 1969/1990/387
f 2077/1992/389 1969/1991/389 2078/1989/389
f 2068/1989/689 1981/1990/689 1980/1991/689
f 2067/1989/690 1982/1990/690 1981/1991/690
f 2071/1992/691 1975/1991/691 2072/1989/691
f 2076/1992/692 1970/1991/692 2077/1989/692
f 1981/1989/292 1967/1990/292 1966/1991/292
f 1976/1992/693 1960/1991/693 1975/1989/693
f 1971/1992/694 1989/1991/694 1970/1989/694
f 1982/1989/695 1968/1990/695 1967/1991/695
f 1976/1989/696 1962/1990/696 1961/1991/696
f 1977/1989/697 1963/1990/697 1962/1991/697
f 1972/1992/281 1988/1991/281 1971/1989/281
f 1983/1989/698 2021/1992/698 1968/1990/698
f 1978/1989/699 1964/1990/699 1963/1991/699
f 1973/1992/700 1957/1991/700 1972/1989/700
f 1974/1992/701 1958/1991/701 1973/1989/701
f 1979/1989/702 1965/1990/702 1964/1991/702
f 1975/1992/703 1959/1991/703 1974/1989/703
f 1984/1989/704 1969/1992/704 1990/1990/704
f 1970/1992/705 1990/1991/705 1969/1989/705
f 1980/1989/288 1966/1990/288 1965/1991/288
f 1984/1989/401 1990/1992/401 2005/1990/401
f 1966/1992/706 1994/1991/706 1965/1989/706
f 1960/1989/707 1998/1990/707 1999/1991/707
f 1990/1989/293 2004/1990/293 2005/1991/293
f 1989/1989/708 2003/1990/708 2004/1991/708
f 1967/1992/709 1993/1991/709 1966/1989/709
f 1968/1992/298 1992/1991/298 1967/1989/298
f 1962/1992/710 1998/1991/710 1961/1989/710
f 1988/1989/407 2002/1990/407 2003/1991/407
f 1968/1989/302 2021/1992/302 1991/1990/302
f 1963/1992/711 1997/1991/711 1962/1989/711
f 1964/1992/712 1996/1991/712 1963/1989/712
f 1957/1989/713 2001/1990/713 2002/1991/713
f 1965/1992/714 1995/1991/714 1964/1989/714
f 1958/1989/715 2000/1990/715 2001/1991/715
f 1959/1989/716 1999/1990/716 2000/1991/716
f 1995/1992/717 2011/1991/717 1996/1989/717
f 1994/1992/718 2010/1991/718 1995/1989/718
f 2001/1989/719 2015/1990/719 2016/1991/719
f 1984/1989/410 2005/1992/410 2020/1990/410
f 1993/1992/720 2009/1991/720 1994/1989/720
f 2000/1989/721 2014/1990/721 2015/1991/721
f 1999/1989/722 2013/1990/722 2014/1991/722
f 2005/1989/723 2019/1990/723 2020/1991/723
f 1992/1992/312 2008/1991/312 1993/1989/312
f 1997/1992/724 2013/1991/724 1998/1989/724
f 2004/1989/314 2018/1990/314 2019/1991/314
f 2003/1989/725 2017/1990/725 2018/1991/725
f 1991/1992/726 2007/1991/726 1992/1989/726
f 1991/1989/727 2021/1992/727 2006/1990/727
f 1996/1992/728 2012/1991/728 1997/1989/728
f 2002/1989/729 2016/1990/729 2017/1991/729
f 2016/1992/730 2033/1991/730 2017/1989/730
f 2006/1989/334 2021/1992/334 2022/1990/334
f 2011/1989/731 2026/1990/731 2027/1991/731
f 2015/1992/732 2032/1991/732 2016/1989/732
f 1984/1989/418 2020/1992/418 2036/1990/418
f 2010/1989/733 2025/1990/733 2026/1991/733
f 2009/1989/734 2024/1990/734 2025/1991/734
f 2014/1992/735 2031/1991/735 2015/1989/735
f 2019/1992/333 2036/1991/333 2020/1989/333
f 2008/1989/736 2023/1990/736 2024/1991/736
f 2013/1989/737 2028/1990/737 2029/1991/737
f 2018/1992/738 2035/1991/738 2019/1989/738
f 2007/1989/331 2022/1990/331 2023/1991/331
f 2012/1989/739 2027/1990/739 2028/1991/739
f 2017/1992/740 2034/1991/740 2018/1989/740
f 2023/1989/741 2037/1990/741 2038/1991/741
f 2029/1989/742 2043/1990/742 2044/1991/742
f 2028/1989/743 2042/1990/743 2043/1991/743
f 2033/1992/744 2049/1991/744 2034/1989/744
f 2022/1989/745 2021/1992/745 2037/1990/745
f 2027/1989/746 2041/1990/746 2042/1991/746
f 2032/1992/747 2048/1991/747 2033/1989/747
f 2031/1992/748 2047/1991/748 2032/1989/748
f 2026/1989/749 2040/1990/749 2041/1991/749
f 2030/1992/750 2046/1991/750 2031/1989/750
f 1984/1989/425 2036/1992/425 2051/1990/425
f 2035/1992/751 2051/1991/751 2036/1989/751
f 2025/1989/338 2039/1990/338 2040/1991/338
f 2024/1989/342 2038/1990/342 2039/1991/342
f 2029/1992/752 2045/1991/752 2030/1989/752
f 2034/1992/421 2050/1991/421 2035/1989/421
f 2045/1989/753 2059/1990/753 2060/1991/753
f 2051/1989/243 2065/1990/243 2066/1991/243
f 2050/1989/754 2064/1990/754 2065/1991/754
f 2038/1992/755 2054/1991/755 2039/1989/755
f 2037/1992/248 2053/1991/248 2038/1989/248
f 2043/1992/756 2059/1991/756 2044/1989/756
f 2049/1989/757 2063/1990/757 2064/1991/757
f 2037/1989/374 2021/1992/374 2052/1990/374
f 2042/1992/758 2058/1991/758 2043/1989/758
f 2041/1992/759 2057/1991/759 2042/1989/759
f 2048/1989/760 2062/1990/760 2063/1991/760
f 2040/1992/761 2056/1991/761 2041/1989/761
f 2047/1989/762 2061/1990/762 2062/1991/762
f 2046/1989/763 2060/1990/763 2061/1991/763
f 1984/1989/376 2051/1992/376 2066/1990/376
f 2039/1992/764 2055/1991/764 2040/1989/764
f 2054/1992/765 2068/1991/765 2055/1989/765
f 2061/1989/766 2072/1990/766 2073/1991/766
f 2060/1989/767 2071/1990/767 2072/1991/767
f 2066/1989/768 2077/1990/768 2078/1991/768
f 2053/1992/260 2067/1991/260 2054/1989/260
f 2058/1992/769 2071/1991/769 2059/1989/769
f 2065/1989/262 2076/1990/262 2077/1991/262
f 2064/1989/770 2075/1990/770 2076/1991/770
f 2052/1992/771 1986/1991/771 2053/1989/771
f 2052/1989/772 2021/1992/772 1987/1990/772
f 2057/1992/773 2070/1991/773 2058/1989/773
f 2063/1989/774 2074/1990/774 2075/1991/774
f 2056/1992/775 1985/1991/775 2057/1989/775
f 2055/1992/776 2069/1991/776 2056/1989/776
f 2062/1989/777 2073/1990/777 2074/1991/777
f 1984/1989/385 2066/1992/385 2078/1990/385
f 2081/1992/214 2084/1991/214 2083/1989/214
f 2080/1989/214 2081/1990/214 2083/1991/214
f 2083/1992/778 2095/1991/778 2080/1989/778
f 1430/1989/779 2087/1990/779 2086/1991/779
f 2082/1992/780 2087/1991/780 1431/1989/780
f 2081/1992/781 2094/1991/781 2082/1989/781
f 2090/1992/782 2096/1991/782 2091/1989/782
f 2086/1992/783 2092/1991/783 2085/1989/783
f 2091/1992/784 2089/1991/784 2088/1989/784
f 2087/1992/785 2093/1991/785 2086/1989/785
f 1432/1989/786 2090/1990/786 2091/1991/786
f 2079/1989/787 2085/1990/787 2092/1991/787
f 2084/1989/788 2088/1990/788 2089/1991/788
f 2081/1989/789 2092/1990/789 2093/1991/789
f 2083/1989/790 2089/1990/790 2096/1991/790
f 1430/1992/791 2085/1991/791 1428/1989/791
f 1432/1992/792 2088/1991/792 1433/1989/792
f 2080/1992/793 2090/1991/793 1429/1989/793
f 1339/1989/794 1338/1992/794 1350/1990/794
f 1340/1989/795 1342/1992/795 1354/1990/795
f 1347/1989/796 1345/1992/796 1357/1990/796
f 1344/1989/797 1346/1992/797 1358/1990/797
f 1343/1989/798 1341/1992/798 1353/1990/798
f 1329/1992/170 1345/1990/170 1347/1991/170
f 1334/1992/171 1342/1990/171 1340/1991/171
f 1326/1989/172 1332/1992/172 1338/1990/172
f 1331/1992/173 1349/1990/173 1348/1991/173
f 1327/1989/799 1326/1992/799 1339/1990/799
f 1336/1989/175 1337/1992/175 1348/1990/175
f 1328/1992/176 1343/1990/176 1345/1991/176
f 1334/1989/177 1335/1992/177 1344/1990/177
f 1330/1992/178 1347/1990/178 1349/1991/178
f 1333/1992/179 1340/1990/179 1338/1991/179
f 1328/1989/180 1327/1992/180 1341/1990/180
f 1335/1989/181 1336/1992/181 1346/1990/181
f 1350/1989/800 1352/1992/800 1364/1990/800
f 1359/1992/801 1371/1990/801 1373/1991/801
f 1356/1992/802 1368/1990/802 1366/1991/802
f 1355/1992/803 1367/1990/803 1369/1991/803
f 1360/1992/804 1372/1990/804 1370/1991/804
f 1348/1989/805 1349/1992/805 1361/1990/805
f 1341/1989/806 1339/1992/806 1351/1990/806
f 1346/1989/807 1348/1992/807 1360/1990/807
f 1345/1989/808 1343/1992/808 1355/1990/808
f 1342/1989/809 1344/1992/809 1356/1990/809
f 1349/1989/810 1347/1992/810 1359/1990/810
f 1338/1989/811 1340/1992/811 1352/1990/811
f 1367/1989/194 1365/1992/194 1377/1990/194
f 1364/1992/194 1376/1990/194 1374/1991/194
f 1371/1992/194 1383/1990/194 1385/1991/194
f 1366/1989/194 1368/1992/194 1380/1990/194
f 1369/1989/194 1367/1992/194 1379/1990/194
f 1353/1992/812 1365/1990/812 1367/1991/812
f 1358/1992/813 1370/1990/813 1368/1991/813
f 1357/1992/814 1369/1990/814 1371/1991/814
f 1352/1989/815 1354/1992/815 1366/1990/815
f 1350/1992/816 1362/1990/816 1363/1991/816
f 1361/1992/817 1373/1990/817 1372/1991/817
f 1351/1992/818 1363/1990/818 1365/1991/818
f 1383/1989/202 1381/1992/202 1393/1990/202
f 1382/1992/203 1394/1990/203 1392/1991/203
f 1379/1989/204 1377/1992/204 1389/1990/204
f 1376/1992/205 1388/1990/205 1386/1991/205
f 1385/1989/206 1383/1992/206 1395/1990/206
f 1368/1989/194 1370/1992/194 1382/1990/194
f 1369/1992/194 1381/1990/194 1383/1991/194
f 1366/1992/194 1378/1990/194 1376/1991/194
f 1362/1992/194 1374/1990/194 1375/1991/194
f 1373/1992/194 1385/1990/194 1384/1991/194
f 1365/1989/194 1363/1992/194 1375/1990/194
f 1370/1989/194 1372/1992/194 1384/1990/194
f 1378/1992/207 1390/1990/207 1388/1991/207
f 1374/1992/208 1386/1990/208 1387/1991/208
f 1384/1989/209 1385/1992/209 1397/1990/209
f 1377/1989/210 1375/1992/210 1387/1990/210
f 1384/1992/211 1396/1990/211 1394/1991/211
f 1381/1989/212 1379/1992/212 1391/1990/212
f 1380/1992/213 1392/1990/213 1390/1991/213
f 1406/1992/214 1410/1990/214 1411/1991/214
f 1408/1992/214 1414/1990/214 1415/1991/214
f 1404/1992/819 1408/1990/819 1409/1991/819
f 1399/1989/820 1400/1992/820 1402/1990/820
f 1405/1992/217 1409/1990/217 1398/1991/217
f 1403/1992/821 1407/1990/821 1408/1991/821
f 1399/1992/219 1406/1990/219 1407/1991/219
f 1400/1989/822 1401/1992/822 1398/1990/822
f 1412/1992/221 1418/1990/221 1416/1991/221
f 1411/1992/222 1417/1990/222 1420/1991/222
f 1398/1989/214 1409/1992/214 1415/1990/214
f 1402/1989/214 1398/1992/214 1413/1990/214
f 1402/1992/214 1412/1990/214 1410/1991/214
f 1408/1989/214 1407/1992/214 1411/1990/214
f 1418/1992/223 1424/1990/223 1422/1991/223
f 1420/1989/224 1417/1992/224 1423/1990/224
f 1415/1989/823 1414/1992/823 1420/1990/823
f 1412/1989/226 1413/1992/226 1419/1990/226
f 1413/1989/227 1415/1992/227 1421/1990/227
f 1410/1992/228 1416/1990/228 1417/1991/228
f 1437/1989/229 1436/1992/229 1430/1990/229
f 1435/1989/230 1434/1992/230 1429/1990/230
f 1420/1992/231 1426/1990/231 1427/1991/231
f 1418/1989/232 1419/1992/232 1425/1990/232
f 1421/1992/233 1427/1990/233 1425/1991/233
f 1417/1989/234 1416/1992/234 1422/1990/234
f 1428/1992/228 2079/1990/228 2080/1991/228
f 1433/1992/227 2084/1990/227 2082/1991/227
f 1435/1992/235 1432/1990/235 1433/1991/235
f 1439/1992/236 1431/1990/236 1430/1991/236
f 1438/1992/227 1433/1990/227 1431/1991/227
f 1434/1989/228 1437/1992/228 1428/1990/228
f 1422/1992/228 1437/1990/228 1434/1991/228
f 1425/1989/227 1427/1992/227 1438/1990/227
f 1424/1989/237 1425/1992/237 1439/1990/237
f 1427/1989/238 1426/1992/238 1435/1990/238
f 1423/1992/239 1434/1990/239 1435/1991/239
f 1424/1992/240 1436/1990/240 1437/1991/240
f 1548/1992/241 1446/1990/241 1447/1991/241
f 1450/1992/824 1576/1990/824 1575/1991/824
f 1558/1989/243 1557/1992/243 1456/1990/243
f 1547/1992/244 1445/1990/244 1446/1991/244
f 1441/1992/245 1444/1990/245 1445/1991/245
f 1551/1989/825 1550/1992/825 1579/1990/825
f 1557/1989/247 1556/1992/247 1455/1990/247
f 1440/1992/248 1443/1990/248 1444/1991/248
f 1550/1989/249 1449/1992/249 1575/1990/249
f 1442/1992/826 1448/1990/826 1449/1991/826
f 1556/1989/251 1555/1992/251 1454/1990/251
f 1549/1992/252 1447/1990/252 1448/1991/252
f 1555/1989/253 1554/1992/253 1453/1990/253
f 1554/1989/254 1553/1992/254 1452/1990/254
f 1454/1989/255 1453/1992/255 1467/1990/255
f 1453/1989/256 1452/1992/256 1466/1990/256
f 1446/1992/257 1460/1990/257 1461/1991/257
f 1452/1989/827 1451/1992/827 1465/1990/827
f 1445/1992/828 1459/1990/828 1460/1991/828
f 1444/1992/829 1458/1990/829 1459/1991/829
f 1451/1989/378 1450/1992/378 1464/1990/378
f 1456/1989/379 1455/1992/379 1469/1990/379
f 1449/1992/830 1463/1990/830 1464/1991/830
f 1448/1992/381 1462/1990/381 1463/1991/381
f 1455/1989/831 1454/1992/831 1468/1990/831
f 1447/1992/266 1461/1990/266 1462/1991/266
f 1463/1989/832 1462/1992/832 1476/1990/832
f 1462/1989/268 1461/1992/268 1475/1990/268
f 1467/1992/269 1481/1990/269 1482/1991/269
f 1461/1989/270 1460/1992/270 1474/1990/270
f 1466/1992/271 1480/1990/271 1481/1991/271
f 1464/1989/833 1463/1992/833 1559/1990/833
f 1460/1989/834 1459/1992/834 1473/1990/834
f 1480/1989/274 1466/1992/274 1562/1990/274
f 1469/1992/390 1483/1990/390 1484/1991/390
f 1459/1989/835 1458/1992/835 1472/1990/835
f 1479/1989/836 1480/1992/836 1566/1990/836
f 1468/1992/393 1482/1990/393 1483/1991/393
f 1478/1989/279 1477/1992/279 1492/1990/279
f 1483/1992/280 1498/1990/280 1499/1991/280
f 1482/1992/281 1497/1990/281 1498/1991/281
f 1472/1989/282 1471/1992/282 1486/1990/282
f 1477/1989/283 1476/1992/283 1491/1990/283
f 1481/1992/284 1496/1990/284 1497/1991/284
f 1476/1989/285 1475/1992/285 1490/1990/285
f 1475/1989/837 1474/1992/837 1489/1990/837
f 1480/1992/287 1495/1990/287 1496/1991/287
f 1474/1989/398 1473/1992/398 1488/1990/398
f 1479/1992/838 1494/1990/838 1495/1991/838
f 1478/1992/290 1493/1990/290 1494/1991/290
f 1484/1992/291 1499/1990/291 1500/1991/291
f 1473/1989/292 1472/1992/292 1487/1990/292
f 1500/1989/293 1499/1992/293 1515/1990/293
f 1487/1992/294 1503/1990/294 1504/1991/294
f 1494/1992/839 1585/1990/839 1586/1991/839
f 1509/1992/840 1588/1990/840 1587/1991/840
f 1499/1989/297 1498/1992/297 1514/1990/297
f 1486/1992/298 1502/1990/298 1503/1991/298
f 1491/1992/406 1507/1990/406 1508/1991/406
f 1498/1989/841 1497/1992/841 1513/1990/841
f 1497/1989/301 1496/1992/301 1512/1990/301
f 1490/1992/303 1506/1990/303 1507/1991/303
f 1496/1989/304 1495/1992/304 1511/1990/304
f 1489/1992/305 1505/1990/305 1506/1991/305
f 1488/1992/306 1504/1990/306 1505/1991/306
f 1493/1992/842 1584/1990/842 1585/1991/842
f 1505/1992/308 1520/1990/308 1521/1991/308
f 1511/1989/309 1510/1992/309 1525/1990/309
f 1516/1989/310 1515/1992/310 1530/1990/310
f 1504/1992/843 1519/1990/843 1520/1991/843
f 1503/1992/312 1518/1990/312 1519/1991/312
f 1510/1989/313 1509/1992/313 1524/1990/313
f 1515/1989/314 1514/1992/314 1529/1990/314
f 1502/1992/315 1517/1990/315 1518/1991/315
f 1508/1992/316 1523/1990/316 1524/1991/316
f 1507/1992/317 1522/1990/317 1523/1991/317
f 1514/1989/725 1513/1992/725 1528/1990/725
f 1506/1992/320 1521/1990/320 1522/1991/320
f 1513/1989/321 1512/1992/321 1527/1990/321
f 1512/1989/322 1511/1992/322 1526/1990/322
f 1529/1992/323 1544/1990/323 1545/1991/323
f 1521/1989/324 1520/1992/324 1535/1990/324
f 1526/1992/325 1541/1990/325 1542/1991/325
f 1528/1992/844 1543/1990/844 1544/1991/844
f 1525/1992/845 1569/1990/845 1570/1991/845
f 1520/1989/846 1519/1992/846 1534/1990/846
f 1540/1992/847 1573/1990/847 1572/1991/847
f 1519/1989/330 1518/1992/330 1533/1990/330
f 1518/1989/331 1517/1992/331 1532/1990/331
f 1541/1989/332 1526/1992/332 1570/1990/332
f 1530/1992/333 1545/1990/333 1546/1991/333
f 1523/1989/335 1522/1992/335 1537/1990/335
f 1522/1989/336 1521/1992/336 1536/1990/336
f 1527/1992/416 1542/1990/416 1543/1991/416
f 1535/1989/848 1534/1992/848 1547/1990/848
f 1539/1992/339 1551/1990/339 1552/1991/339
f 1545/1992/340 1557/1990/340 1558/1991/340
f 1544/1992/341 1556/1990/341 1557/1991/341
f 1534/1989/849 1533/1992/849 1441/1990/849
f 1533/1989/343 1532/1992/343 1440/1990/343
f 1539/1989/344 1538/1992/344 1550/1990/344
f 1543/1992/744 1555/1990/744 1556/1991/744
f 1538/1989/346 1537/1992/346 1442/1990/346
f 1537/1989/347 1536/1992/347 1549/1990/347
f 1542/1992/348 1554/1990/348 1555/1991/348
f 1536/1989/349 1535/1992/349 1548/1990/349
f 1541/1992/350 1553/1990/350 1554/1991/350
f 1540/1992/351 1552/1990/351 1553/1991/351
f 1464/1992/850 1560/1990/850 1561/1991/850
f 1478/1992/851 1564/1990/851 1563/1991/851
f 1477/1992/354 1563/1990/354 1559/1991/354
f 1478/1989/852 1479/1992/852 1565/1990/852
f 1465/1992/853 1561/1990/853 1562/1991/853
f 1540/1989/854 1541/1992/854 1574/1990/854
f 1524/1989/855 1523/1992/855 1567/1990/855
f 1538/1992/359 1571/1990/359 1567/1991/359
f 1539/1992/856 1572/1990/856 1571/1991/856
f 1525/1989/857 1524/1992/857 1568/1990/857
f 1553/1992/362 1582/1990/362 1578/1991/362
f 1551/1992/858 1580/1990/858 1581/1991/858
f 1450/1989/859 1451/1992/859 1577/1990/859
f 1552/1992/860 1581/1990/860 1582/1991/860
f 1451/1989/861 1452/1992/861 1578/1990/861
f 1495/1992/367 1586/1990/367 1590/1991/367
f 1509/1989/862 1510/1992/862 1589/1990/862
f 1492/1989/369 1508/1992/369 1587/1990/369
f 1510/1989/863 1511/1992/863 1590/1990/863
f 1493/1989/864 1492/1992/864 1583/1990/864
f 1592/1992/248 1609/1990/248 1610/1991/248
f 1734/1992/372 1615/1990/372 1616/1991/372
f 1597/1992/826 1614/1990/826 1615/1991/826
f 1740/1989/373 1739/1992/373 1620/1990/373
f 1732/1992/252 1613/1990/252 1614/1991/252
f 1739/1989/253 1738/1992/253 1619/1990/253
f 1738/1989/254 1737/1992/254 1618/1990/254
f 1731/1992/241 1612/1990/241 1613/1991/241
f 1737/1989/865 1736/1992/865 1617/1990/865
f 1742/1989/243 1741/1992/243 1622/1990/243
f 1730/1992/866 1611/1990/866 1612/1991/866
f 1593/1992/245 1610/1990/245 1611/1991/245
f 1736/1989/377 1735/1992/377 1616/1990/377
f 1741/1989/867 1740/1992/867 1621/1990/867
f 1610/1992/829 1627/1990/829 1628/1991/829
f 1617/1989/378 1616/1992/378 1633/1990/378
f 1622/1989/262 1621/1992/262 1638/1990/262
f 1609/1992/771 1626/1990/771 1627/1991/771
f 1615/1992/263 1632/1990/263 1633/1991/263
f 1614/1992/381 1631/1990/381 1632/1991/381
f 1621/1989/382 1620/1992/382 1637/1990/382
f 1613/1992/266 1630/1990/266 1631/1991/266
f 1620/1989/255 1619/1992/255 1636/1990/255
f 1619/1989/256 1618/1992/256 1635/1990/256
f 1612/1992/257 1629/1990/257 1630/1991/257
f 1618/1989/258 1617/1992/258 1634/1990/258
f 1623/1989/386 1622/1992/386 1639/1990/386
f 1611/1992/828 1628/1990/828 1629/1991/828
f 1629/1989/868 1628/1992/868 1645/1990/868
f 1633/1992/388 1650/1990/388 1651/1991/388
f 1639/1992/389 1656/1990/389 1657/1991/389
f 1638/1992/275 1655/1990/275 1656/1991/275
f 1628/1989/835 1627/1992/835 1644/1990/835
f 1627/1989/869 1626/1992/869 1643/1990/869
f 1633/1989/392 1632/1992/392 1649/1990/392
f 1637/1992/870 1654/1990/870 1655/1991/870
f 1632/1989/832 1631/1992/832 1648/1990/832
f 1631/1989/268 1630/1992/268 1647/1990/268
f 1636/1992/269 1653/1990/269 1654/1991/269
f 1630/1989/270 1629/1992/270 1646/1990/270
f 1635/1992/271 1652/1990/271 1653/1991/271
f 1634/1992/871 1651/1990/871 1652/1991/871
f 1648/1989/285 1647/1992/285 1664/1990/285
f 1647/1989/286 1646/1992/286 1663/1990/286
f 1652/1992/287 1669/1990/287 1670/1991/287
f 1646/1989/872 1645/1992/872 1662/1990/872
f 1651/1992/838 1668/1990/838 1669/1991/838
f 1650/1992/290 1667/1990/290 1668/1991/290
f 1656/1992/291 1673/1990/291 1674/1991/291
f 1645/1989/873 1644/1992/873 1661/1990/873
f 1650/1989/279 1649/1992/279 1666/1990/279
f 1655/1992/694 1672/1990/694 1673/1991/694
f 1654/1992/399 1671/1990/399 1672/1991/399
f 1644/1989/282 1643/1992/282 1660/1990/282
f 1649/1989/874 1648/1992/874 1665/1990/874
f 1653/1992/284 1670/1990/284 1671/1991/284
f 1671/1989/301 1670/1992/301 1687/1990/301
f 1664/1992/303 1681/1990/303 1682/1991/303
f 1670/1989/304 1669/1992/304 1686/1990/304
f 1663/1992/305 1680/1990/305 1681/1991/305
f 1662/1992/306 1679/1990/306 1680/1991/306
f 1669/1989/875 1668/1992/875 1685/1990/875
f 1674/1989/293 1673/1992/293 1690/1990/293
f 1661/1992/294 1678/1990/294 1679/1991/294
f 1666/1992/404 1683/1990/404 1684/1991/404
f 1673/1989/297 1672/1992/297 1689/1990/297
f 1660/1992/298 1677/1990/298 1678/1991/298
f 1665/1992/299 1682/1990/299 1683/1991/299
f 1672/1989/407 1671/1992/407 1688/1990/407
f 1677/1992/315 1694/1990/315 1695/1991/315
f 1683/1992/316 1700/1990/316 1701/1991/316
f 1682/1992/317 1699/1990/317 1700/1991/317
f 1689/1989/318 1688/1992/318 1705/1990/318
f 1681/1992/320 1698/1990/320 1699/1991/320
f 1688/1989/321 1687/1992/321 1704/1990/321
f 1687/1989/322 1686/1992/322 1703/1990/322
f 1680/1992/876 1697/1990/876 1698/1991/876
f 1686/1989/877 1685/1992/877 1702/1990/877
f 1691/1989/310 1690/1992/310 1707/1990/310
f 1679/1992/843 1696/1990/843 1697/1991/843
f 1678/1992/878 1695/1990/878 1696/1991/878
f 1685/1989/313 1684/1992/313 1701/1990/313
f 1690/1989/879 1689/1992/879 1706/1990/879
f 1701/1992/413 1718/1990/413 1719/1991/413
f 1707/1992/333 1724/1990/333 1725/1991/333
f 1706/1992/880 1723/1990/880 1724/1991/880
f 1696/1989/881 1695/1992/881 1712/1990/881
f 1695/1989/331 1694/1992/331 1711/1990/331
f 1701/1989/414 1700/1992/414 1717/1990/414
f 1705/1992/844 1722/1990/844 1723/1991/844
f 1700/1989/335 1699/1992/335 1716/1990/335
f 1699/1989/336 1698/1992/336 1715/1990/336
f 1704/1992/337 1721/1990/337 1722/1991/337
f 1698/1989/882 1697/1992/882 1714/1990/882
f 1703/1992/325 1720/1990/325 1721/1991/325
f 1702/1992/883 1719/1990/883 1720/1991/883
f 1697/1989/846 1696/1992/846 1713/1990/846
f 1714/1989/338 1713/1992/338 1730/1990/338
f 1719/1992/884 1736/1990/884 1737/1991/884
f 1718/1992/339 1735/1990/339 1736/1991/339
f 1724/1992/340 1741/1990/340 1742/1991/340
f 1713/1989/342 1712/1992/342 1593/1990/342
f 1718/1989/344 1717/1992/344 1734/1990/344
f 1723/1992/341 1740/1990/341 1741/1991/341
f 1722/1992/422 1739/1990/422 1740/1991/422
f 1712/1989/343 1711/1992/343 1592/1990/343
f 1717/1989/346 1716/1992/346 1597/1990/346
f 1721/1992/348 1738/1990/348 1739/1991/348
f 1716/1989/347 1715/1992/347 1732/1990/347
f 1715/1989/885 1714/1992/885 1731/1990/885
f 1720/1992/350 1737/1990/350 1738/1991/350
f 1733/1989/886 1743/1992/886 1727/1990/886
f 1827/1989/427 1826/1992/427 1675/1990/427
f 1826/1989/428 1729/1992/428 1692/1990/428
f 1831/1992/429 1625/1990/429 1624/1991/429
f 1729/1989/431 1825/1992/431 1693/1990/431
f 1830/1992/432 1641/1990/432 1625/1991/432
f 1829/1992/433 1642/1990/433 1641/1991/433
f 1825/1989/434 1824/1992/434 1709/1990/434
f 1828/1992/435 1658/1990/435 1642/1991/435
f 1833/1992/437 1608/1990/437 1606/1991/437
f 1824/1989/438 1823/1992/438 1710/1990/438
f 1823/1989/439 1733/1992/439 1726/1990/439
f 1827/1992/887 1659/1990/887 1658/1991/887
f 1832/1992/441 1624/1990/441 1608/1991/441
f 1710/1989/888 1726/1992/888 1604/1990/888
f 1659/1992/889 1598/1990/889 1596/1991/889
f 1624/1992/444 1744/1990/444 1745/1991/444
f 1726/1989/445 1727/1992/445 1605/1990/445
f 1659/1989/446 1675/1992/446 1599/1990/446
f 1675/1989/890 1692/1992/890 1600/1990/890
f 1625/1992/448 1591/1990/448 1744/1991/448
f 1692/1989/450 1693/1992/450 1601/1990/450
f 1641/1992/891 1594/1990/891 1591/1991/891
f 1642/1992/452 1595/1990/452 1594/1991/452
f 1693/1989/892 1709/1992/892 1602/1990/892
f 1658/1992/893 1596/1990/893 1595/1991/893
f 1608/1992/456 1745/1990/456 1746/1991/456
f 1709/1989/457 1710/1992/457 1603/1990/457
f 1603/1992/459 1749/1990/459 1750/1991/459
f 1596/1989/894 1598/1992/894 1754/1990/894
f 1746/1989/461 1745/1992/461 1760/1990/461
f 1745/1989/462 1744/1992/462 1759/1990/462
f 1604/1992/895 1748/1990/895 1749/1991/895
f 1605/1992/896 1747/1990/896 1748/1991/896
f 1599/1992/897 1753/1990/897 1754/1991/897
f 1744/1989/466 1591/1992/466 1758/1990/466
f 1600/1992/468 1752/1990/468 1753/1991/468
f 1601/1992/469 1751/1990/469 1752/1991/469
f 1591/1989/898 1594/1992/898 1757/1990/898
f 1602/1992/899 1750/1990/899 1751/1991/899
f 1594/1989/472 1595/1992/472 1756/1990/472
f 1595/1989/473 1596/1992/473 1755/1990/473
f 1751/1992/474 1766/1990/474 1767/1991/474
f 1750/1992/475 1765/1990/475 1766/1991/475
f 1757/1989/476 1756/1992/476 1771/1990/476
f 1749/1992/478 1764/1990/478 1765/1991/478
f 1756/1989/900 1755/1992/900 1770/1990/900
f 1755/1989/480 1754/1992/480 1769/1990/480
f 1761/1989/481 1760/1992/481 1775/1990/481
f 1748/1992/482 1763/1990/482 1764/1991/482
f 1753/1992/483 1768/1990/483 1769/1991/483
f 1760/1989/484 1759/1992/484 1774/1990/484
f 1759/1989/485 1758/1992/485 1773/1990/485
f 1747/1992/486 1762/1990/486 1763/1991/486
f 1752/1992/901 1767/1990/901 1768/1991/901
f 1758/1989/489 1757/1992/489 1772/1990/489
f 1772/1992/490 1788/1990/490 1789/1991/490
f 1767/1989/492 1766/1992/492 1782/1990/492
f 1771/1992/493 1787/1990/493 1788/1991/493
f 1766/1989/495 1765/1992/495 1781/1990/495
f 1765/1989/496 1764/1992/496 1780/1990/496
f 1770/1992/902 1786/1990/902 1787/1991/902
f 1775/1992/498 1791/1990/498 1792/1991/498
f 1764/1989/499 1763/1992/499 1779/1990/499
f 1774/1992/500 1790/1990/500 1791/1991/500
f 1763/1989/501 1762/1992/501 1778/1990/501
f 1768/1989/903 1767/1992/903 1783/1990/903
f 1773/1992/503 1789/1990/503 1790/1991/503
f 1779/1989/904 1778/1992/904 1793/1990/904
f 1785/1989/905 1784/1992/905 1799/1990/905
f 1784/1989/906 1783/1992/906 1798/1990/906
f 1789/1992/507 1804/1990/507 1805/1991/507
f 1783/1989/509 1782/1992/509 1797/1990/509
f 1788/1992/510 1803/1990/510 1804/1991/510
f 1787/1992/511 1802/1990/511 1803/1991/511
f 1782/1989/512 1781/1992/512 1796/1990/512
f 1786/1992/907 1801/1990/907 1802/1991/907
f 1791/1992/515 1806/1990/515 1807/1991/515
f 1781/1989/516 1780/1992/516 1795/1990/516
f 1780/1989/517 1779/1992/517 1794/1990/517
f 1785/1992/518 1800/1990/518 1801/1991/518
f 1790/1992/519 1805/1990/519 1806/1991/519
f 1801/1989/520 1800/1992/520 1815/1990/520
f 1807/1989/521 1806/1992/521 1821/1990/521
f 1806/1989/522 1805/1992/522 1820/1990/522
f 1794/1992/908 1809/1990/908 1810/1991/908
f 1793/1992/909 1808/1990/909 1809/1991/909
f 1799/1992/525 1814/1990/525 1815/1991/525
f 1805/1989/526 1804/1992/526 1819/1990/526
f 1798/1992/910 1813/1990/910 1814/1991/910
f 1797/1992/529 1812/1990/529 1813/1991/529
f 1804/1989/530 1803/1992/530 1818/1990/530
f 1796/1992/531 1811/1990/531 1812/1991/531
f 1803/1989/532 1802/1992/532 1817/1990/532
f 1802/1989/911 1801/1992/911 1816/1990/911
f 1795/1992/535 1810/1990/535 1811/1991/535
f 1810/1992/536 1823/1990/536 1824/1991/536
f 1817/1989/912 1816/1992/912 1828/1990/912
f 1816/1989/913 1815/1992/913 1827/1990/913
f 1822/1989/914 1821/1992/914 1833/1990/914
f 1809/1992/540 1733/1990/540 1823/1991/540
f 1814/1992/541 1826/1990/541 1827/1991/541
f 1821/1989/542 1820/1992/542 1832/1990/542
f 1820/1989/543 1819/1992/543 1831/1990/543
f 1808/1992/915 1743/1990/915 1733/1991/915
f 1813/1992/916 1729/1990/916 1826/1991/916
f 1819/1989/547 1818/1992/547 1830/1990/547
f 1812/1992/548 1825/1990/548 1729/1991/548
f 1811/1992/549 1824/1990/549 1825/1991/549
f 1818/1989/550 1817/1992/550 1829/1990/550
f 1865/1992/552 1861/1990/552 1860/1991/552
f 1948/1992/917 1855/1990/917 1854/1991/917
f 1863/1992/554 1856/1990/554 1855/1991/554
f 1954/1989/918 1953/1992/918 1850/1990/918
f 1947/1992/557 1857/1990/557 1856/1991/557
f 1953/1989/558 1952/1992/558 1851/1990/558
f 1952/1989/559 1951/1992/559 1852/1990/559
f 1946/1992/560 1858/1990/560 1857/1991/560
f 1951/1989/561 1950/1992/561 1853/1990/561
f 1956/1989/919 1955/1992/919 1848/1990/919
f 1945/1992/920 1859/1990/920 1858/1991/920
f 1864/1992/565 1860/1990/565 1859/1991/565
f 1950/1989/566 1949/1992/566 1854/1990/566
f 1955/1989/567 1954/1992/567 1849/1990/567
f 1860/1992/568 1845/1990/568 1844/1991/568
f 1853/1989/569 1854/1992/569 1839/1990/569
f 1848/1989/570 1849/1992/570 1866/1990/570
f 1861/1992/571 1846/1990/571 1845/1991/571
f 1855/1992/572 1840/1990/572 1839/1991/572
f 1856/1992/921 1841/1990/921 1840/1991/921
f 1849/1989/574 1850/1992/574 1835/1990/574
f 1857/1992/576 1842/1990/576 1841/1991/576
f 1850/1989/577 1851/1992/577 1836/1990/577
f 1851/1989/578 1852/1992/578 1837/1990/578
f 1858/1992/579 1843/1990/579 1842/1991/579
f 1852/1989/922 1853/1992/922 1838/1990/922
f 1847/1989/582 1848/1992/582 1867/1990/582
f 1859/1992/923 1844/1990/923 1843/1991/923
f 1843/1989/585 1844/1992/585 1871/1990/585
f 1839/1992/924 1876/1990/924 1877/1991/924
f 1867/1992/925 1882/1990/925 1883/1991/925
f 1866/1992/926 1881/1990/926 1882/1991/926
f 1844/1989/927 1845/1992/927 1870/1990/927
f 1845/1989/590 1846/1992/590 1869/1990/590
f 1839/1989/591 1840/1992/591 1875/1990/591
f 1835/1992/592 1880/1990/592 1881/1991/592
f 1840/1989/928 1841/1992/928 1874/1990/928
f 1841/1989/929 1842/1992/929 1873/1990/929
f 1836/1992/596 1879/1990/596 1880/1991/596
f 1842/1989/597 1843/1992/597 1872/1990/597
f 1837/1992/930 1878/1990/930 1879/1991/930
f 1838/1992/931 1877/1990/931 1878/1991/931
f 1874/1989/600 1873/1992/600 1888/1990/600
f 1873/1989/601 1872/1992/601 1887/1990/601
f 1878/1992/602 1893/1990/602 1894/1991/602
f 1872/1989/932 1871/1992/932 1886/1990/932
f 1877/1992/605 1892/1990/605 1893/1991/605
f 1876/1992/606 1891/1990/606 1892/1991/606
f 1882/1992/933 1897/1990/933 1898/1991/933
f 1871/1989/934 1870/1992/934 1885/1990/934
f 1876/1989/609 1875/1992/609 1890/1990/609
f 1881/1992/610 1896/1990/610 1897/1991/610
f 1880/1992/611 1895/1990/611 1896/1991/611
f 1870/1989/612 1869/1992/612 1884/1990/612
f 1875/1989/614 1874/1992/614 1889/1990/614
f 1879/1992/615 1894/1990/615 1895/1991/615
f 1895/1989/616 1894/1992/616 1910/1990/616
f 1888/1992/618 1904/1990/618 1905/1991/618
f 1894/1989/619 1893/1992/619 1909/1990/619
f 1887/1992/621 1903/1990/621 1904/1991/621
f 1886/1992/935 1902/1990/935 1903/1991/935
f 1893/1989/936 1892/1992/936 1908/1990/936
f 1898/1989/624 1897/1992/624 1913/1990/624
f 1885/1992/625 1901/1990/625 1902/1991/625
f 1892/1989/937 1891/1992/937 1907/1990/937
f 1890/1992/627 1906/1990/627 1907/1991/627
f 1897/1989/628 1896/1992/628 1912/1990/628
f 1884/1992/629 1900/1990/629 1901/1991/629
f 1889/1992/938 1905/1990/938 1906/1991/938
f 1896/1989/939 1895/1992/939 1911/1990/939
f 1900/1992/632 1915/1990/632 1916/1991/632
f 1906/1992/940 1921/1990/940 1922/1991/940
f 1905/1992/941 1920/1990/941 1921/1991/941
f 1912/1989/635 1911/1992/635 1926/1990/635
f 1904/1992/637 1919/1990/637 1920/1991/637
f 1911/1989/638 1910/1992/638 1925/1990/638
f 1910/1989/639 1909/1992/639 1924/1990/639
f 1903/1992/942 1918/1990/942 1919/1991/942
f 1909/1989/943 1908/1992/943 1923/1990/943
f 1914/1989/643 1913/1992/643 1928/1990/643
f 1902/1992/944 1917/1990/944 1918/1991/944
f 1901/1992/945 1916/1990/945 1917/1991/945
f 1908/1989/946 1907/1992/946 1922/1990/946
f 1913/1989/947 1912/1992/947 1927/1990/947
f 1922/1992/648 1937/1990/648 1938/1991/648
f 1928/1992/649 1943/1990/649 1944/1991/649
f 1927/1992/948 1942/1990/948 1943/1991/948
f 1917/1989/651 1916/1992/651 1931/1990/651
f 1916/1989/652 1915/1992/652 1930/1990/652
f 1922/1989/653 1921/1992/653 1936/1990/653
f 1926/1992/949 1941/1990/949 1942/1991/949
f 1921/1989/950 1920/1992/950 1935/1990/950
f 1920/1989/657 1919/1992/657 1934/1990/657
f 1925/1992/658 1940/1990/658 1941/1991/658
f 1919/1989/951 1918/1992/951 1933/1990/951
f 1924/1992/660 1939/1990/660 1940/1991/660
f 1923/1992/952 1938/1990/952 1939/1991/952
f 1918/1989/953 1917/1992/953 1932/1990/953
f 1933/1989/954 1932/1992/954 1945/1990/954
f 1938/1992/955 1950/1990/955 1951/1991/955
f 1937/1992/666 1949/1990/666 1950/1991/666
f 1943/1992/956 1955/1990/956 1956/1991/956
f 1932/1989/957 1931/1992/957 1864/1990/957
f 1937/1989/669 1936/1992/669 1948/1990/669
f 1942/1992/958 1954/1990/958 1955/1991/958
f 1941/1992/671 1953/1990/671 1954/1991/671
f 1931/1989/672 1930/1992/672 1865/1990/672
f 1936/1989/674 1935/1992/674 1863/1990/674
f 1940/1992/675 1952/1990/675 1953/1991/675
f 1935/1989/676 1934/1992/676 1947/1990/676
f 1934/1989/677 1933/1992/677 1946/1990/677
f 1939/1992/678 1951/1990/678 1952/1991/678
f 1986/1989/391 1987/1992/391 1983/1990/391
f 2071/1989/680 2070/1992/680 1977/1990/680
f 2070/1989/959 1985/1992/959 1978/1990/959
f 2075/1992/870 1972/1990/870 1971/1991/870
f 1985/1989/960 2069/1992/960 1979/1990/960
f 2074/1992/961 1973/1990/961 1972/1991/961
f 2073/1992/962 1974/1990/962 1973/1991/962
f 2069/1989/963 2068/1992/963 1980/1990/963
f 2072/1992/964 1975/1990/964 1974/1991/964
f 2077/1992/389 1970/1990/389 1969/1991/389
f 2068/1989/689 2067/1992/689 1981/1990/689
f 2067/1989/690 1986/1992/690 1982/1990/690
f 2071/1992/965 1976/1990/965 1975/1991/965
f 2076/1992/692 1971/1990/692 1970/1991/692
f 1981/1989/966 1982/1992/966 1967/1990/966
f 1976/1992/693 1961/1990/693 1960/1991/693
f 1971/1992/280 1988/1990/280 1989/1991/280
f 1982/1989/967 1983/1992/967 1968/1990/967
f 1976/1989/696 1977/1992/696 1962/1990/696
f 1977/1989/968 1978/1992/968 1963/1990/968
f 1972/1992/281 1957/1990/281 1988/1991/281
f 1978/1989/699 1979/1992/699 1964/1990/699
f 1973/1992/700 1958/1990/700 1957/1991/700
f 1974/1992/701 1959/1990/701 1958/1991/701
f 1979/1989/702 1980/1992/702 1965/1990/702
f 1975/1992/969 1960/1990/969 1959/1991/969
f 1970/1992/705 1989/1990/705 1990/1991/705
f 1980/1989/288 1981/1992/288 1966/1990/288
f 1966/1992/970 1993/1990/970 1994/1991/970
f 1960/1989/971 1961/1992/971 1998/1990/971
f 1990/1989/293 1989/1992/293 2004/1990/293
f 1989/1989/708 1988/1992/708 2003/1990/708
f 1967/1992/709 1992/1990/709 1993/1991/709
f 1968/1992/298 1991/1990/298 1992/1991/298
f 1962/1992/972 1997/1990/972 1998/1991/972
f 1988/1989/973 1957/1992/973 2002/1990/973
f 1963/1992/711 1996/1990/711 1997/1991/711
f 1964/1992/712 1995/1990/712 1996/1991/712
f 1957/1989/974 1958/1992/974 2001/1990/974
f 1965/1992/714 1994/1990/714 1995/1991/714
f 1958/1989/715 1959/1992/715 2000/1990/715
f 1959/1989/716 1960/1992/716 1999/1990/716
f 1995/1992/717 2010/1990/717 2011/1991/717
f 1994/1992/718 2009/1990/718 2010/1991/718
f 2001/1989/719 2000/1992/719 2015/1990/719
f 1993/1992/843 2008/1990/843 2009/1991/843
f 2000/1989/975 1999/1992/975 2014/1990/975
f 1999/1989/722 1998/1992/722 2013/1990/722
f 2005/1989/310 2004/1992/310 2019/1990/310
f 1992/1992/312 2007/1990/312 2008/1991/312
f 1997/1992/724 2012/1990/724 2013/1991/724
f 2004/1989/314 2003/1992/314 2018/1990/314
f 2003/1989/725 2002/1992/725 2017/1990/725
f 1991/1992/315 2006/1990/315 2007/1991/315
f 1996/1992/728 2011/1990/728 2012/1991/728
f 2002/1989/976 2001/1992/976 2016/1990/976
f 2016/1992/730 2032/1990/730 2033/1991/730
f 2011/1989/731 2010/1992/731 2026/1990/731
f 2015/1992/732 2031/1990/732 2032/1991/732
f 2010/1989/977 2009/1992/977 2025/1990/977
f 2009/1989/978 2008/1992/978 2024/1990/978
f 2014/1992/979 2030/1990/979 2031/1991/979
f 2019/1992/333 2035/1990/333 2036/1991/333
f 2008/1989/736 2007/1992/736 2023/1990/736
f 2013/1989/980 2012/1992/980 2028/1990/980
f 2018/1992/738 2034/1990/738 2035/1991/738
f 2007/1989/981 2006/1992/981 2022/1990/981
f 2012/1989/982 2011/1992/982 2027/1990/982
f 2017/1992/983 2033/1990/983 2034/1991/983
f 2023/1989/984 2022/1992/984 2037/1990/984
f 2029/1989/742 2028/1992/742 2043/1990/742
f 2028/1989/985 2027/1992/985 2042/1990/985
f 2033/1992/744 2048/1990/744 2049/1991/744
f 2027/1989/746 2026/1992/746 2041/1990/746
f 2032/1992/747 2047/1990/747 2048/1991/747
f 2031/1992/748 2046/1990/748 2047/1991/748
f 2026/1989/986 2025/1992/986 2040/1990/986
f 2030/1992/987 2045/1990/987 2046/1991/987
f 2035/1992/751 2050/1990/751 2051/1991/751
f 2025/1989/338 2024/1992/338 2039/1990/338
f 2024/1989/988 2023/1992/988 2038/1990/988
f 2029/1992/752 2044/1990/752 2045/1991/752
f 2034/1992/341 2049/1990/341 2050/1991/341
f 2045/1989/989 2044/1992/989 2059/1990/989
f 2051/1989/243 2050/1992/243 2065/1990/243
f 2050/1989/754 2049/1992/754 2064/1990/754
f 2038/1992/755 2053/1990/755 2054/1991/755
f 2037/1992/248 2052/1990/248 2053/1991/248
f 2043/1992/990 2058/1990/990 2059/1991/990
f 2049/1989/373 2048/1992/373 2063/1990/373
f 2042/1992/991 2057/1990/991 2058/1991/991
f 2041/1992/992 2056/1990/992 2057/1991/992
f 2048/1989/993 2047/1992/993 2062/1990/993
f 2040/1992/761 2055/1990/761 2056/1991/761
f 2047/1989/994 2046/1992/994 2061/1990/994
f 2046/1989/995 2045/1992/995 2060/1990/995
f 2039/1992/764 2054/1990/764 2055/1991/764
f 2054/1992/259 2067/1990/259 2068/1991/259
f 2061/1989/996 2060/1992/996 2072/1990/996
f 2060/1989/767 2059/1992/767 2071/1990/767
f 2066/1989/768 2065/1992/768 2077/1990/768
f 2053/1992/997 1986/1990/997 2067/1991/997
f 2058/1992/769 2070/1990/769 2071/1991/769
f 2065/1989/262 2064/1992/262 2076/1990/262
f 2064/1989/831 2063/1992/831 2075/1990/831
f 2052/1992/771 1987/1990/771 1986/1991/771
f 2057/1992/998 1985/1990/998 2070/1991/998
f 2063/1989/774 2062/1992/774 2074/1990/774
f 2056/1992/775 2069/1990/775 1985/1991/775
f 2055/1992/776 2068/1990/776 2069/1991/776
f 2062/1989/777 2061/1992/777 2073/1990/777
f 2081/1992/214 2082/1990/214 2084/1991/214
f 2080/1989/214 2079/1992/214 2081/1990/214
f 2083/1992/999 2096/1990/999 2095/1991/999
f 1430/1989/1000 1431/1992/1000 2087/1990/1000
f 2082/1992/780 2094/1990/780 2087/1991/780
f 2081/1992/1001 2093/1990/1001 2094/1991/1001
f 2090/1992/782 2095/1990/782 2096/1991/782
f 2086/1992/783 2093/1990/783 2092/1991/783
f 2091/1992/784 2096/1990/784 2089/1991/784
f 2087/1992/785 2094/1990/785 2093/1991/785
f 1432/1989/1002 1429/1992/1002 2090/1990/1002
f 2079/1989/787 1428/1992/787 2085/1990/787
f 2084/1989/788 1433/1992/788 2088/1990/788
f 2081/1989/1003 2079/1992/1003 2092/1990/1003
f 2083/1989/1004 2084/1992/1004 2089/1990/1004
f 1430/1992/1005 2086/1990/1005 2085/1991/1005
f 1432/1992/1006 2091/1990/1006 2088/1991/1006
f 2080/1992/793 2095/1990/793 2090/1991/793
g Ventanas_Malla
v -3.600793 2.346199 1.454631
v 2.829031 2.346200 -1.431690
v 3.544649 2.346200 -1.431689
v 3.544649 2.346198 1.454631
v -3.600793 2.346201 -1.431689
v -2.886465 2.346200 -1.431690
v -3.600794 0.227247 1.454630
v 2.829031 0.227248 -1.431691
v 3.544649 0.227248 -1.431690
v 3.544649 0.227246 1.454630
v -3.600794 0.227248 -1.431690
v -2.886465 0.227248 -1.431691
v -0.981299 2.346200 -1.431690
v 0.923866 2.346200 -1.431690
v -0.981299 0.227248 -1.431691
v 0.923866 0.227248 -1.431691
vn 1.0000 -0.0000 -0.0000
vn -0.0000 -0.0000 -1.0000
vn -1.0000 -0.0000 -0.0000
vt 0.001178 0.000000
vt 1.001178 1.000000
vt 0.001178 1.000000
vt 0.058411 0.758310
vt 0.145339 0.949518
vt 0.058411 0.949518
vt 1.001178 0.000000
vt 0.145339 0.758310
s 0
g off
g Ventanas_Material.006
usemtl Material.006
f 2099/1993/1007 2106/1994/1007 2105/1995/1007
f 2110/1996/1008 2104/1997/1008 2112/1998/1008
f 2097/1993/1009 2107/1994/1009 2103/1995/1009
f 2102/1993/1008 2111/1994/1008 2108/1995/1008
f 2099/1993/1007 2100/1999/1007 2106/1994/1007
f 2110/1996/1008 2098/2000/1008 2104/1997/1008
f 2097/1993/1009 2101/1999/1009 2107/1994/1009
f 2102/1993/1008 2109/1999/1008 2111/1994/1008
