# Blender 4.5.3 LTS
# www.blender.org
mtllib Llanta.mtl
g Llanta_Malla
v -5.383099 0.548287 0.265351
v -5.383099 0.566010 0.295227
v -5.383099 0.591711 0.370659
v -5.332431 0.510312 0.292405
v -5.332431 0.524825 0.316785
v -5.332431 0.538553 0.309599
v -5.332431 0.522970 0.283387
v -5.383099 0.577440 0.322096
v -5.375810 0.551509 0.302818
v -5.375810 0.534916 0.274877
v -5.383099 0.421222 0.171946
v -5.383099 0.267920 0.172677
v -5.383099 0.301778 0.164913
v -5.383099 0.381455 0.163450
v -5.332431 0.406969 0.216437
v -5.332431 0.282099 0.217096
v -5.332431 0.309745 0.210712
v -5.332431 0.411720 0.201607
v -5.332431 0.307089 0.195446
v -5.332431 0.277372 0.202290
v -5.383099 0.330853 0.162226
v -5.375810 0.416203 0.187611
v -5.375810 0.304583 0.181039
v -5.375810 0.272912 0.188317
v -5.383099 0.522518 0.235626
v -5.383099 0.458522 0.188138
v -5.332431 0.489423 0.268271
v -5.332431 0.500455 0.257389
v -5.383099 0.500417 0.216544
v -5.375810 0.510866 0.247120
v -5.383099 0.140203 0.265191
v -5.383099 0.097067 0.376795
v -5.383099 0.119981 0.300469
v -5.332431 0.178225 0.292336
v -5.332431 0.140758 0.411122
v -5.332431 0.143113 0.383180
v -5.332431 0.165551 0.283288
v -5.332431 0.127765 0.381051
v -5.332431 0.125216 0.411122
v -5.383099 0.103378 0.348286
v -5.375810 0.153591 0.274749
v -5.375810 0.113280 0.379043
v -5.383099 0.231750 0.188149
v -5.383099 0.167003 0.234607
v -5.332431 0.252743 0.229626
v -5.332431 0.245745 0.215801
v -5.383099 0.206836 0.203376
v -5.375810 0.239142 0.202753
v -5.383099 0.595752 0.411122
v -5.383099 0.548287 0.556892
v -5.383099 0.566010 0.527016
v -5.383099 0.591711 0.451584
v -5.332431 0.549034 0.411122
v -5.332431 0.510312 0.529839
v -5.332431 0.524825 0.505458
v -5.332431 0.564606 0.411122
v -5.332431 0.538553 0.512644
v -5.332431 0.522970 0.538857
v -5.383099 0.577440 0.500148
v -5.375810 0.579302 0.411122
v -5.375810 0.551509 0.519426
v -5.375810 0.534916 0.547367
v -5.383099 0.421222 0.650297
v -5.383099 0.267920 0.649566
v -5.383099 0.301778 0.657330
v -5.383099 0.381455 0.658793
v -5.332431 0.406969 0.605807
v -5.332431 0.282099 0.605148
v -5.332431 0.309745 0.611531
v -5.332431 0.411720 0.620637
v -5.332431 0.307089 0.626797
v -5.332431 0.277372 0.619954
v -5.383099 0.330853 0.660018
v -5.375810 0.416203 0.634632
v -5.375810 0.304583 0.641204
v -5.375810 0.272912 0.633927
v -5.383099 0.522518 0.586618
v -5.383099 0.458522 0.634105
v -5.332431 0.489423 0.553972
v -5.332431 0.500455 0.564854
v -5.383099 0.500417 0.605699
v -5.375810 0.510866 0.575123
v -5.383099 0.140203 0.557053
v -5.383099 0.094132 0.411122
v -5.383099 0.097067 0.445449
v -5.383099 0.119981 0.521774
v -5.332431 0.178225 0.529907
v -5.332431 0.143113 0.439063
v -5.332431 0.165551 0.538956
v -5.332431 0.127765 0.441192
v -5.383099 0.103378 0.473958
v -5.375810 0.153591 0.547495
v -5.375810 0.113280 0.443201
v -5.375810 0.110549 0.411122
v -5.383099 0.231750 0.634094
v -5.383099 0.167003 0.587636
v -5.332431 0.252743 0.592617
v -5.332431 0.245745 0.606443
v -5.383099 0.206836 0.618867
v -5.375810 0.239142 0.619490
v -5.325151 0.383340 0.383659
v -5.325151 0.386608 0.389079
v -5.325151 0.389260 0.394602
v -5.325151 0.392530 0.410909
v -5.325151 0.392223 0.405779
v -5.325151 0.329871 0.365815
v -5.325151 0.336377 0.364139
v -5.325151 0.342476 0.363712
v -5.325151 0.358946 0.365253
v -5.325151 0.354086 0.364025
v -5.325151 0.379207 0.378789
v -5.325151 0.373948 0.373256
v -5.325151 0.363744 0.367432
v -5.325151 0.297163 0.405022
v -5.325151 0.298435 0.398324
v -5.325151 0.305015 0.382593
v -5.325151 0.302111 0.387206
v -5.325151 0.323317 0.368272
v -5.325151 0.317335 0.371508
v -5.325151 0.308349 0.378989
v -5.325151 0.383340 0.438573
v -5.325151 0.386608 0.433153
v -5.325151 0.389260 0.427631
v -5.325151 0.392223 0.416454
v -5.325151 0.329871 0.456418
v -5.325151 0.336377 0.458094
v -5.325151 0.342476 0.458521
v -5.325151 0.358946 0.456980
v -5.325151 0.354086 0.458208
v -5.325151 0.379207 0.443443
v -5.325151 0.373948 0.448977
v -5.325151 0.363744 0.454800
v -5.325151 0.296832 0.411116
v -5.325151 0.297163 0.417210
v -5.325151 0.298435 0.423908
v -5.325151 0.305015 0.439640
v -5.325151 0.302111 0.435026
v -5.325151 0.323317 0.453960
v -5.325151 0.317335 0.450725
v -5.325151 0.308349 0.443244
v -5.335645 0.545783 0.378260
v -5.332431 0.546041 0.381152
v -5.333138 0.542904 0.378782
v -5.386804 0.388940 0.378619
v -5.383681 0.392002 0.376569
v -5.383680 0.398349 0.383102
v -5.386804 0.394999 0.384838
v -5.383679 0.405623 0.386917
v -5.383808 0.411741 0.387234
v -5.386804 0.409122 0.392162
v -5.383644 0.415885 0.409801
v -5.386804 0.413664 0.403320
v -5.383793 0.418882 0.405855
v -5.386804 0.377273 0.386662
v -5.386804 0.380690 0.392168
v -5.386804 0.383203 0.398141
v -5.386804 0.384751 0.404434
v -5.383099 0.579339 0.372685
v -5.379910 0.576012 0.373230
v -5.335646 0.561081 0.375714
v -5.332431 0.561363 0.378643
v -5.383099 0.554925 0.301029
v -5.379910 0.551944 0.302590
v -5.379910 0.535317 0.274591
v -5.383099 0.538064 0.272634
v -5.335646 0.570803 0.374083
v -5.335642 0.574037 0.376562
v -5.332431 0.570954 0.377073
v -5.335642 0.549910 0.303655
v -5.332431 0.547139 0.305105
v -5.332431 0.530890 0.277745
v -5.335642 0.533442 0.275927
v -5.375936 0.560301 0.332043
v -5.372718 0.559288 0.329065
v -5.379021 0.561393 0.325075
v -5.375937 0.571725 0.370917
v -5.379039 0.576198 0.376150
v -5.372720 0.572469 0.373921
v -5.332431 0.532963 0.335917
v -5.335646 0.534128 0.338677
v -5.333117 0.531425 0.339724
v -5.379910 0.562647 0.327752
v -5.383099 0.565782 0.326553
v -5.335646 0.548561 0.333148
v -5.332431 0.547400 0.330397
v -5.335642 0.559344 0.325832
v -5.335646 0.557726 0.329633
v -5.332431 0.556429 0.326944
v -5.377083 0.545375 0.376212
v -5.373861 0.546241 0.379135
v -5.377083 0.535047 0.341988
v -5.373858 0.534129 0.338924
v -5.358762 0.397906 0.373326
v -5.355712 0.401534 0.370885
v -5.355719 0.408503 0.378044
v -5.358763 0.404519 0.380134
v -5.358764 0.412223 0.384175
v -5.355731 0.419403 0.383749
v -5.373208 0.561248 0.376149
v -5.376431 0.560374 0.373202
v -5.373207 0.548509 0.333288
v -5.376431 0.549405 0.336328
v -5.359404 0.420490 0.408782
v -5.356264 0.424125 0.404686
v -5.335645 0.374682 0.209507
v -5.332431 0.377515 0.210144
v -5.333138 0.374302 0.212408
v -5.383642 0.366378 0.343164
v -5.386804 0.365836 0.344854
v -5.386804 0.327179 0.359017
v -5.383675 0.326008 0.355534
v -5.383675 0.334268 0.351433
v -5.386804 0.334936 0.355154
v -5.383674 0.340212 0.345580
v -5.383813 0.342390 0.339824
v -5.386804 0.346242 0.343919
v -5.383642 0.365087 0.342862
v -5.386804 0.358261 0.342997
v -5.383793 0.362243 0.338805
v -5.386804 0.331017 0.371916
v -5.386804 0.337310 0.370368
v -5.386804 0.343768 0.369824
v -5.386804 0.350231 0.370296
v -5.383099 0.379610 0.175851
v -5.379910 0.379114 0.179185
v -5.335646 0.376925 0.194162
v -5.332431 0.379800 0.194787
v -5.383099 0.417385 0.183922
v -5.379910 0.416354 0.187141
v -5.383099 0.303922 0.177241
v -5.379910 0.304499 0.180556
v -5.379910 0.272763 0.187848
v -5.383099 0.271737 0.184636
v -5.335646 0.378337 0.184406
v -5.335642 0.381685 0.182082
v -5.332431 0.381231 0.185174
v -5.335642 0.415650 0.189338
v -5.332431 0.414694 0.192324
v -5.335642 0.304892 0.182817
v -5.332431 0.305428 0.185898
v -5.332431 0.274416 0.193027
v -5.335642 0.273463 0.190041
v -5.375936 0.335094 0.181582
v -5.372718 0.331952 0.181638
v -5.379021 0.328795 0.178416
v -5.375937 0.375604 0.182562
v -5.379039 0.381952 0.179898
v -5.372720 0.378691 0.182769
v -5.332431 0.330447 0.208799
v -5.335646 0.333431 0.208531
v -5.333117 0.333603 0.211425
v -5.379910 0.331727 0.178039
v -5.383099 0.331542 0.174687
v -5.335646 0.332568 0.193100
v -5.332431 0.329594 0.193366
v -5.335642 0.328891 0.180599
v -5.335646 0.332017 0.183299
v -5.332431 0.329061 0.183714
v -5.377083 0.372609 0.209271
v -5.373861 0.375656 0.209338
v -5.377083 0.336861 0.208666
v -5.373858 0.333666 0.208606
v -5.358770 0.323400 0.349484
v -5.355712 0.322110 0.345292
v -5.355719 0.332045 0.340346
v -5.358769 0.332806 0.344813
v -5.358770 0.339908 0.337820
v -5.355733 0.341749 0.330775
v -5.373208 0.377390 0.194136
v -5.376431 0.374317 0.194068
v -5.373207 0.332686 0.193192
v -5.376431 0.335851 0.193266
v -5.356259 0.368791 0.334969
v -5.359406 0.367645 0.338710
v -5.359406 0.365358 0.338175
v -5.356264 0.362545 0.333481
v -5.332431 0.434597 0.228430
v -5.335645 0.437273 0.229558
v -5.333138 0.435897 0.232140
v -5.386804 0.384976 0.371076
v -5.383681 0.387829 0.368686
v -5.383674 0.386340 0.360368
v -5.386804 0.382335 0.355466
v -5.383813 0.387913 0.354425
v -5.383642 0.367604 0.343669
v -5.383792 0.372275 0.342020
v -5.386804 0.373121 0.347759
v -5.386804 0.356541 0.371774
v -5.386804 0.373037 0.381757
v -5.386804 0.368086 0.377576
v -5.386804 0.362542 0.374221
v -5.379910 0.451285 0.202305
v -5.383099 0.452819 0.199303
v -5.332431 0.441661 0.214604
v -5.335646 0.444364 0.215766
v -5.379910 0.511215 0.246775
v -5.383099 0.513610 0.244413
v -5.332431 0.446082 0.205949
v -5.335642 0.447510 0.203168
v -5.335646 0.448884 0.207005
v -5.332431 0.507355 0.250583
v -5.335642 0.509581 0.248387
v -5.379021 0.492684 0.230917
v -5.372718 0.488243 0.231705
v -5.375936 0.485701 0.229822
v -5.375937 0.452181 0.207093
v -5.372720 0.449547 0.205467
v -5.379039 0.448561 0.201236
v -5.335646 0.471413 0.252733
v -5.332431 0.473687 0.254685
v -5.333117 0.469592 0.254988
v -5.383099 0.492616 0.226287
v -5.379910 0.490518 0.228906
v -5.332431 0.483348 0.242620
v -5.335646 0.481082 0.240675
v -5.335642 0.491339 0.232638
v -5.332431 0.489391 0.235073
v -5.335646 0.487225 0.233018
v -5.373861 0.436579 0.228854
v -5.377083 0.439099 0.230571
v -5.373858 0.471178 0.252657
v -5.377083 0.468524 0.250836
v -5.358761 0.393558 0.365112
v -5.355718 0.396946 0.362208
v -5.358768 0.391443 0.354435
v -5.355648 0.393589 0.347736
v -5.376431 0.446542 0.217205
v -5.373208 0.444001 0.215474
v -5.376431 0.478296 0.238890
v -5.373207 0.480932 0.240681
v -5.359406 0.369818 0.339604
v -5.356260 0.374807 0.337445
v -5.335645 0.161776 0.320970
v -5.332431 0.163247 0.318466
v -5.333138 0.164423 0.322218
v -5.383811 0.286116 0.369236
v -5.386804 0.287966 0.370671
v -5.383638 0.284826 0.402757
v -5.386804 0.288331 0.403139
v -5.383639 0.281090 0.395381
v -5.383796 0.276345 0.391592
v -5.386804 0.281128 0.389059
v -5.383811 0.285406 0.370422
v -5.386804 0.283919 0.377320
v -5.383838 0.280497 0.371803
v -5.386804 0.303172 0.404888
v -5.386804 0.304650 0.398578
v -5.386804 0.307097 0.392578
v -5.383099 0.131228 0.306010
v -5.379910 0.134252 0.307499
v -5.335646 0.147847 0.314153
v -5.332431 0.149319 0.311605
v -5.383099 0.150438 0.272498
v -5.379910 0.153189 0.274462
v -5.383099 0.109462 0.378513
v -5.379910 0.112794 0.378975
v -5.335646 0.138987 0.309832
v -5.335642 0.137795 0.305935
v -5.332431 0.140601 0.307311
v -5.335642 0.155067 0.275802
v -5.332431 0.157618 0.277624
v -5.335642 0.115068 0.379291
v -5.332431 0.118164 0.379720
v -5.375936 0.123110 0.350139
v -5.372718 0.122200 0.353161
v -5.379021 0.118169 0.355185
v -5.375937 0.136403 0.311853
v -5.379039 0.135796 0.305014
v -5.372720 0.137536 0.308996
v -5.332431 0.147607 0.362881
v -5.335646 0.148262 0.359957
v -5.333117 0.151070 0.360676
v -5.379910 0.118703 0.352278
v -5.383099 0.115456 0.351432
v -5.335646 0.133303 0.356071
v -5.332431 0.132649 0.358985
v -5.335642 0.120276 0.355760
v -5.335646 0.123801 0.353606
v -5.332431 0.123294 0.356548
v -5.377083 0.160926 0.322851
v -5.373861 0.161912 0.319992
v -5.377083 0.149442 0.356717
v -5.373858 0.148405 0.359756
v -5.355713 0.275486 0.401472
v -5.358805 0.279754 0.401957
v -5.358804 0.275619 0.393902
v -5.355726 0.269663 0.390177
v -5.373208 0.147964 0.313702
v -5.376431 0.146969 0.316588
v -5.373207 0.133427 0.355987
v -5.376431 0.134468 0.352982
v -5.368862 0.279569 0.364046
v -5.373374 0.282866 0.366527
v -5.373374 0.281817 0.368278
v -5.369265 0.275437 0.368929
v -5.332431 0.198075 0.269684
v -5.335645 0.199966 0.267480
v -5.333138 0.202005 0.269578
v -5.386804 0.318804 0.360487
v -5.383674 0.317119 0.357123
v -5.383683 0.308993 0.355954
v -5.386804 0.303126 0.358236
v -5.383811 0.303806 0.352641
v -5.383820 0.287225 0.367953
v -5.383838 0.286975 0.362906
v -5.386804 0.293341 0.364428
v -5.386804 0.310452 0.387033
v -5.386804 0.325044 0.374429
v -5.386804 0.319537 0.377846
v -5.386804 0.314633 0.382082
v -5.379910 0.178286 0.245822
v -5.383099 0.175896 0.243446
v -5.332431 0.187063 0.258739
v -5.335646 0.188994 0.256519
v -5.379910 0.238920 0.202316
v -5.383099 0.237401 0.199314
v -5.335646 0.182030 0.249543
v -5.332431 0.180170 0.251888
v -5.335642 0.177957 0.249681
v -5.332431 0.241368 0.207153
v -5.335642 0.239957 0.204364
v -5.379021 0.218165 0.215125
v -5.372718 0.217560 0.219595
v -5.375936 0.214989 0.221442
v -5.375937 0.183130 0.246421
v -5.372720 0.180768 0.248442
v -5.379039 0.176438 0.248090
v -5.335646 0.232451 0.242037
v -5.332431 0.235003 0.240468
v -5.333842 0.233916 0.244264
v -5.383099 0.213734 0.213778
v -5.379910 0.215589 0.216575
v -5.332431 0.226461 0.227586
v -5.335646 0.223917 0.229151
v -5.335642 0.219393 0.216931
v -5.332431 0.221118 0.219529
v -5.335646 0.218500 0.220965
v -5.373861 0.199084 0.267927
v -5.377083 0.201501 0.266040
v -5.373858 0.232307 0.242238
v -5.377083 0.229761 0.244211
v -5.358771 0.313277 0.351294
v -5.355718 0.311347 0.347209
v -5.358763 0.304608 0.349778
v -5.355644 0.298880 0.345497
v -5.376431 0.191041 0.254876
v -5.373208 0.188605 0.256776
v -5.376431 0.221366 0.231261
v -5.373207 0.223878 0.229296
v -5.373366 0.284239 0.364927
v -5.368840 0.283603 0.359279
v -5.352593 0.425198 0.354210
v -5.349445 0.427901 0.352306
v -5.349445 0.434900 0.363916
v -5.352589 0.431988 0.365475
v -5.352569 0.437502 0.376954
v -5.349445 0.440581 0.375746
v -5.352660 0.441426 0.378933
v -5.349445 0.447587 0.410678
v -5.352645 0.444284 0.410734
v -5.349445 0.446929 0.399689
v -5.352645 0.443665 0.400398
v -5.352660 0.446084 0.396501
v -5.352593 0.314254 0.317263
v -5.349445 0.313363 0.314081
v -5.349445 0.327300 0.310491
v -5.352589 0.327820 0.313768
v -5.352564 0.340616 0.312871
v -5.349445 0.340364 0.309576
v -5.352660 0.343661 0.309665
v -5.349445 0.375645 0.312877
v -5.352645 0.374663 0.316042
v -5.349445 0.365235 0.310246
v -5.352645 0.364854 0.313561
v -5.352660 0.361939 0.310157
v -5.352589 0.416620 0.344106
v -5.349445 0.419046 0.341874
v -5.349445 0.407782 0.330020
v -5.352568 0.405700 0.332613
v -5.352660 0.404918 0.328385
v -5.352645 0.384311 0.320424
v -5.349445 0.385923 0.317545
v -5.352660 0.388788 0.319180
v -5.349445 0.243298 0.398068
v -5.352593 0.246585 0.398415
v -5.352575 0.249219 0.384541
v -5.349445 0.246023 0.383720
v -5.352660 0.247058 0.380589
v -5.349445 0.260118 0.350021
v -5.354181 0.262486 0.351728
v -5.349445 0.253898 0.359904
v -5.354176 0.256623 0.361049
v -5.352660 0.252863 0.363035
v -5.352590 0.300631 0.322373
v -5.349445 0.299324 0.319345
v -5.349445 0.286510 0.326276
v -5.352569 0.288293 0.329046
v -5.352660 0.283975 0.328386
v -5.354193 0.269255 0.344403
v -5.349445 0.267261 0.342301
v -5.352660 0.269796 0.340191
v -5.332431 0.546041 0.441091
v -5.335645 0.545783 0.443984
v -5.333138 0.542904 0.443461
v -5.383644 0.415989 0.411122
v -5.386804 0.414207 0.411122
v -5.383681 0.392002 0.445676
v -5.386804 0.388940 0.443625
v -5.386804 0.394999 0.437406
v -5.383680 0.398349 0.439142
v -5.383679 0.405623 0.435327
v -5.386804 0.409122 0.430082
v -5.383808 0.411741 0.435010
v -5.383644 0.415885 0.412443
v -5.383793 0.418882 0.416390
v -5.386804 0.413664 0.418925
v -5.386804 0.377543 0.435210
v -5.386804 0.380899 0.429666
v -5.386804 0.383345 0.423665
v -5.386804 0.384823 0.417355
v -5.379910 0.576012 0.449014
v -5.383099 0.579339 0.449558
v -5.332431 0.561363 0.443600
v -5.335646 0.561081 0.446529
v -5.383099 0.583177 0.411122
v -5.379910 0.579795 0.411122
v -5.379910 0.551944 0.519653
v -5.383099 0.554925 0.521214
v -5.383099 0.538064 0.549609
v -5.379910 0.535317 0.547652
v -5.335646 0.570803 0.448161
v -5.332431 0.570954 0.445171
v -5.335642 0.574037 0.445682
v -5.335642 0.577489 0.411122
v -5.332431 0.574354 0.411122
v -5.332431 0.547139 0.517139
v -5.335642 0.549910 0.518589
v -5.335642 0.533442 0.546317
v -5.332431 0.530890 0.544498
v -5.379021 0.561393 0.497168
v -5.372718 0.559288 0.493179
v -5.375936 0.560301 0.490200
v -5.375937 0.571725 0.451326
v -5.372720 0.572469 0.448323
v -5.379039 0.576198 0.446094
v -5.335646 0.534128 0.483566
v -5.332431 0.532963 0.486327
v -5.333117 0.531425 0.482520
v -5.383099 0.565782 0.495690
v -5.379910 0.562647 0.494492
v -5.332431 0.547400 0.491847
v -5.335646 0.548561 0.489095
v -5.335642 0.559344 0.496411
v -5.332431 0.556429 0.495299
v -5.335646 0.557726 0.492610
v -5.373861 0.546241 0.443108
v -5.377083 0.545375 0.446031
v -5.373858 0.534129 0.483320
v -5.377083 0.535047 0.480256
v -5.355712 0.401534 0.451359
v -5.358762 0.397906 0.448918
v -5.358763 0.404519 0.442110
v -5.355719 0.408503 0.444200
v -5.358764 0.412223 0.438069
v -5.355658 0.419198 0.438107
v -5.376431 0.560374 0.449042
v -5.373208 0.561248 0.446094
v -5.376431 0.549405 0.485915
v -5.373207 0.548509 0.488955
v -5.356259 0.424589 0.411066
v -5.359404 0.420671 0.411122
v -5.359404 0.420490 0.413462
v -5.356259 0.424091 0.417568
v -5.386804 0.385296 0.410892
v -5.332431 0.377515 0.612099
v -5.335645 0.374682 0.612736
v -5.333138 0.374302 0.609835
v -5.386804 0.365836 0.477390
v -5.383642 0.366378 0.479080
v -5.383675 0.326008 0.466710
v -5.386804 0.327179 0.463227
v -5.386804 0.334936 0.467091
v -5.383675 0.334268 0.470811
v -5.383674 0.340212 0.476665
v -5.386804 0.346242 0.478325
v -5.383813 0.342390 0.482421
v -5.383642 0.365087 0.479382
v -5.383793 0.362243 0.483439
v -5.386804 0.358261 0.479247
v -5.386804 0.331454 0.450469
v -5.386804 0.337764 0.451947
v -5.386804 0.344227 0.452420
v -5.386804 0.350685 0.451875
v -5.379910 0.379114 0.643058
v -5.383099 0.379610 0.646393
v -5.332431 0.379800 0.627456
v -5.335646 0.376925 0.628082
v -5.379910 0.416354 0.635102
v -5.383099 0.417385 0.638322
v -5.379910 0.304499 0.641688
v -5.383099 0.303922 0.645003
v -5.383099 0.271737 0.637608
v -5.379910 0.272763 0.634395
v -5.335646 0.378337 0.637837
v -5.332431 0.381231 0.637069
v -5.335642 0.381685 0.640162
v -5.332431 0.414694 0.629920
v -5.335642 0.415650 0.632905
v -5.332431 0.305428 0.636345
v -5.335642 0.304892 0.639426
v -5.335642 0.273463 0.632202
v -5.332431 0.274416 0.629217
v -5.379021 0.328795 0.643827
v -5.372718 0.331952 0.640605
v -5.375936 0.335094 0.640661
v -5.375937 0.375604 0.639681
v -5.372720 0.378691 0.639474
v -5.379039 0.381952 0.642345
v -5.335646 0.333431 0.613712
v -5.332431 0.330447 0.613445
v -5.333117 0.333603 0.610819
v -5.383099 0.331542 0.647556
v -5.379910 0.331727 0.644205
v -5.332431 0.329594 0.628878
v -5.335646 0.332568 0.629144
v -5.335642 0.328891 0.641645
v -5.332431 0.329061 0.638530
v -5.335646 0.332017 0.638945
v -5.373861 0.375656 0.612905
v -5.377083 0.372609 0.612972
v -5.373858 0.333666 0.613638
v -5.377083 0.336861 0.613578
v -5.355712 0.322110 0.476953
v -5.358770 0.323400 0.472760
v -5.358769 0.332806 0.477431
v -5.355719 0.332045 0.481898
v -5.358770 0.339908 0.484425
v -5.355668 0.342037 0.491190
v -5.376431 0.374317 0.628175
v -5.373208 0.377390 0.628108
v -5.376431 0.335851 0.628978
v -5.373207 0.332686 0.629051
v -5.359406 0.367645 0.483535
v -5.356259 0.368791 0.487276
v -5.359406 0.365358 0.484069
v -5.356259 0.362533 0.488738
v -5.335645 0.437273 0.592686
v -5.332431 0.434597 0.593814
v -5.333138 0.435897 0.590104
v -5.383681 0.387829 0.453558
v -5.386804 0.384976 0.451168
v -5.383674 0.386340 0.461877
v -5.383813 0.387913 0.467820
v -5.386804 0.382335 0.466778
v -5.383642 0.367604 0.478576
v -5.386804 0.373121 0.474485
v -5.383792 0.372275 0.480224
v -5.386804 0.356978 0.450327
v -5.386804 0.373362 0.440161
v -5.386804 0.368458 0.444397
v -5.386804 0.362951 0.447814
v -5.383099 0.452819 0.622941
v -5.379910 0.451285 0.619939
v -5.335646 0.444364 0.606478
v -5.332431 0.441661 0.607640
v -5.383099 0.513610 0.577831
v -5.379910 0.511215 0.575468
v -5.332431 0.446082 0.616294
v -5.335646 0.448884 0.615238
v -5.335642 0.447510 0.619075
v -5.335642 0.509581 0.573856
v -5.332431 0.507355 0.571661
v -5.375936 0.485701 0.592422
v -5.372718 0.488243 0.590539
v -5.379021 0.492684 0.591326
v -5.375937 0.452181 0.615150
v -5.379039 0.448561 0.621007
v -5.372720 0.449547 0.616776
v -5.332431 0.473687 0.567559
v -5.335646 0.471413 0.569511
v -5.333117 0.469592 0.567256
v -5.379910 0.490518 0.593337
v -5.383099 0.492616 0.595957
v -5.335646 0.481082 0.581569
v -5.332431 0.483348 0.579624
v -5.335642 0.491339 0.589606
v -5.335646 0.487225 0.589225
v -5.332431 0.489391 0.587170
v -5.377083 0.439099 0.591672
v -5.373861 0.436579 0.593389
v -5.377083 0.468524 0.571408
v -5.373858 0.471178 0.569587
v -5.355718 0.396946 0.460037
v -5.358761 0.393558 0.457132
v -5.358768 0.391443 0.467810
v -5.355732 0.394030 0.474599
v -5.373208 0.444001 0.606770
v -5.376431 0.446542 0.605038
v -5.373207 0.480932 0.581562
v -5.376431 0.478296 0.583353
v -5.359406 0.369818 0.482640
v -5.356265 0.374803 0.484833
v -5.332431 0.163247 0.503777
v -5.335645 0.161776 0.501273
v -5.333138 0.164423 0.500026
v -5.386804 0.287966 0.451574
v -5.383811 0.286116 0.453008
v -5.386804 0.289667 0.411122
v -5.383639 0.286201 0.411122
v -5.386804 0.288331 0.419105
v -5.383638 0.284826 0.419488
v -5.383639 0.281090 0.426863
v -5.386804 0.281128 0.433185
v -5.383796 0.276345 0.430652
v -5.383811 0.285406 0.451823
v -5.383838 0.280497 0.450441
v -5.386804 0.283919 0.444924
v -5.386804 0.302700 0.411351
v -5.386804 0.303244 0.417809
v -5.386804 0.304792 0.424102
v -5.386804 0.307305 0.430075
v -5.379910 0.134252 0.514744
v -5.383099 0.131228 0.516234
v -5.332431 0.149319 0.510638
v -5.335646 0.147847 0.508090
v -5.379910 0.153189 0.547781
v -5.383099 0.150438 0.549746
v -5.379910 0.112794 0.443268
v -5.383099 0.109462 0.443730
v -5.379910 0.110057 0.411122
v -5.383099 0.106685 0.411122
v -5.335646 0.138987 0.512411
v -5.332431 0.140601 0.514933
v -5.335642 0.137794 0.516309
v -5.332431 0.157618 0.544620
v -5.335642 0.155067 0.546441
v -5.332431 0.118164 0.442523
v -5.335642 0.115068 0.442953
v -5.332431 0.115492 0.411122
v -5.335642 0.112359 0.411122
v -5.379021 0.118169 0.467058
v -5.372718 0.122200 0.469082
v -5.375936 0.123110 0.472105
v -5.375937 0.136403 0.510390
v -5.372720 0.137536 0.513248
v -5.379039 0.135796 0.517229
v -5.335646 0.148262 0.462286
v -5.332431 0.147607 0.459362
v -5.333117 0.151070 0.461567
v -5.383099 0.115456 0.470811
v -5.379910 0.118703 0.469966
v -5.332431 0.132649 0.463259
v -5.335646 0.133303 0.466172
v -5.335642 0.120276 0.466484
v -5.332431 0.123294 0.465696
v -5.335646 0.123801 0.468638
v -5.373861 0.161912 0.502252
v -5.377083 0.160926 0.499393
v -5.373858 0.148405 0.462487
v -5.377083 0.149442 0.465527
v -5.358805 0.281234 0.411122
v -5.355708 0.277049 0.411122
v -5.358805 0.279754 0.420287
v -5.355713 0.275486 0.420772
v -5.358804 0.275619 0.428342
v -5.355662 0.270120 0.432309
v -5.376431 0.146969 0.505655
v -5.373208 0.147964 0.508542
v -5.376431 0.134468 0.469262
v -5.373207 0.133427 0.466256
v -5.373374 0.282866 0.455717
v -5.368862 0.279569 0.458199
v -5.373374 0.281817 0.453966
v -5.368873 0.276320 0.452786
v -5.335645 0.199966 0.554764
v -5.332431 0.198075 0.552559
v -5.333138 0.202005 0.552666
v -5.383674 0.317119 0.465121
v -5.386804 0.318804 0.461758
v -5.383683 0.308993 0.466291
v -5.383811 0.303806 0.469603
v -5.386804 0.303126 0.464008
v -5.383820 0.287225 0.454291
v -5.386804 0.293341 0.457816
v -5.383838 0.286975 0.459339
v -5.386804 0.310722 0.435582
v -5.386804 0.325453 0.448023
v -5.386804 0.319909 0.444667
v -5.386804 0.314958 0.440486
v -5.383099 0.175896 0.578798
v -5.379910 0.178286 0.576422
v -5.335646 0.188994 0.565724
v -5.332431 0.187063 0.563504
v -5.383099 0.237401 0.622929
v -5.379910 0.238920 0.619928
v -5.335646 0.182030 0.572701
v -5.335642 0.177957 0.572563
v -5.332431 0.180170 0.570355
v -5.335642 0.239957 0.617880
v -5.332431 0.241368 0.615091
v -5.375936 0.214989 0.600801
v -5.372718 0.217560 0.602648
v -5.379021 0.218165 0.607119
v -5.375937 0.183130 0.575822
v -5.379039 0.176438 0.574154
v -5.372720 0.180768 0.573801
v -5.332431 0.235003 0.581776
v -5.335646 0.232451 0.580206
v -5.333842 0.233916 0.577979
v -5.379910 0.215589 0.605669
v -5.383099 0.213734 0.608466
v -5.335646 0.223917 0.593092
v -5.332431 0.226461 0.594657
v -5.335642 0.219393 0.605312
v -5.335646 0.218500 0.601278
v -5.332431 0.221118 0.602714
v -5.377083 0.201501 0.556203
v -5.373861 0.199084 0.554317
v -5.377083 0.229761 0.578032
v -5.373858 0.232307 0.580006
v -5.355718 0.311347 0.475035
v -5.358771 0.313277 0.470950
v -5.358763 0.304608 0.472466
v -5.355733 0.298975 0.477275
v -5.373208 0.188605 0.565467
v -5.376431 0.191041 0.567368
v -5.373207 0.223878 0.592948
v -5.376431 0.221366 0.590982
v -5.373366 0.284239 0.457317
v -5.369268 0.282768 0.463668
v -5.349445 0.427901 0.469939
v -5.352593 0.425198 0.468034
v -5.352589 0.431988 0.456770
v -5.349445 0.434900 0.458328
v -5.349445 0.440581 0.446499
v -5.352569 0.437502 0.445290
v -5.352660 0.441426 0.443311
v -5.352645 0.443668 0.421847
v -5.349445 0.446929 0.422556
v -5.352660 0.446084 0.425743
v -5.349445 0.313363 0.508164
v -5.352593 0.314254 0.504981
v -5.352589 0.327820 0.508477
v -5.349445 0.327300 0.511754
v -5.349445 0.340364 0.512668
v -5.352564 0.340616 0.509373
v -5.352660 0.343661 0.512579
v -5.352645 0.374663 0.506203
v -5.349445 0.375645 0.509367
v -5.352645 0.364854 0.508683
v -5.349445 0.365235 0.511999
v -5.352660 0.361939 0.512087
v -5.349445 0.419046 0.480371
v -5.352589 0.416620 0.478139
v -5.352568 0.405700 0.489632
v -5.349445 0.407782 0.492225
v -5.352660 0.404918 0.493859
v -5.349445 0.385923 0.504699
v -5.352645 0.384311 0.501821
v -5.352660 0.388788 0.503064
v -5.352597 0.245894 0.411122
v -5.349445 0.242589 0.411122
v -5.352593 0.246585 0.423829
v -5.349445 0.243298 0.424177
v -5.349445 0.246023 0.438524
v -5.352575 0.249219 0.437703
v -5.352660 0.247058 0.441655
v -5.354181 0.262486 0.470516
v -5.349445 0.260118 0.472223
v -5.354176 0.256623 0.461195
v -5.349445 0.253898 0.462340
v -5.352660 0.252863 0.459209
v -5.349445 0.299324 0.502900
v -5.352590 0.300631 0.499872
v -5.352569 0.288293 0.493198
v -5.349445 0.286510 0.495968
v -5.352660 0.283975 0.493858
v -5.349445 0.267261 0.479944
v -5.354193 0.269255 0.477842
v -5.352660 0.269796 0.482054
v -5.328366 0.427901 0.352306
v -5.325151 0.425202 0.354205
v -5.325151 0.431976 0.365440
v -5.328366 0.434900 0.363916
v -5.325151 0.437475 0.376887
v -5.328366 0.440581 0.375746
v -5.325151 0.444258 0.410692
v -5.328366 0.447587 0.410678
v -5.328366 0.446929 0.399689
v -5.325151 0.443620 0.400057
v -5.328366 0.313363 0.314081
v -5.325151 0.314363 0.317216
v -5.325151 0.327850 0.313743
v -5.328366 0.327300 0.310491
v -5.325151 0.340492 0.312858
v -5.328366 0.340364 0.309576
v -5.325151 0.374633 0.316050
v -5.328366 0.375645 0.312877
v -5.328366 0.365235 0.310246
v -5.325151 0.364560 0.313505
v -5.328366 0.419046 0.341874
v -5.325151 0.416632 0.344110
v -5.328366 0.407782 0.330020
v -5.325151 0.405732 0.332640
v -5.325151 0.384580 0.320568
v -5.328366 0.385923 0.317545
v -5.325151 0.246560 0.398489
v -5.328366 0.243298 0.398068
v -5.325151 0.249195 0.384604
v -5.328366 0.246023 0.383720
v -5.325151 0.262832 0.351989
v -5.328366 0.260118 0.350021
v -5.328366 0.253898 0.359904
v -5.325151 0.256813 0.361555
v -5.328366 0.299324 0.319345
v -5.325151 0.300777 0.322308
v -5.328366 0.286510 0.326276
v -5.325151 0.288375 0.329013
v -5.325151 0.269745 0.344519
v -5.328366 0.267261 0.342301
v -5.325151 0.425202 0.468039
v -5.328366 0.427901 0.469939
v -5.328366 0.434900 0.458328
v -5.325151 0.431976 0.456804
v -5.328366 0.440581 0.446499
v -5.325151 0.437475 0.445357
v -5.325151 0.443620 0.422187
v -5.328366 0.446929 0.422556
v -5.325151 0.314363 0.505029
v -5.328366 0.313363 0.508164
v -5.328366 0.327300 0.511754
v -5.325151 0.327850 0.508501
v -5.328366 0.340364 0.512668
v -5.325151 0.340492 0.509386
v -5.328366 0.375645 0.509367
v -5.325151 0.374633 0.506194
v -5.325151 0.364560 0.508740
v -5.328366 0.365235 0.511999
v -5.325151 0.416632 0.478133
v -5.328366 0.419046 0.480371
v -5.325151 0.405733 0.489604
v -5.328366 0.407782 0.492225
v -5.328366 0.385923 0.504699
v -5.325151 0.384580 0.501676
v -5.328366 0.242589 0.411122
v -5.325151 0.245874 0.411122
v -5.328366 0.243298 0.424177
v -5.325151 0.246560 0.423755
v -5.328366 0.246023 0.438524
v -5.325151 0.249194 0.437640
v -5.328366 0.260118 0.472223
v -5.325151 0.262831 0.470255
v -5.325151 0.256813 0.460689
v -5.328366 0.253898 0.462340
v -5.325151 0.300777 0.499936
v -5.328366 0.299324 0.502900
v -5.325151 0.288375 0.493231
v -5.328366 0.286510 0.495968
v -5.328366 0.267261 0.479944
v -5.325151 0.269745 0.477725
v -5.386804 0.374811 0.388472
v -5.386804 0.377975 0.393571
v -5.386804 0.380302 0.399102
v -5.386804 0.381735 0.404929
v -5.386804 0.331978 0.374817
v -5.386804 0.337805 0.373384
v -5.386804 0.343785 0.372880
v -5.386804 0.349770 0.373317
v -5.386804 0.355613 0.374686
v -5.386804 0.370888 0.383930
v -5.386804 0.366304 0.380058
v -5.386804 0.361170 0.376951
v -5.386804 0.306193 0.405350
v -5.386804 0.307562 0.399507
v -5.386804 0.309827 0.393950
v -5.386804 0.312934 0.388816
v -5.386804 0.326447 0.377145
v -5.386804 0.321347 0.380308
v -5.386804 0.316806 0.384231
v -5.386804 0.375061 0.433428
v -5.386804 0.378168 0.428294
v -5.386804 0.380434 0.422737
v -5.386804 0.381802 0.416894
v -5.386804 0.382240 0.410909
v -5.386804 0.332383 0.447558
v -5.386804 0.338225 0.448926
v -5.386804 0.344210 0.449364
v -5.386804 0.350190 0.448860
v -5.386804 0.356017 0.447426
v -5.386804 0.371189 0.438012
v -5.386804 0.366648 0.441935
v -5.386804 0.361549 0.445099
v -5.386804 0.305756 0.411335
v -5.386804 0.306260 0.417314
v -5.386804 0.307693 0.423141
v -5.386804 0.310020 0.428673
v -5.386804 0.313184 0.433772
v -5.386804 0.326826 0.445292
v -5.386804 0.321692 0.442185
v -5.386804 0.317107 0.438313
v -5.388643 0.372176 0.390408
v -5.388643 0.375069 0.395072
v -5.388643 0.377198 0.400130
v -5.388643 0.378508 0.405459
v -5.388643 0.333006 0.377922
v -5.388643 0.338335 0.376611
v -5.388643 0.343803 0.376150
v -5.388643 0.349276 0.376550
v -5.388643 0.354620 0.377801
v -5.388643 0.368589 0.386255
v -5.388643 0.364396 0.382715
v -5.388643 0.359701 0.379873
v -5.388643 0.309426 0.405843
v -5.388643 0.310677 0.400500
v -5.388643 0.312749 0.395418
v -5.388643 0.315590 0.390723
v -5.388643 0.327947 0.380050
v -5.388643 0.323284 0.382943
v -5.388643 0.319131 0.386531
v -5.388643 0.372405 0.431520
v -5.388643 0.375246 0.426825
v -5.388643 0.377318 0.421744
v -5.388643 0.378569 0.416400
v -5.388643 0.378969 0.410927
v -5.388643 0.333376 0.444442
v -5.388643 0.338719 0.445693
v -5.388643 0.344192 0.446094
v -5.388643 0.349661 0.445633
v -5.388643 0.354990 0.444322
v -5.388643 0.368864 0.435713
v -5.388643 0.364711 0.439300
v -5.388643 0.360048 0.442194
v -5.388643 0.309026 0.411316
v -5.388643 0.309487 0.416785
v -5.388643 0.310798 0.422114
v -5.388643 0.312926 0.427172
v -5.388643 0.315819 0.431835
v -5.388643 0.328294 0.442370
v -5.388643 0.323599 0.439529
v -5.388643 0.319406 0.435988
v -5.388643 0.343998 0.411122
v -5.388321 0.372637 0.390069
v -5.388321 0.368991 0.385848
v -5.388321 0.312417 0.427435
v -5.388321 0.315358 0.432174
v -5.388321 0.377863 0.421917
v -5.388321 0.379135 0.416487
v -5.388321 0.364730 0.382250
v -5.388321 0.328037 0.442882
v -5.388321 0.333202 0.444987
v -5.388321 0.379542 0.410924
v -5.388321 0.359958 0.379362
v -5.388321 0.323265 0.439994
v -5.388321 0.338633 0.446259
v -5.388321 0.354793 0.377256
v -5.388321 0.319004 0.436395
v -5.388321 0.344195 0.446666
v -5.388321 0.308860 0.405757
v -5.388321 0.308454 0.411319
v -5.388321 0.349753 0.446197
v -5.388321 0.310132 0.400326
v -5.388321 0.375578 0.394809
v -5.388321 0.355169 0.444865
v -5.388321 0.312238 0.395161
v -5.388321 0.377741 0.399950
v -5.388321 0.369271 0.436115
v -5.388321 0.372870 0.431854
v -5.388321 0.315126 0.390389
v -5.388321 0.379073 0.405366
v -5.388321 0.365050 0.439761
v -5.388321 0.332826 0.377378
v -5.388321 0.327685 0.379542
v -5.388321 0.360310 0.442702
v -5.388321 0.322945 0.382482
v -5.388321 0.338242 0.376046
v -5.388321 0.318724 0.386128
v -5.388321 0.343800 0.375578
v -5.388321 0.308922 0.416877
v -5.388321 0.349363 0.375984
v -5.388321 0.310254 0.422294
v -5.388321 0.375757 0.427082
v -5.379295 0.344578 0.754816
v -5.379295 0.433531 0.743105
v -5.379295 0.516423 0.708770
v -5.379295 0.587604 0.654151
v -5.379295 0.642222 0.582970
v -5.379295 0.676557 0.500079
v -5.379295 0.688268 0.411125
v -5.379295 0.676557 0.322172
v -5.379295 0.642222 0.239280
v -5.379295 0.587604 0.168100
v -5.379295 0.516423 0.113481
v -5.379295 0.433531 0.079146
v -5.379295 0.344578 0.067435
v -5.379295 0.255624 0.079146
v -5.379295 0.172733 0.113481
v -5.379295 0.101552 0.168100
v -5.379295 0.046933 0.239280
v -5.379295 0.012599 0.322172
v -5.379295 0.000888 0.411125
v -5.379295 0.012599 0.500079
v -5.379295 0.046933 0.582970
v -5.379295 0.101552 0.654151
v -5.379295 0.172733 0.708770
v -5.379295 0.255624 0.743105
v -5.394520 0.344578 0.735992
v -5.394520 0.431115 0.724922
v -5.394520 0.511754 0.692468
v -5.394520 0.581001 0.640841
v -5.394520 0.634135 0.573559
v -5.394520 0.667537 0.495207
v -5.394520 0.678930 0.411125
v -5.394520 0.667537 0.327044
v -5.394520 0.634135 0.248692
v -5.394520 0.581001 0.181410
v -5.394520 0.511754 0.129783
v -5.394520 0.431115 0.097328
v -5.394520 0.344578 0.086259
v -5.394521 0.258041 0.097328
v -5.394521 0.177402 0.129783
v -5.394521 0.108155 0.181410
v -5.394521 0.055020 0.248692
v -5.394521 0.021618 0.327044
v -5.394521 0.010225 0.411125
v -5.394521 0.021618 0.495207
v -5.394521 0.055020 0.573559
v -5.394521 0.108155 0.640841
v -5.394521 0.177402 0.692468
v -5.394521 0.258041 0.724922
v -5.394521 0.344578 0.670202
v -5.394520 0.411632 0.661375
v -5.394520 0.474116 0.635493
v -5.394520 0.527773 0.594321
v -5.394520 0.568945 0.540664
v -5.394520 0.594827 0.478180
v -5.394520 0.603655 0.411125
v -5.394520 0.594827 0.344071
v -5.394520 0.568945 0.281587
v -5.394520 0.527773 0.227930
v -5.394520 0.474116 0.186758
v -5.394520 0.411632 0.160876
v -5.394521 0.344578 0.152048
v -5.394521 0.277524 0.160876
v -5.394521 0.215039 0.186758
v -5.394521 0.161383 0.227930
v -5.394521 0.120210 0.281587
v -5.394521 0.094329 0.344071
v -5.394521 0.085501 0.411125
v -5.394521 0.094329 0.478179
v -5.394521 0.120210 0.540664
v -5.394521 0.161383 0.594321
v -5.394521 0.215039 0.635493
v -5.394521 0.277524 0.661375
v -5.380712 0.344578 0.664288
v -5.380712 0.410101 0.655662
v -5.380712 0.471159 0.630371
v -5.380712 0.523591 0.590139
v -5.380712 0.563823 0.537707
v -5.380712 0.589114 0.476649
v -5.380712 0.597741 0.411125
v -5.380712 0.589114 0.345602
v -5.380712 0.563823 0.284544
v -5.380712 0.523591 0.232112
v -5.380712 0.471159 0.191880
v -5.380712 0.410101 0.166589
v -5.380712 0.344578 0.157963
v -5.380712 0.279054 0.166589
v -5.380712 0.217996 0.191880
v -5.380712 0.165565 0.232112
v -5.380712 0.125332 0.284544
v -5.380712 0.100041 0.345602
v -5.380712 0.091415 0.411125
v -5.380712 0.100041 0.476649
v -5.380712 0.125332 0.537707
v -5.380712 0.165565 0.590139
v -5.380712 0.217996 0.630371
v -5.380712 0.279055 0.655662
v -5.380712 0.344578 0.649733
v -5.380712 0.406334 0.641603
v -5.380712 0.463882 0.617766
v -5.380712 0.513299 0.579847
v -5.380712 0.551218 0.530429
v -5.380712 0.575055 0.472882
v -5.380712 0.583186 0.411125
v -5.380712 0.575055 0.349369
v -5.380712 0.551218 0.291821
v -5.380712 0.513299 0.242404
v -5.380712 0.463882 0.204485
v -5.380712 0.406334 0.180648
v -5.380712 0.344578 0.172518
v -5.380712 0.282822 0.180648
v -5.380712 0.225274 0.204485
v -5.380712 0.175857 0.242404
v -5.380712 0.137937 0.291822
v -5.380712 0.114100 0.349369
v -5.380712 0.105970 0.411125
v -5.380712 0.114100 0.472882
v -5.380712 0.137937 0.530429
v -5.380712 0.175857 0.579847
v -5.380712 0.225274 0.617766
v -5.380712 0.282822 0.641603
v -5.394520 0.501150 0.139935
v -5.394520 0.566004 0.189700
v -5.394520 0.566004 0.632551
v -5.394520 0.501149 0.682315
v -5.394521 0.031435 0.411125
v -5.394521 0.042105 0.330078
v -5.394520 0.425625 0.108652
v -5.394520 0.615768 0.567697
v -5.394521 0.042105 0.492173
v -5.394520 0.344578 0.097982
v -5.394520 0.647051 0.492173
v -5.394521 0.073388 0.567697
v -5.394521 0.263530 0.108652
v -5.394520 0.657721 0.411125
v -5.394521 0.123152 0.632551
v -5.394521 0.188006 0.139935
v -5.394520 0.647051 0.330078
v -5.394521 0.188006 0.682315
v -5.394521 0.123152 0.189700
v -5.394520 0.615768 0.254554
v -5.394521 0.263530 0.713599
v -5.394520 0.425625 0.713599
v -5.394520 0.344578 0.724269
v -5.394521 0.073388 0.254554
v -5.152274 0.344578 0.754816
v -5.152274 0.433531 0.743105
v -5.152274 0.516423 0.708770
v -5.152274 0.587604 0.654151
v -5.152274 0.642222 0.582970
v -5.152274 0.676557 0.500079
v -5.152274 0.688268 0.411125
v -5.152274 0.676557 0.322172
v -5.152274 0.642222 0.239280
v -5.152274 0.587604 0.168100
v -5.152274 0.516423 0.113481
v -5.152274 0.433531 0.079146
v -5.152274 0.344578 0.067435
v -5.152274 0.255624 0.079146
v -5.152274 0.172733 0.113481
v -5.152274 0.101552 0.168100
v -5.152274 0.046933 0.239280
v -5.152274 0.012599 0.322172
v -5.152274 0.000888 0.411125
v -5.152274 0.012599 0.500079
v -5.152274 0.046933 0.582970
v -5.152274 0.101552 0.654151
v -5.152274 0.172733 0.708770
v -5.152274 0.255624 0.743105
v -5.137049 0.344578 0.735992
v -5.137049 0.431115 0.724922
v -5.137049 0.511754 0.692468
v -5.137049 0.581001 0.640841
v -5.137049 0.634135 0.573559
v -5.137049 0.667537 0.495207
v -5.137049 0.678930 0.411125
v -5.137049 0.667537 0.327044
v -5.137049 0.634135 0.248692
v -5.137049 0.581001 0.181410
v -5.137049 0.511754 0.129783
v -5.137049 0.431115 0.097328
v -5.137049 0.344578 0.086259
v -5.137049 0.258041 0.097328
v -5.137049 0.177402 0.129783
v -5.137049 0.108155 0.181410
v -5.137049 0.055020 0.248692
v -5.137049 0.021618 0.327044
v -5.137049 0.010225 0.411125
v -5.137049 0.021618 0.495207
v -5.137049 0.055020 0.573559
v -5.137049 0.108155 0.640841
v -5.137049 0.177402 0.692468
v -5.137049 0.258041 0.724922
v -5.137049 0.344578 0.670202
v -5.137049 0.411632 0.661375
v -5.137049 0.474116 0.635493
v -5.137049 0.527773 0.594321
v -5.137049 0.568945 0.540664
v -5.137049 0.594827 0.478180
v -5.137049 0.603655 0.411125
v -5.137049 0.594827 0.344071
v -5.137049 0.568945 0.281587
v -5.137049 0.527773 0.227930
v -5.137049 0.474116 0.186758
v -5.137049 0.411632 0.160876
v -5.137049 0.344578 0.152048
v -5.137049 0.277524 0.160876
v -5.137049 0.215039 0.186758
v -5.137049 0.161383 0.227930
v -5.137049 0.120210 0.281587
v -5.137049 0.094329 0.344071
v -5.137049 0.085501 0.411125
v -5.137049 0.094329 0.478179
v -5.137049 0.120210 0.540664
v -5.137049 0.161383 0.594321
v -5.137049 0.215039 0.635493
v -5.137049 0.277524 0.661375
v -5.150858 0.344578 0.664288
v -5.150858 0.410101 0.655662
v -5.150858 0.471159 0.630371
v -5.150858 0.523591 0.590139
v -5.150858 0.563823 0.537707
v -5.150858 0.589114 0.476649
v -5.150858 0.597741 0.411125
v -5.150858 0.589114 0.345602
v -5.150858 0.563823 0.284544
v -5.150858 0.523591 0.232112
v -5.150858 0.471159 0.191880
v -5.150858 0.410101 0.166589
v -5.150858 0.344578 0.157963
v -5.150858 0.279054 0.166589
v -5.150858 0.217996 0.191880
v -5.150858 0.165565 0.232112
v -5.150858 0.125332 0.284544
v -5.150858 0.100041 0.345602
v -5.150858 0.091415 0.411125
v -5.150858 0.100041 0.476649
v -5.150858 0.125332 0.537707
v -5.150858 0.165565 0.590139
v -5.150858 0.217996 0.630371
v -5.150858 0.279055 0.655662
v -5.150858 0.344578 0.649733
v -5.150858 0.406334 0.641603
v -5.150858 0.463882 0.617766
v -5.150858 0.513299 0.579847
v -5.150858 0.551218 0.530429
v -5.150858 0.575055 0.472882
v -5.150858 0.583186 0.411125
v -5.150858 0.575055 0.349369
v -5.150858 0.551218 0.291821
v -5.150858 0.513299 0.242404
v -5.150858 0.463882 0.204485
v -5.150858 0.406334 0.180648
v -5.150858 0.344578 0.172518
v -5.150858 0.282822 0.180648
v -5.150858 0.225274 0.204485
v -5.150858 0.175857 0.242404
v -5.150858 0.137937 0.291822
v -5.150858 0.114100 0.349369
v -5.150858 0.105970 0.411125
v -5.150858 0.114100 0.472882
v -5.150858 0.137937 0.530429
v -5.150858 0.175857 0.579847
v -5.150858 0.225274 0.617766
v -5.150858 0.282822 0.641603
v -5.137049 0.501150 0.139935
v -5.137049 0.566004 0.189700
v -5.137049 0.566004 0.632551
v -5.137049 0.501149 0.682315
v -5.137049 0.031435 0.411125
v -5.137049 0.042105 0.330078
v -5.137049 0.425625 0.108652
v -5.137049 0.615768 0.567697
v -5.137049 0.042105 0.492173
v -5.137049 0.344578 0.097982
v -5.137049 0.647051 0.492173
v -5.137049 0.073388 0.567697
v -5.137049 0.263530 0.108652
v -5.137049 0.657721 0.411125
v -5.137049 0.123152 0.632551
v -5.137049 0.188006 0.139935
v -5.137049 0.647051 0.330078
v -5.137049 0.188006 0.682315
v -5.137049 0.123152 0.189700
v -5.137049 0.615768 0.254554
v -5.137049 0.263530 0.713599
v -5.137049 0.425625 0.713599
v -5.137049 0.344578 0.724269
v -5.137049 0.073388 0.254554
vn 0.2721 -0.0878 -0.9583
vn 0.3654 -0.1938 -0.9105
vn 0.3564 -0.1534 -0.9217
vn 0.3803 0.3222 0.8669
vn 0.2890 0.4285 0.8561
vn 0.3663 0.3332 0.8688
vn 1.0000 -0.0000 -0.0000
vn 0.0475 0.2602 0.9644
vn 0.3802 0.3178 0.8686
vn 0.4410 -0.8852 -0.1478
vn 0.5240 -0.8517 -0.0002
vn 0.3423 -0.9396 -0.0000
vn 0.9487 -0.2562 0.1851
vn 0.9459 -0.3042 0.1127
vn 0.1931 0.9427 -0.2719
vn 0.4549 0.7944 -0.4024
vn 0.5908 0.7669 -0.2508
vn 0.3572 0.9339 -0.0155
vn 0.0815 0.8883 -0.4520
vn 0.9362 0.2850 -0.2055
vn 0.3362 0.2052 -0.9192
vn 0.3642 -0.1966 -0.9103
vn 0.9343 0.3180 -0.1613
vn 0.3906 0.7466 -0.5385
vn 0.0824 0.8082 -0.5831
vn 0.9170 -0.2296 0.3262
vn 0.8995 -0.3547 0.2552
vn 0.8982 -0.3840 0.2139
vn 0.4593 0.8883 -0.0000
vn 0.2002 0.9528 -0.2284
vn 0.6492 0.7404 -0.1745
vn 0.2612 0.7522 0.6050
vn 0.3385 0.6373 0.6923
vn 0.9448 -0.2038 0.2565
vn 0.9721 -0.0329 0.2322
vn 0.5319 -0.8033 0.2681
vn 0.5602 -0.6693 0.4881
vn 0.5473 -0.6771 0.4919
vn 0.9347 0.2512 -0.2515
vn 0.4577 0.7210 -0.5203
vn 0.9373 0.3486 -0.0000
vn 0.9991 -0.0407 0.0122
vn 0.9182 -0.1313 -0.3736
vn 0.9223 0.0907 0.3756
vn 0.2720 -0.9398 -0.2068
vn 0.0334 -0.9925 0.1173
vn 0.0661 -0.9532 0.2951
vn 1.0000 0.0001 -0.0000
vn 0.9838 -0.1532 -0.0932
vn 0.5175 -0.5050 0.6908
vn 0.3654 -0.9262 -0.0931
vn 0.3564 -0.9245 -0.1351
vn 0.3801 0.9240 -0.0423
vn 0.2898 0.9456 -0.1482
vn 0.3663 0.9290 -0.0523
vn 0.3404 -0.2873 0.8953
vn 0.1605 0.0429 0.9861
vn 0.4398 -0.1300 0.8887
vn 0.0373 0.9984 0.0433
vn 0.3795 0.9244 -0.0387
vn 0.9222 0.3856 0.0281
vn 0.9837 -0.1360 0.1178
vn 0.9720 0.2113 0.1027
vn 0.9484 0.0992 0.3010
vn 0.9447 0.0155 0.3276
vn 0.1929 0.0285 -0.9808
vn 0.4548 -0.1409 -0.8794
vn 0.5907 -0.0050 -0.8069
vn 0.3571 0.2701 -0.8941
vn 0.0814 -0.1595 -0.9838
vn 0.9362 -0.1088 -0.3342
vn 0.3362 -0.8128 -0.4758
vn 0.3641 -0.9270 -0.0904
vn 0.9372 0.1064 -0.3321
vn 0.3907 -0.2851 -0.8753
vn 0.0823 -0.3087 -0.9476
vn 0.9173 0.2402 0.3177
vn 0.9017 0.1304 0.4122
vn 0.8950 0.0784 0.4391
vn 0.4592 0.2710 -0.8460
vn 0.1998 0.0731 -0.9771
vn 0.6488 0.0598 -0.7586
vn 0.2610 0.8058 -0.5316
vn 0.3384 0.8537 -0.3958
vn 0.9451 0.1817 0.2715
vn 0.5144 0.0067 0.8575
vn 0.5585 0.2586 0.7882
vn 0.5446 0.2635 0.7962
vn 0.9347 -0.1629 -0.3159
vn 0.4575 -0.2755 -0.8454
vn 0.9991 -0.0008 0.0424
vn 0.9182 -0.3959 0.0111
vn 0.2704 0.8851 0.3788
vn 0.0746 0.6038 0.7937
vn 0.0445 0.7349 0.6767
vn 0.4384 -0.4103 0.7997
vn 0.1876 -0.2994 0.9355
vn 0.5301 -0.8477 0.0186
vn 0.5505 -0.7856 0.2824
vn 0.3816 -0.7269 -0.5709
vn 0.2900 -0.6832 -0.6701
vn 0.3813 -0.7297 -0.5676
vn 0.5214 0.5029 0.6894
vn 0.0457 -0.8503 -0.5243
vn 0.0854 -0.9072 -0.4121
vn 0.2716 -0.4825 0.8327
vn 0.5270 0.1312 0.8397
vn 0.1966 0.0191 0.9803
vn 0.5376 -0.5067 0.6740
vn 0.5144 -0.2773 0.8115
vn 0.4553 0.6289 -0.6302
vn 0.0815 0.7053 -0.7042
vn 0.3914 0.6502 -0.6512
vn 0.1935 0.5466 -0.8147
vn 0.5908 0.4731 -0.6536
vn 0.3571 0.2998 -0.8847
vn 0.1997 0.5081 -0.8378
vn 0.0820 0.3041 -0.9491
vn 0.3582 0.6716 -0.6485
vn 0.3900 0.2809 -0.8769
vn 0.9991 -0.0240 0.0353
vn 0.9991 -0.0239 0.0351
vn 0.9991 -0.0240 0.0350
vn 0.9991 -0.0407 0.0121
vn 0.9991 -0.0410 0.0121
vn 0.9655 -0.2468 0.0824
vn 0.9001 -0.3277 0.2872
vn 0.9211 -0.3681 0.1265
vn 0.6488 0.3919 -0.6523
vn 0.2619 -0.3461 -0.9009
vn 0.3663 -0.7257 -0.5824
vn 0.9727 -0.2288 -0.0386
vn 0.0820 0.9966 -0.0000
vn 0.3581 0.8225 -0.4418
vn 0.9343 -0.0566 -0.3520
vn 0.3363 0.9379 0.0851
vn 0.3654 0.8079 0.4624
vn 0.3564 0.8309 0.4273
vn 0.9183 0.3157 0.2390
vn 0.9230 -0.3289 -0.2000
vn 0.9838 0.0421 0.1741
vn 0.9333 0.2186 -0.2848
vn 0.3637 -0.3716 0.8542
vn 0.3564 -0.4107 0.8392
vn 0.3811 0.2415 -0.8924
vn 0.2894 0.1481 -0.9457
vn 0.3663 0.2336 -0.9007
vn 0.5865 0.7235 0.3641
vn 0.5375 0.6833 0.4941
vn 0.4538 0.8139 0.3629
vn 0.9448 0.3276 -0.0000
vn 0.9389 0.3299 -0.0983
vn 0.9227 0.1441 -0.3576
vn 0.9867 0.0695 0.1471
vn 0.9710 0.1636 -0.1745
vn 0.5030 0.8226 -0.2651
vn 0.4828 0.7109 -0.5114
vn 0.4777 0.8323 -0.2810
vn 0.1935 -0.9253 -0.3262
vn 0.4548 -0.8804 -0.1344
vn 0.5910 -0.7697 -0.2413
vn 0.3571 -0.7691 -0.5300
vn 0.0815 -0.9855 -0.1487
vn 0.9359 -0.3523 -0.0000
vn 0.3362 -0.7010 0.6289
vn 0.3627 -0.3692 0.8557
vn 0.9372 -0.2838 -0.2026
vn 1.0000 -0.0001 -0.0000
vn 0.3909 -0.9204 -0.0000
vn 0.0823 -0.9966 -0.0000
vn 0.9991 0.0401 0.0138
vn 0.9991 0.0404 0.0139
vn 0.9991 0.0401 0.0137
vn 0.9133 0.3832 -0.1377
vn 0.9033 0.4291 -0.0000
vn 0.8992 0.4349 0.0479
vn 0.4593 -0.7230 -0.5161
vn 0.1996 -0.9082 -0.3678
vn 0.6487 -0.7042 -0.2885
vn 0.2616 -0.2610 -0.9292
vn 0.3384 -0.1165 -0.9338
vn 0.0356 0.3493 -0.9363
vn 0.3809 0.2455 -0.8914
vn 0.0821 -0.8111 -0.5791
vn 0.3581 -0.9262 -0.1184
vn 0.4572 -0.8894 -0.0000
vn 0.9175 -0.1105 0.3820
vn 0.2709 0.6295 -0.7283
vn -0.0032 0.7381 -0.6746
vn 0.0033 0.7398 -0.6728
vn 0.4774 0.5507 0.6847
vn 0.4968 0.7042 0.5073
vn 0.5854 0.5723 0.5743
vn 0.3665 0.6865 -0.6280
vn 0.3564 0.6604 -0.6610
vn 0.3818 -0.7654 0.5181
vn 0.3045 -0.8379 0.4530
vn 0.3815 -0.7632 0.5216
vn 0.5197 0.8544 -0.0000
vn 0.5055 0.8628 -0.0000
vn 0.0304 -0.7738 0.6327
vn 0.0633 -0.6790 0.7314
vn 0.2704 -0.0906 0.9585
vn 0.0717 -0.5721 0.8170
vn 0.0398 -0.4173 0.9079
vn 0.5412 0.4849 0.6870
vn 0.5181 0.6859 0.5110
vn 0.4553 -0.4083 -0.7912
vn 0.0814 -0.4555 -0.8865
vn 0.3913 -0.4218 -0.8179
vn 0.1931 -0.6092 -0.7692
vn 0.5908 -0.4784 -0.6497
vn 0.3571 -0.7510 -0.5554
vn 0.2001 -0.6427 -0.7396
vn 0.3581 -0.4127 -0.8375
vn 0.3900 -0.7494 -0.5351
vn 0.9991 0.0263 0.0337
vn 0.9991 0.0261 0.0335
vn 0.9991 0.0260 0.0335
vn 0.9991 -0.0009 0.0425
vn 0.9991 -0.0009 0.0427
vn 0.9669 -0.0093 0.2550
vn 0.8973 0.1785 0.4036
vn 0.9164 -0.0069 0.4001
vn 0.6489 -0.5013 -0.5724
vn 0.2620 -0.9635 0.0546
vn 0.3663 -0.7760 0.5134
vn 0.9723 -0.1073 0.2075
vn 0.3581 -0.1697 -0.9181
vn 0.9342 -0.3526 -0.0536
vn 0.3361 0.3672 -0.8673
vn 0.9187 0.3229 -0.2273
vn 0.9230 -0.2907 0.2521
vn 0.9871 0.1591 0.0195
vn 0.9334 -0.2045 -0.2950
vn 0.5132 -0.2487 0.8214
vn 0.5349 0.0045 0.8449
vn 0.9835 -0.0570 0.1714
vn 0.8819 -0.1943 0.4295
vn 0.9830 -0.0698 0.1698
vn 0.9291 -0.2985 0.2184
vn 0.9661 -0.1334 0.2212
vn 0.8893 -0.4126 0.1971
vn 0.9659 0.1670 0.1980
vn 0.8521 0.1829 0.4903
vn 0.9384 -0.3448 0.0240
vn 0.8849 -0.4659 0.0008
vn 0.9139 -0.4059 -0.0009
vn -0.0000 -0.8120 0.5836
vn -0.0000 -0.8799 0.4751
vn 0.9676 0.2307 -0.1026
vn 0.8929 0.4420 0.0851
vn 0.7246 0.5605 0.4011
vn 0.7576 0.4861 0.4357
vn 0.9292 0.1162 0.3507
vn 0.9837 -0.0428 0.1744
vn 0.8829 -0.1556 0.4430
vn 0.8179 0.4255 0.3873
vn 0.6970 0.6235 0.3541
vn 0.3654 -0.1938 0.9104
vn 0.3564 -0.1534 0.9217
vn 0.3804 0.3222 -0.8669
vn 0.2900 0.4299 -0.8550
vn 0.3799 0.3183 -0.8685
vn 0.4410 -0.8853 0.1478
vn 0.4315 -0.8773 0.2103
vn 0.0419 0.2448 -0.9687
vn 0.0768 0.1216 -0.9896
vn 0.2706 -0.9403 0.2064
vn 0.0659 -0.9532 -0.2952
vn 0.0330 -0.9924 -0.1184
vn 0.5602 -0.6693 -0.4881
vn 0.5319 -0.8032 -0.2681
vn 0.5473 -0.6771 -0.4919
vn 0.4549 0.7944 0.4024
vn 0.0823 0.8082 0.5831
vn 0.0815 0.8883 0.4520
vn 0.3572 0.9339 0.0155
vn 0.1933 0.9427 0.2720
vn 0.5909 0.7668 0.2509
vn 0.3906 0.7466 0.5385
vn 0.3919 0.8206 0.4160
vn 0.2003 0.9527 0.2284
vn 0.9343 0.3180 0.1613
vn 0.9334 0.3379 0.1212
vn 0.9168 -0.2337 -0.3238
vn 0.8995 -0.3547 -0.2551
vn 0.9291 -0.2985 -0.2184
vn 0.6490 0.7405 0.1744
vn 0.2612 0.7522 -0.6050
vn 0.3663 0.3332 -0.8688
vn 0.9448 -0.2039 -0.2564
vn 0.9721 -0.0329 -0.2322
vn 0.9488 -0.2562 -0.1851
vn 0.9362 0.2850 0.2055
vn 0.3362 0.2051 0.9192
vn 0.9182 -0.1313 0.3736
vn 0.9991 -0.0407 -0.0122
vn 0.9223 0.0907 -0.3756
vn 0.9838 -0.1532 0.0932
vn 0.5175 -0.5051 -0.6907
vn 0.3653 -0.9262 0.0931
vn 0.3563 -0.9245 0.1351
vn 0.3801 0.9240 0.0423
vn 0.2899 0.9453 0.1493
vn 0.3796 0.9243 0.0384
vn 0.9838 0.0421 -0.1741
vn 0.0351 0.9979 -0.0540
vn 0.0687 0.9800 -0.1870
vn 0.2718 0.8848 -0.3784
vn 0.0452 0.7360 -0.6755
vn 0.0749 0.6038 -0.7936
vn 0.5585 0.2586 -0.7881
vn 0.5143 0.0066 -0.8576
vn 0.5446 0.2634 -0.7962
vn 0.4549 -0.1409 0.8793
vn 0.0822 -0.3087 0.9476
vn 0.0816 -0.1594 0.9838
vn 0.3571 0.2701 0.8941
vn 0.1933 0.0285 0.9807
vn 0.5910 -0.0050 0.8066
vn 0.3906 -0.2851 0.8753
vn 0.3918 -0.1458 0.9084
vn 0.4593 0.2711 0.8459
vn 0.1998 0.0731 0.9771
vn 0.0820 0.3041 0.9491
vn 0.9373 0.1064 0.3320
vn 0.9171 0.2377 -0.3201
vn 0.9017 0.1304 -0.4122
vn 0.9293 0.1162 -0.3507
vn 0.6487 0.0598 0.7586
vn 0.2610 0.8058 0.5316
vn 0.3663 0.9290 0.0523
vn 0.9451 0.1817 -0.2716
vn 0.9720 0.2112 -0.1027
vn 0.9485 0.0991 -0.3010
vn 0.9362 -0.1088 0.3341
vn 0.9343 -0.0566 0.3520
vn 0.3362 -0.8128 0.4757
vn 0.9182 -0.3959 -0.0111
vn 0.9991 -0.0008 -0.0424
vn 0.9222 0.3856 -0.0281
vn 0.9837 -0.1361 -0.1178
vn 0.1609 0.0459 -0.9859
vn 0.3404 -0.2869 -0.8954
vn 0.4398 -0.1297 -0.8887
vn 0.4384 -0.4103 -0.7997
vn 0.1876 -0.2994 -0.9355
vn 0.1563 -0.6111 -0.7760
vn 0.5505 -0.7856 -0.2824
vn 0.5301 -0.8477 -0.0186
vn 0.3816 -0.7269 0.5709
vn 0.2890 -0.6847 0.6691
vn 0.3663 -0.7257 0.5824
vn 0.5213 0.5029 -0.6894
vn 0.0509 -0.8392 0.5414
vn 0.3817 -0.7299 0.5671
vn 0.9230 -0.3288 0.2000
vn 0.9727 -0.2288 0.0386
vn 0.5144 -0.2773 -0.8115
vn 0.5376 -0.5067 -0.6740
vn 0.4554 0.6289 0.6301
vn 0.4576 0.7211 0.5203
vn 0.0815 0.7053 0.7042
vn 0.1934 0.5467 0.8147
vn 0.5910 0.4728 0.6535
vn 0.3571 0.2997 0.8847
vn 0.2002 0.5082 0.8377
vn 0.6490 0.3919 0.6521
vn 0.3582 0.6717 0.6485
vn 0.9991 -0.0239 -0.0351
vn 0.9991 -0.0240 -0.0353
vn 0.9991 -0.0240 -0.0350
vn 0.9991 -0.0410 -0.0121
vn 0.9991 -0.0407 -0.0121
vn 0.8996 -0.3292 -0.2871
vn 0.9668 -0.2441 -0.0760
vn 0.9214 -0.3687 -0.1229
vn 0.2619 -0.3460 0.9009
vn 0.3384 -0.4648 0.8182
vn 0.9459 -0.3042 -0.1127
vn 0.3581 0.8226 0.4418
vn 0.3899 0.9209 -0.0000
vn 0.9334 -0.0124 0.3587
vn 0.3363 0.9379 -0.0851
vn 0.3654 0.8079 -0.4624
vn 0.3642 0.8069 -0.4650
vn 0.9183 0.3157 -0.2390
vn 0.2700 -0.4828 -0.8331
vn 0.0237 -0.3853 -0.9225
vn 0.0379 -0.3802 -0.9241
vn 0.9347 0.2512 0.2515
vn 0.3638 -0.3716 -0.8542
vn 0.3564 -0.4107 -0.8392
vn 0.3812 0.2415 0.8924
vn 0.2900 0.1466 0.9457
vn 0.3809 0.2454 0.8915
vn 0.9871 0.1591 -0.0195
vn 0.0289 0.3649 0.9306
vn 0.0507 0.4687 0.8819
vn 0.2720 0.6292 0.7281
vn 0.5105 0.8439 0.1653
vn 0.1769 0.9375 0.2997
vn 0.4777 0.8323 0.2811
vn 0.4548 -0.8804 0.1344
vn 0.0815 -0.9855 0.1487
vn 0.3571 -0.7691 0.5300
vn 0.1936 -0.9253 0.3262
vn 0.5910 -0.7698 0.2412
vn 0.3918 -0.9096 0.1386
vn 0.4592 -0.7230 0.5161
vn 0.1996 -0.9082 0.3679
vn 0.0820 -0.8112 0.5790
vn 0.9373 -0.2837 0.2026
vn 0.9991 0.0404 -0.0139
vn 0.9991 0.0401 -0.0138
vn 0.9991 0.0401 -0.0137
vn 0.9131 0.3853 0.1333
vn 0.9238 0.3830 -0.0000
vn 0.6486 -0.7043 0.2885
vn 0.2616 -0.2610 0.9292
vn 0.3662 0.2336 0.9007
vn 0.9389 0.3299 0.0983
vn 0.9710 0.1636 0.1745
vn 0.4828 0.7109 0.5114
vn 0.5030 0.8226 0.2651
vn 0.3581 -0.9261 0.1183
vn 0.3899 -0.7495 0.5351
vn 0.9342 -0.3526 0.0536
vn 0.3362 -0.7010 -0.6289
vn 0.9175 -0.1105 -0.3820
vn 0.9227 0.1441 0.3575
vn 0.9867 0.0694 -0.1471
vn 0.5864 0.7236 -0.3641
vn 0.5375 0.6833 -0.4941
vn 0.4968 0.7041 -0.5074
vn 0.4565 0.6060 -0.6515
vn 0.5853 0.5723 -0.5744
vn 0.3665 0.6865 0.6280
vn 0.3564 0.6604 0.6610
vn 0.3819 -0.7653 -0.5181
vn 0.3041 -0.8375 -0.4541
vn 0.3663 -0.7760 -0.5134
vn 0.0365 -0.7805 -0.6241
vn 0.3815 -0.7632 -0.5215
vn 0.9230 -0.2906 -0.2520
vn 0.9723 -0.1073 -0.2075
vn 0.5181 0.6859 -0.5110
vn 0.5412 0.4849 -0.6870
vn 0.4553 -0.4082 0.7912
vn 0.4575 -0.2755 0.8455
vn 0.0816 -0.4555 0.8865
vn 0.1931 -0.6092 0.7691
vn 0.5908 -0.4784 0.6497
vn 0.3571 -0.7510 0.5554
vn 0.2001 -0.6425 0.7397
vn 0.6489 -0.5012 0.5724
vn 0.3581 -0.4127 0.8375
vn 0.9991 0.0261 -0.0335
vn 0.9991 0.0263 -0.0337
vn 0.9991 0.0260 -0.0335
vn 0.9991 -0.0009 -0.0427
vn 0.9991 -0.0009 -0.0425
vn 0.8968 0.1780 -0.4051
vn 0.9677 -0.0262 -0.2507
vn 0.9167 -0.0125 -0.3993
vn 0.2621 -0.9635 -0.0546
vn 0.3384 -0.9210 -0.1930
vn 0.9447 0.0155 -0.3277
vn 0.3581 -0.1698 0.9181
vn 0.3899 0.2809 0.8770
vn 0.9333 -0.3455 0.0977
vn 0.3362 0.3672 0.8673
vn 0.3652 0.6887 0.6263
vn 0.9187 0.3229 0.2274
vn 0.9347 -0.1629 0.3160
vn 0.5349 0.0045 -0.8449
vn 0.5132 -0.2487 -0.8214
vn 0.8369 -0.0908 -0.5397
vn 0.9835 -0.0557 -0.1721
vn 0.9829 -0.0685 -0.1711
vn 0.9653 -0.1483 -0.2147
vn 0.8987 -0.3836 -0.2126
vn 0.9652 0.1583 -0.2082
vn 0.8955 0.0775 -0.4383
vn -0.0000 -0.8799 -0.4751
vn -0.0000 -0.8120 -0.5836
vn 0.9664 0.2411 0.0892
vn 0.8996 0.4339 -0.0485
vn 0.6747 0.5901 -0.4433
vn 0.7028 0.5326 -0.4716
vn 0.7587 0.5677 -0.3195
vn -0.0000 -1.0000 0.0022
vn -0.0000 -0.9877 -0.1566
vn -0.0000 -0.9843 -0.1765
vn 0.8829 -0.1555 -0.4430
vn 0.9838 -0.0417 -0.1746
vn 0.3564 0.8309 -0.4273
vn 0.9365 0.3443 0.0667
vn 0.9365 -0.2415 0.2544
vn 0.9365 0.1686 0.3075
vn 0.9365 -0.2415 -0.2544
vn 0.9365 0.3443 -0.0667
vn 0.9365 -0.3190 0.1457
vn 0.9365 0.1686 -0.3075
vn -0.0000 0.1603 -0.9871
vn -0.0000 0.3007 -0.9537
vn 0.9365 0.0415 -0.3483
vn 0.9365 0.0415 0.3482
vn 0.9365 -0.3190 -0.1458
vn -0.9223 -0.3400 0.1838
vn -1.0000 -0.0000 -0.0000
vn -0.0000 0.9494 -0.3139
vn 0.2026 0.8553 -0.4769
vn -0.0000 0.9680 -0.2508
vn 0.2028 0.7214 -0.6622
vn -0.0000 0.7936 -0.6085
vn 0.2686 0.7647 -0.5858
vn -0.0000 -0.1368 0.9906
vn -0.0000 -0.0269 0.9996
vn -0.0000 0.0119 0.9999
vn -0.0000 0.4144 -0.9101
vn -0.0000 0.5605 -0.8281
vn -0.0000 0.5767 -0.8169
vn -0.0000 -0.3306 0.9438
vn -0.0000 -0.4551 0.8905
vn -0.0000 -0.4632 0.8863
vn -0.0000 0.0119 -0.9999
vn -0.0000 -0.9382 0.3461
vn -0.0000 -0.9445 0.3286
vn 0.1797 0.7540 -0.6319
vn -0.0000 0.6884 -0.7254
vn -0.0000 -0.4957 0.8685
vn -0.0000 -0.6169 0.7871
vn -0.0000 0.2495 0.9684
vn -0.0000 0.1603 0.9871
vn -0.0000 -0.7439 -0.6682
vn -0.0000 -0.6169 -0.7871
vn -0.0000 -0.5937 -0.8047
vn -0.0000 0.9927 0.1207
vn -0.0000 0.9680 0.2508
vn -0.0000 0.9647 0.2634
vn -0.0000 -0.9382 -0.3461
vn -0.0000 -0.9666 -0.2563
vn -0.0000 0.9494 0.3139
vn -0.0000 -0.9840 0.1782
vn -0.0000 0.5766 0.8170
vn -0.0000 0.4758 0.8796
vn -0.0000 -0.0269 -0.9996
vn -0.0000 -0.1151 -0.9933
vn -0.0000 0.0215 -0.9998
vn -0.0000 0.0215 0.9998
vn -0.0000 -0.4632 -0.8863
vn -0.0000 -0.3306 -0.9438
vn -0.0000 0.5605 0.8281
vn -0.0000 0.6398 0.7685
vn 0.1390 0.7318 0.6672
vn -0.0000 -0.9445 -0.3285
vn -0.0000 -0.7439 0.6683
vn -0.0000 -0.5938 0.8046
vn -0.0000 -0.7439 0.6682
vn -0.0000 -0.4956 -0.8685
vn -0.0000 -0.4551 -0.8905
vn -0.0000 -0.9873 0.1588
vn -0.0000 -0.9666 0.2563
vn -0.0000 0.9647 -0.2634
vn -0.0000 0.9927 -0.1207
vn 0.9380 -0.3457 -0.0254
vn -0.0000 1.0000 -0.0000
vn -0.0000 -0.1368 -0.9906
vn -0.0000 -0.1152 0.9933
vn -0.0000 0.9045 -0.4264
vn -0.9185 -0.3903 -0.0628
vn -0.9216 0.1166 0.3702
vn -1.0000 0.0001 -0.0000
vn -0.9186 0.0632 0.3901
vn -0.9173 0.3609 0.1681
vn -0.9201 0.3105 0.2387
vn -0.9187 -0.3706 -0.1368
vn -0.9187 -0.3899 0.0637
vn -0.9224 -0.3863 0.0008
vn -0.9216 0.1167 -0.3702
vn -0.9206 0.1615 -0.3556
vn -0.9218 0.0082 0.3876
vn -0.9176 -0.0529 0.3939
vn -0.9218 0.0082 -0.3876
vn -0.9226 -0.1760 0.3434
vn -0.9173 0.3609 -0.1681
vn -0.9226 -0.1760 -0.3434
vn -0.9197 -0.1303 -0.3704
vn -0.9187 -0.3706 0.1368
vn -0.9223 -0.3400 -0.1838
vn -0.9214 0.3887 -0.0000
vn -0.9148 -0.2492 0.3179
vn -0.9204 0.3882 0.0471
vn -0.9206 0.3781 0.0977
vn -0.9204 0.3881 -0.0470
vn -0.9176 -0.0529 -0.3939
vn -0.9206 0.3782 -0.0977
vn -0.9214 0.2667 0.2825
vn -0.9214 0.2667 -0.2825
vn -0.9201 0.3106 -0.2387
vn -0.9205 0.1615 0.3557
vn -0.9183 0.2218 -0.3278
vn -0.9197 -0.1303 0.3704
vn -0.9186 0.0632 -0.3900
vn -0.9183 0.2218 0.3278
vn -0.9237 -0.2850 0.2559
vn -0.9195 -0.3190 0.2295
vn -0.9196 -0.3190 -0.2294
vn -0.9238 -0.2849 -0.2559
vn -0.9148 -0.2492 -0.3179
vn 0.6630 0.0810 -0.7442
vn 0.5975 0.3936 -0.6986
vn 0.8220 0.1089 0.5590
vn 0.8379 -0.2489 -0.4857
vn 0.7589 0.3875 -0.5234
vn 0.5859 0.7992 -0.1341
vn 0.5635 0.7623 -0.3183
vn 0.1229 0.6559 -0.7448
vn 0.6706 0.4435 0.5946
vn 0.2914 0.4296 0.8547
vn 0.5915 0.7049 0.3914
vn 0.7537 0.6010 0.2658
vn 0.6631 -0.6840 -0.3042
vn 0.5975 -0.5452 -0.5879
vn 0.8199 0.5688 0.0654
vn 0.8365 -0.5408 0.0887
vn 0.7589 -0.3802 -0.5288
vn 0.5858 0.1162 -0.8021
vn 0.5635 -0.0707 -0.8231
vn 0.1229 -0.5092 -0.8518
vn 0.6706 0.7016 -0.2410
vn 0.2893 0.9455 -0.1495
vn 0.5917 0.5879 -0.5515
vn 0.7536 0.4366 -0.4913
vn 0.6648 0.7319 0.1497
vn 0.2758 0.8827 0.3805
vn 0.5975 0.7855 -0.1614
vn 0.8253 -0.4947 -0.2722
vn 0.8387 0.3855 0.3846
vn 0.7590 0.6166 -0.2093
vn 0.5863 0.3718 -0.7197
vn 0.5634 0.5358 -0.6289
vn 0.1229 0.9093 -0.3975
vn 0.6710 -0.4308 -0.6035
vn 0.5915 -0.1576 -0.7907
vn 0.7536 -0.0697 -0.6537
vn 0.3384 -0.4647 -0.8182
vn 0.6632 -0.4983 0.5585
vn 0.5975 -0.7261 0.3403
vn 0.8181 0.2387 -0.5232
vn 0.8560 -0.0791 0.5108
vn 0.7588 -0.6195 0.2009
vn 0.5861 -0.7284 -0.3549
vn 0.5630 -0.8059 -0.1833
vn 0.1225 -0.9665 0.2256
vn 0.6706 -0.0155 -0.7416
vn 0.2904 0.1467 -0.9456
vn 0.5915 -0.3464 -0.7281
vn 0.7536 -0.3347 -0.5657
vn 0.6648 0.3658 -0.6513
vn 0.2743 0.6308 -0.7259
vn 0.5973 0.0860 -0.7974
vn 0.8223 -0.4135 0.3908
vn 0.8553 0.4578 -0.2426
vn 0.7588 -0.0112 -0.6512
vn 0.5863 -0.5718 -0.5738
vn 0.5637 -0.4358 -0.7017
vn 0.1231 -0.1015 -0.9872
vn 0.6768 -0.6813 0.2790
vn 0.6245 -0.7810 0.0084
vn 0.7536 -0.6437 -0.1331
vn 0.3384 -0.9210 0.1930
vn 0.7097 0.2664 0.6522
vn 0.6121 0.5824 0.5349
vn 0.6921 -0.3576 0.6270
vn 0.8334 -0.2530 0.4913
vn 0.6063 -0.6054 0.5157
vn 0.7023 0.1508 0.6957
vn 0.8459 0.1284 0.5177
vn 0.6144 -0.1318 0.7779
vn 0.4743 0.8347 0.2798
vn 0.1798 0.7540 0.6317
vn 0.6648 0.0807 0.7426
vn 0.2750 -0.0928 0.9569
vn 0.5974 0.3936 0.6987
vn 0.8220 0.1089 -0.5590
vn 0.8379 -0.2489 0.4857
vn 0.7589 0.3875 0.5234
vn 0.5858 0.7992 0.1341
vn 0.5635 0.7623 0.3184
vn 0.1229 0.6558 0.7448
vn 0.6710 0.4433 -0.5943
vn 0.5914 0.7050 -0.3914
vn 0.7537 0.6011 -0.2659
vn 0.3384 0.6373 -0.6923
vn 0.6648 -0.6826 0.3034
vn 0.2741 -0.9398 0.2040
vn 0.5976 -0.5453 0.5879
vn 0.8199 0.5688 -0.0654
vn 0.8364 -0.5409 -0.0887
vn 0.7589 -0.3802 0.5287
vn 0.5858 0.1162 0.8021
vn 0.5635 -0.0707 0.8231
vn 0.1228 -0.5092 0.8518
vn 0.6709 0.7014 0.2409
vn 0.5915 0.5877 0.5520
vn 0.7536 0.4366 0.4913
vn 0.3384 0.8537 0.3958
vn 0.6632 0.7333 -0.1498
vn 0.5974 0.7856 0.1614
vn 0.8253 -0.4947 0.2723
vn 0.8388 0.3854 -0.3846
vn 0.7589 0.6166 0.2093
vn 0.5862 0.3720 0.7197
vn 0.5635 0.5357 0.6289
vn 0.1229 0.9093 0.3975
vn 0.6706 -0.4309 0.6038
vn 0.2915 -0.6830 0.6697
vn 0.5917 -0.1580 0.7905
vn 0.7536 -0.0697 0.6536
vn 0.6648 -0.4973 -0.5575
vn 0.2773 -0.4789 -0.8329
vn 0.5975 -0.7260 -0.3403
vn 0.8181 0.2387 0.5232
vn 0.8560 -0.0791 -0.5108
vn 0.7589 -0.6194 -0.2008
vn 0.5861 -0.7284 0.3548
vn 0.5630 -0.8059 0.1833
vn 0.1225 -0.9665 -0.2257
vn 0.6710 -0.0155 0.7413
vn 0.5916 -0.3464 0.7281
vn 0.7536 -0.3347 0.5657
vn 0.3384 -0.1165 0.9338
vn 0.6632 0.3663 0.6527
vn 0.5974 0.0859 0.7973
vn 0.8224 -0.4134 -0.3909
vn 0.8553 0.4578 0.2426
vn 0.7588 -0.0116 0.6512
vn 0.5864 -0.5718 0.5738
vn 0.5638 -0.4357 0.7016
vn 0.1232 -0.1013 0.9872
vn 0.6765 -0.6815 -0.2791
vn 0.3041 -0.8381 -0.4529
vn 0.6242 -0.7812 -0.0083
vn 0.7536 -0.6438 0.1330
vn 0.7097 0.2664 -0.6522
vn 0.8540 0.1823 -0.4872
vn 0.6121 0.5824 -0.5349
vn 0.8336 -0.2530 -0.4911
vn 0.6922 -0.3575 -0.6269
vn 0.6064 -0.6054 -0.5156
vn 0.6891 -0.0828 -0.7199
vn 0.5896 0.2180 -0.7777
vn 0.6385 0.6138 -0.4642
vn 0.1839 0.8613 -0.4736
vn 0.8435 0.1299 -0.5213
vn 0.7023 0.1508 -0.6957
vn 0.6144 -0.1318 -0.7779
vn 0.6291 0.6256 -0.4614
vn 0.6739 -0.1202 -0.7290
vn 0.4893 -0.8721 -0.0000
vn 0.9334 0.3378 -0.1212
vn 0.6986 0.7156 -0.0000
vn 0.3919 0.8206 -0.4160
vn 0.6984 0.5803 -0.4189
vn 0.6977 0.6391 -0.3236
vn 0.7010 0.2330 0.6741
vn 0.6804 0.2619 0.6844
vn 0.6924 -0.1698 -0.7012
vn 0.6895 -0.1709 -0.7039
vn 0.4453 -0.2429 0.8618
vn 0.9667 -0.1497 0.2076
vn 0.0812 0.1244 0.9889
vn 0.3559 -0.2087 -0.9109
vn 0.6994 0.2332 0.6756
vn 0.4323 -0.8762 -0.2130
vn 0.0674 -0.5696 -0.8191
vn 0.0345 -0.4120 -0.9105
vn 0.6738 -0.7310 -0.1080
vn 0.4871 -0.2664 0.8317
vn 0.9334 -0.0124 -0.3587
vn 0.6986 0.2183 -0.6814
vn 0.3918 -0.1459 -0.9084
vn 0.6985 -0.2218 -0.6804
vn 0.6977 -0.1132 -0.7074
vn 0.7006 0.7134 -0.0163
vn 0.6803 0.7318 -0.0406
vn 0.6923 -0.7197 -0.0522
vn 0.6895 -0.7224 -0.0519
vn 0.4469 0.7465 0.4929
vn 0.9663 0.1508 0.2084
vn 0.0750 0.9797 0.1860
vn 0.3553 -0.9313 -0.0803
vn 0.6990 0.7149 -0.0160
vn 0.1565 -0.6131 0.7744
vn 0.6738 0.6577 0.3368
vn 0.6976 0.5060 -0.5072
vn 0.7030 -0.5694 -0.4262
vn 0.6804 -0.5719 -0.4582
vn 0.6925 0.6159 0.3756
vn 0.6895 0.6181 0.3775
vn 0.4500 -0.8930 0.0114
vn 0.3554 0.8046 0.4758
vn 0.7014 -0.5708 -0.4269
vn 0.6739 -0.3258 0.6631
vn 0.6155 0.6385 0.4621
vn 0.9333 -0.3455 -0.0976
vn 0.6986 -0.5823 -0.4158
vn 0.3917 -0.9096 -0.1386
vn 0.6983 -0.7158 -0.0000
vn 0.6975 -0.7084 -0.1083
vn 0.7022 0.2018 -0.6828
vn 0.6805 0.1845 -0.7092
vn 0.6899 -0.2703 0.6715
vn 0.6869 -0.2710 0.6743
vn 0.4165 0.7070 -0.5715
vn 0.9685 0.2353 -0.0819
vn 0.0576 0.4678 -0.8820
vn 0.3535 -0.3602 0.8633
vn 0.7006 0.2026 -0.6842
vn 0.6738 0.5215 -0.5235
vn 0.6975 -0.3287 -0.6368
vn 0.7033 -0.5793 0.4121
vn 0.6805 -0.6108 0.4048
vn 0.6941 0.5446 -0.4708
vn 0.6913 0.5469 -0.4723
vn 0.4307 -0.3018 0.8505
vn 0.3565 0.6975 -0.6216
vn 0.7016 -0.5805 0.4132
vn 0.2561 0.9665 -0.0188
vn 0.6930 0.6104 0.3835
vn 0.7245 -0.6068 0.3270
vn 0.7262 -0.6196 0.2977
vn 0.8769 -0.4798 0.0287
vn 0.7182 -0.6958 0.0018
vn 0.7240 0.2069 0.6580
vn 0.7258 0.1102 0.6790
vn 0.7191 -0.2289 0.6561
vn 0.7238 -0.5130 0.4616
vn 0.8860 -0.3357 0.3200
vn 0.7258 -0.4988 0.4738
vn 0.7240 0.6848 0.0830
vn 0.7245 0.6771 0.1293
vn 0.6641 0.6329 0.3980
vn 0.5242 0.7209 0.4533
vn 0.7236 0.2857 0.6283
vn 0.7166 -0.2884 0.6350
vn 0.6739 -0.1202 0.7290
vn 0.6984 0.5803 0.4188
vn 0.6977 0.6391 0.3236
vn 0.7010 0.2330 -0.6741
vn 0.6805 0.2619 -0.6844
vn 0.6924 -0.1698 0.7013
vn 0.6896 -0.1709 0.7038
vn 0.4358 -0.2731 -0.8576
vn 0.3554 -0.2077 0.9114
vn 0.6995 0.2332 -0.6756
vn 0.6738 -0.7310 0.1080
vn 0.4872 -0.2663 -0.8317
vn 0.6985 0.2183 0.6815
vn 0.6984 -0.2219 0.6804
vn 0.6977 -0.1132 0.7074
vn 0.7006 0.7134 0.0163
vn 0.6804 0.7317 0.0406
vn 0.6923 -0.7197 0.0522
vn 0.6894 -0.7225 0.0519
vn 0.4376 0.7347 -0.5184
vn 0.3553 -0.9313 0.0803
vn 0.6990 0.7150 0.0160
vn 0.6738 0.6577 -0.3369
vn 0.9334 0.2185 0.2847
vn 0.3913 0.6502 0.6512
vn 0.6976 0.5061 0.5072
vn 0.7030 -0.5694 0.4262
vn 0.6804 -0.5719 0.4582
vn 0.6925 0.6159 -0.3756
vn 0.6896 0.6180 -0.3775
vn 0.4618 -0.8868 0.0192
vn 0.0902 -0.9045 0.4168
vn 0.3554 0.8046 -0.4758
vn 0.7014 -0.5708 0.4269
vn 0.6739 -0.3258 -0.6631
vn 0.6154 0.6385 -0.4622
vn 0.6985 -0.5824 0.4158
vn 0.6975 -0.7083 0.1083
vn 0.7023 0.2018 0.6827
vn 0.6803 0.1846 0.7093
vn 0.6901 -0.2702 -0.6714
vn 0.6870 -0.2709 -0.6743
vn 0.4034 0.7333 0.5473
vn 0.3535 -0.3602 -0.8633
vn 0.7007 0.2026 0.6841
vn 0.2722 0.2912 -0.9171
vn 0.6927 0.5514 -0.4649
vn 0.6738 0.5214 0.5235
vn 0.4746 0.8291 -0.2955
vn 0.9334 -0.2045 0.2950
vn 0.3913 -0.4218 0.8179
vn 0.6975 -0.3287 0.6367
vn 0.7033 -0.5793 -0.4121
vn 0.6805 -0.6108 -0.4048
vn -0.0253 -0.2051 -0.9784
vn 0.0395 -0.4122 -0.9103
vn 0.6941 0.5445 0.4708
vn 0.6913 0.5468 0.4723
vn 0.4417 -0.3343 -0.8325
vn 0.9689 -0.0058 -0.2474
vn 0.0715 -0.6762 -0.7332
vn 0.3565 0.6975 0.6216
vn 0.7017 -0.5804 -0.4132
vn 0.7244 -0.6068 -0.3270
vn 0.8915 -0.4088 -0.1953
vn 0.7261 -0.6198 -0.2977
vn 0.7240 0.2069 -0.6581
vn 0.7259 0.1102 -0.6790
vn 0.7190 -0.2288 -0.6562
vn 0.7238 -0.5130 -0.4616
vn 0.8836 -0.3389 -0.3230
vn 0.7258 -0.4987 -0.4738
vn 0.7240 0.6848 -0.0830
vn 0.7247 0.6769 -0.1293
vn 0.8950 0.4381 -0.0844
vn 0.7236 0.2857 -0.6283
vn 0.8765 -0.4807 -0.0266
vn -0.7160 -0.6144 0.3316
vn -0.7172 -0.6538 0.2412
vn -0.7189 -0.6865 0.1090
vn -0.7193 -0.6947 0.0016
vn -0.7153 0.2101 0.6665
vn -0.7161 0.1121 0.6890
vn -0.7146 0.0153 0.6994
vn -0.7185 -0.0973 0.6887
vn -0.7194 -0.2289 0.6558
vn -0.7152 -0.5198 0.4672
vn -0.7191 -0.4286 0.5470
vn -0.7147 0.6994 -0.0000
vn -0.7151 0.6939 0.0845
vn -0.7155 0.6762 0.1756
vn -0.7207 0.6259 0.2980
vn -0.7217 0.5498 0.4207
vn -0.7183 0.4801 0.5035
vn -0.7161 0.2898 0.6350
vn -0.7163 0.2896 0.6348
vn -0.7175 0.3905 0.5768
vn -0.7166 -0.3167 0.6214
vn -0.7160 -0.6144 -0.3316
vn -0.7172 -0.6538 -0.2412
vn -0.7153 0.2102 -0.6665
vn -0.7162 0.1120 -0.6889
vn -0.7146 0.0153 -0.6994
vn -0.7185 -0.0973 -0.6887
vn -0.7194 -0.2290 -0.6558
vn -0.7154 -0.5197 -0.4671
vn -0.7191 -0.4286 -0.5470
vn -0.7151 0.6939 -0.0845
vn -0.7154 0.6763 -0.1756
vn -0.7206 0.6260 -0.2980
vn -0.7215 0.5499 -0.4207
vn -0.7184 0.4800 -0.5035
vn -0.7162 0.2897 -0.6349
vn -0.7176 0.3904 -0.5768
vn -0.7166 -0.3167 -0.6214
vn -0.7190 -0.6866 -0.1075
vn 0.9704 -0.2415 0.0014
vn 0.9704 0.2145 -0.1108
vn 0.9704 0.1945 -0.1430
vn 0.9704 -0.1697 0.1716
vn 0.9704 0.1085 -0.2157
vn 0.9704 0.0734 -0.2299
vn 0.9704 -0.1946 0.1430
vn 0.9704 -0.1408 0.1960
vn 0.9704 0.1408 -0.1961
vn 0.9704 -0.2145 0.1108
vn 0.9704 -0.1084 0.2156
vn 0.9704 -0.1962 -0.1408
vn 0.9704 0.0759 0.2291
vn 0.9704 0.1108 0.2145
vn 0.9704 0.1698 -0.1716
vn 0.9704 -0.2292 0.0759
vn 0.9704 -0.0733 0.2300
vn 0.9704 -0.1430 -0.1945
vn 0.9704 -0.1716 -0.1698
vn 0.9704 0.0391 0.2382
vn 0.9704 0.1429 0.1945
vn 0.9705 -0.2381 0.0391
vn 0.9704 -0.1108 -0.2144
vn 0.9704 -0.0364 0.2386
vn 0.9704 0.0013 0.2414
vn 0.9704 0.0364 -0.2386
vn 0.9704 0.1716 0.1697
vn 0.9704 0.2387 0.0364
vn 0.9704 0.2414 -0.0013
vn 0.9704 -0.0013 -0.2414
vn 0.9704 0.1962 0.1408
vn 0.9704 0.2301 0.0733
vn 0.9704 -0.2156 -0.1084
vn 0.9704 0.2382 -0.0391
vn 0.9704 -0.0391 -0.2381
vn 0.9704 0.2156 0.1084
vn 0.9705 -0.2299 -0.0733
vn 0.9704 0.2292 -0.0759
vn 0.9704 -0.0759 -0.2292
vn 0.9704 -0.2386 -0.0364
vn 0.8717 -0.3949 0.2903
vn 0.9642 -0.1866 0.1886
vn 0.8716 -0.3447 0.3486
vn 0.8718 0.4352 -0.2249
vn 0.9642 0.2137 -0.1570
vn 0.8716 0.3950 -0.2903
vn 0.8716 -0.4671 -0.1489
vn 0.9837 -0.1749 -0.0409
vn 0.8716 -0.4827 -0.0860
vn 0.9642 -0.1547 0.2153
vn 0.8717 -0.2860 0.3980
vn 0.8717 0.2199 -0.4379
vn 0.9642 0.0806 -0.2527
vn 0.8716 0.1490 -0.4670
vn 0.9642 -0.1190 0.2370
vn 0.8716 -0.2201 0.4380
vn 0.9642 0.1545 -0.2153
vn 0.9643 0.1191 -0.2365
vn 0.9642 0.0401 -0.2620
vn 0.8717 0.0740 -0.4844
vn 0.9642 -0.0807 0.2528
vn 0.8715 -0.1490 0.4671
vn 0.8716 0.3446 -0.3486
vn 0.8717 0.2858 -0.3981
vn 0.9642 -0.0015 -0.2653
vn 0.8716 -0.0027 -0.4902
vn 0.8716 0.4846 0.0739
vn 0.9641 0.2655 -0.0015
vn 0.8715 0.4904 -0.0027
vn 0.9642 0.1865 -0.1886
vn 0.8715 -0.0795 -0.4839
vn 0.9641 -0.0430 -0.2619
vn 0.8718 0.4668 0.1489
vn 0.9642 0.2621 0.0400
vn 0.8717 -0.4354 0.2248
vn 0.9642 -0.2135 0.1571
vn 0.8715 -0.1541 -0.4655
vn 0.9642 -0.0834 -0.2519
vn 0.9642 0.2370 0.1191
vn 0.9643 0.2523 0.0806
vn 0.8716 -0.4654 0.1541
vn 0.9643 -0.2354 0.1216
vn 0.8716 -0.3484 -0.3447
vn 0.9642 -0.2154 -0.1546
vn 0.8716 -0.3982 -0.2858
vn 0.8716 0.4380 0.2201
vn 0.9642 0.2155 0.1548
vn 0.8718 -0.4834 0.0794
vn 0.9642 -0.2518 0.0834
vn 0.8717 -0.2903 -0.3949
vn 0.9642 -0.1886 -0.1865
vn 0.8716 0.2249 0.4357
vn 0.9641 0.0836 0.2519
vn 0.9641 0.1217 0.2358
vn 0.9837 -0.1793 0.0151
vn 0.9643 -0.2613 0.0429
vn 0.9642 -0.1217 -0.2355
vn 0.9642 -0.1569 -0.2136
vn 0.8716 0.2904 0.3949
vn 0.9641 0.1575 0.2137
vn 0.8717 0.0793 0.4836
vn 0.8717 0.1542 0.4651
vn 0.8715 -0.2249 -0.4357
vn 0.8718 0.3483 0.3446
vn 0.9643 0.1883 0.1863
vn 0.8716 0.0027 0.4902
vn 0.9642 0.0428 0.2616
vn 0.8716 0.4838 -0.0793
vn 0.9642 0.2617 -0.0429
vn 0.8715 0.3983 0.2860
vn 0.9643 -0.0399 0.2620
vn 0.9642 0.0015 0.2653
vn 0.8719 0.4649 -0.1540
vn 0.9643 0.2515 -0.0833
vn 0.8718 -0.4377 -0.2201
vn 0.9643 -0.2366 -0.1191
vn 0.8717 -0.0739 0.4844
vn 0.9643 0.2352 -0.1216
vn 0.9642 -0.2527 -0.0806
vn 0.8716 -0.4900 0.0149
vn 0.0046 0.3650 0.9310
vn -0.0319 -0.9942 -0.1026
vn 0.0083 0.9978 -0.0665
vn -0.0344 0.8677 0.4959
vn 0.0068 -0.7743 -0.6327
vn 0.0454 -0.8470 -0.5296
vn -0.0365 -0.3977 0.9168
vn 0.9991 -0.0240 0.0354
vn 0.9991 -0.0411 0.0121
vn 0.3643 0.8069 0.4650
vn 0.9991 0.0404 0.0140
vn 0.0065 0.2425 -0.9701
vn -0.0287 0.7336 -0.6789
vn 0.3044 -0.8379 0.4530
vn 0.0132 -0.8402 0.5422
vn 0.0239 -0.7699 0.6377
vn -0.0333 -0.2067 0.9778
vn 0.9991 -0.0010 0.0428
vn 0.3652 0.6888 -0.6263
vn 0.2899 0.4298 -0.8551
vn 0.0072 0.3667 -0.9303
vn 0.0416 0.2450 -0.9686
vn -0.0319 -0.9942 0.1027
vn 0.3642 -0.1967 0.9103
vn 0.2899 0.9454 0.1493
vn 0.0104 0.9976 0.0684
vn 0.0270 0.9982 -0.0535
vn -0.0346 0.8676 -0.4961
vn 0.3641 -0.9270 0.0905
vn 0.0045 -0.7755 0.6313
vn 0.9991 -0.0240 -0.0354
vn 0.9669 -0.2456 -0.0693
vn -0.0354 -0.3982 -0.9166
vn 0.0092 0.2403 0.9707
vn 0.0245 0.3661 0.9302
vn -0.0296 0.7342 0.6783
vn 0.9991 0.0404 -0.0140
vn 0.3628 -0.3692 -0.8556
vn 0.0096 -0.8390 -0.5441
vn 0.9991 0.0264 -0.0337
vn 0.9991 -0.0010 -0.0428
vn 0.0001 -0.0269 0.9996
vn -0.0001 0.6398 -0.7685
vn -0.0000 0.2494 0.9684
vn -0.0000 0.9495 0.3139
vn 0.0004 0.9494 0.3140
vn -0.0001 0.9495 0.3139
vn 0.0003 -0.0269 -0.9996
vn 0.0001 -0.4958 -0.8684
vn 0.9380 -0.3458 -0.0261
vn 0.6712 0.4432 0.5942
vn 0.6712 0.7011 -0.2408
vn 0.6624 0.7340 0.1502
vn 0.6712 -0.0153 -0.7411
vn 0.6623 0.3670 -0.6532
vn 0.7242 -0.5601 0.4023
vn 0.7179 -0.6949 0.0416
vn 0.7236 0.6902 -0.0000
vn 0.5247 0.7205 0.4534
vn 0.7238 0.2069 0.6582
vn 0.6624 0.0810 0.7448
vn 0.6624 -0.6845 0.3043
vn 0.6712 -0.4307 0.6033
vn 0.6624 -0.4986 -0.5592
vn 0.6770 -0.6810 -0.2790
vn 0.7242 -0.5601 -0.4022
vn 0.7245 0.6771 -0.1293
vn 0.7175 -0.6955 -0.0385
vn -0.7163 -0.5668 0.4070
vn -0.7206 0.6260 0.2981
vn -0.7163 -0.5668 -0.4070
vn 0.3174 0.8166 -0.4821
vn -0.3579 0.6539 -0.6666
vn -0.3175 0.8166 -0.4821
vn -0.0000 -0.2588 0.9659
vn -0.0000 -0.0000 1.0000
vn -0.0000 0.2588 0.9659
vn -0.3907 0.4546 0.8004
vn 0.3174 -0.8166 -0.4821
vn -0.2816 -0.9252 -0.2544
vn -0.3174 -0.8166 -0.4821
vn 0.3579 0.6539 -0.6666
vn -0.3907 0.4546 -0.8004
vn 0.3907 0.4546 0.8004
vn -0.3579 0.6539 0.6666
vn 0.2816 -0.9252 -0.2544
vn -0.2668 -0.9638 -0.0000
vn 0.3907 0.4546 -0.8004
vn -0.0000 0.2588 -0.9659
vn 0.3579 0.6539 0.6666
vn -0.3174 0.8166 0.4821
vn 0.2668 -0.9637 -0.0000
vn -0.2816 -0.9252 0.2544
vn -0.0000 -0.0000 -1.0000
vn 0.3174 0.8166 0.4821
vn -0.2816 0.9252 0.2544
vn 0.2816 -0.9252 0.2544
vn -0.3174 -0.8166 0.4821
vn -0.0000 -0.2588 -0.9659
vn 0.2816 0.9252 0.2544
vn -0.2669 0.9637 -0.0000
vn 0.3174 -0.8166 0.4821
vn -0.3579 -0.6539 0.6666
vn -0.3907 -0.4546 -0.8004
vn 0.2668 0.9637 -0.0000
vn -0.2816 0.9252 -0.2544
vn 0.3579 -0.6539 0.6666
vn -0.3907 -0.4546 0.8004
vn 0.3907 -0.4546 -0.8004
vn -0.3579 -0.6539 -0.6666
vn 0.2816 0.9252 -0.2544
vn 0.3907 -0.4546 0.8004
vn 0.3579 -0.6539 -0.6666
vn -0.5465 0.8103 0.2116
vn -0.6749 -0.5286 0.5149
vn -0.6059 -0.6937 0.3895
vn -0.9303 -0.0972 -0.3536
vn -0.7676 -0.1602 -0.6205
vn -0.5466 0.8103 -0.2116
vn -0.5228 0.8524 -0.0000
vn -0.9199 -0.1998 0.3375
vn -0.9199 -0.1997 -0.3375
vn -0.6059 0.6936 -0.3895
vn -0.9303 -0.0972 0.3536
vn -0.7677 0.1602 0.6205
vn -0.9338 -0.0000 0.3578
vn -0.7775 -0.0000 0.6289
vn -0.6749 -0.5286 -0.5149
vn -0.6749 0.5286 -0.5149
vn -0.7677 -0.1602 0.6205
vn -0.9303 0.0972 0.3536
vn -0.6059 -0.6936 -0.3895
vn -0.9199 0.1997 -0.3375
vn -0.9199 0.1997 0.3375
vn -0.5465 -0.8103 -0.2116
vn -0.9303 0.0972 -0.3536
vn -0.6749 0.5286 0.5149
vn -0.5465 -0.8103 0.2116
vn -0.5228 -0.8525 -0.0000
vn -0.7677 0.1602 -0.6205
vn -0.9338 -0.0000 -0.3578
vn -0.6059 0.6936 0.3895
vn -0.7775 -0.0000 -0.6289
vn -0.3937 0.6500 -0.6500
vn -0.3937 0.7961 -0.4596
vn -0.3937 0.4596 0.7961
vn -0.3937 0.2379 0.8879
vn -0.3937 -0.9192 -0.0000
vn -0.3938 -0.8879 0.2379
vn -0.3937 0.4596 -0.7961
vn -0.3937 0.6500 0.6500
vn -0.3937 -0.7961 0.4596
vn -0.3937 0.2379 -0.8879
vn -0.3937 -0.0000 -0.9192
vn -0.3937 -0.2379 -0.8879
vn -0.3937 0.7961 0.4596
vn -0.3937 -0.6500 0.6500
vn -0.3937 -0.4596 -0.7961
vn -0.3937 0.8879 0.2379
vn -0.3937 -0.4596 0.7961
vn -0.3937 -0.6500 -0.6500
vn -0.3937 0.9192 -0.0000
vn -0.3936 0.8879 0.2379
vn -0.3937 -0.2379 0.8879
vn -0.3937 -0.7961 -0.4596
vn -0.3936 0.8879 -0.2379
vn -0.3937 -0.0000 0.9192
vn -0.3938 -0.8879 -0.2379
vn 0.5466 0.8103 0.2116
vn 0.6749 -0.5286 0.5149
vn 0.9303 -0.0972 -0.3536
vn 0.7677 -0.1602 -0.6205
vn 0.5466 0.8103 -0.2116
vn 0.9199 -0.1997 0.3375
vn 0.9199 -0.1997 -0.3375
vn 0.6059 0.6936 -0.3895
vn 0.9303 -0.0972 0.3536
vn 0.7677 -0.1602 0.6205
vn 0.9338 -0.0000 0.3578
vn 0.7677 0.1602 0.6205
vn 0.7775 -0.0000 0.6289
vn 0.6749 -0.5286 -0.5149
vn 0.6749 0.5286 -0.5149
vn 0.9303 0.0972 0.3536
vn 0.6059 -0.6936 -0.3895
vn 0.9199 0.1998 -0.3375
vn 0.9199 0.1997 0.3375
vn 0.5465 -0.8103 -0.2116
vn 0.9303 0.0972 -0.3536
vn 0.7677 0.1602 -0.6205
vn 0.6749 0.5286 0.5149
vn 0.5465 -0.8103 0.2116
vn 0.9338 -0.0000 -0.3578
vn 0.7775 -0.0000 -0.6289
vn 0.6059 0.6936 0.3895
vn 0.6059 -0.6936 0.3895
vn 0.3937 0.7961 -0.4596
vn 0.3937 0.6500 -0.6500
vn 0.3937 0.2379 0.8879
vn 0.3937 0.4596 0.7961
vn 0.3937 -0.9192 -0.0000
vn 0.3937 -0.8879 0.2379
vn 0.3937 0.4596 -0.7961
vn 0.3937 0.6500 0.6500
vn 0.3937 -0.7961 0.4596
vn 0.3937 0.2379 -0.8879
vn 0.3937 -0.0000 -0.9192
vn 0.3937 -0.2379 -0.8879
vn 0.3937 0.7961 0.4596
vn 0.3937 -0.6500 0.6500
vn 0.3937 -0.4596 -0.7961
vn 0.3937 0.8879 0.2379
vn 0.3937 -0.4596 0.7961
vn 0.3937 -0.6500 -0.6500
vn 0.3937 0.9192 -0.0000
vn 0.3937 -0.2379 0.8879
vn 0.3937 -0.7961 -0.4596
vn 0.3937 0.8879 -0.2379
vn 0.3937 -0.0000 0.9192
vn 0.3937 -0.8879 -0.2379
vn 0.5228 0.8524 -0.0000
vn 0.5228 -0.8525 -0.0000
vt 0.598111 0.363177
vt 0.616146 0.313265
vt 0.618270 0.362278
vt 0.668185 0.016250
vt 0.617887 0.033216
vt 0.618876 0.013201
vt 0.338265 0.495194
vt 0.298363 0.511600
vt 0.298731 0.491159
vt 0.636497 0.194244
vt 0.668067 0.036283
vt 0.008534 0.520572
vt 0.003712 0.487974
vt 0.010252 0.520179
vt 0.464750 0.549113
vt 0.485808 0.545045
vt 0.470000 0.559207
vt 0.662537 0.532610
vt 0.662065 0.565778
vt 0.661192 0.528628
vt 0.723084 0.532024
vt 0.667828 0.565582
vt 0.824304 0.641983
vt 0.825011 0.594149
vt 0.840898 0.598821
vt 0.144901 0.310723
vt 0.103419 0.319284
vt 0.103648 0.306496
vt 0.631083 0.361705
vt 0.631046 0.313195
vt 0.805709 0.676090
vt 0.809254 0.635190
vt 0.370288 0.489865
vt 0.340213 0.482598
vt 0.725506 0.607073
vt 0.669493 0.608212
vt 0.056955 0.310125
vt 0.058736 0.322747
vt 0.152788 0.213397
vt 0.187487 0.195863
vt 0.188465 0.213288
vt 0.661002 0.410893
vt 0.661760 0.459226
vt 0.660496 0.463231
vt 0.668273 0.001233
vt 0.619503 0.000488
vt 0.472347 0.523109
vt 0.456727 0.540770
vt 0.438026 0.530893
vt 0.435881 1.149168
vt 0.471532 1.155517
vt 0.437193 1.160696
vt 0.850785 0.547377
vt 0.834407 0.545320
vt 0.663733 0.608496
vt 0.717935 0.755529
vt 0.766900 0.731064
vt 0.728173 0.768666
vt 0.252286 0.604431
vt 0.257622 0.551242
vt 0.271297 0.596981
vt 0.366905 0.502114
vt 0.335149 0.515333
vt 0.785510 0.922997
vt 0.625251 0.903500
vt 0.614955 0.867167
vt 0.470297 0.514702
vt 0.432012 0.515973
vt 0.126799 0.510244
vt 0.118548 0.554092
vt 0.114127 0.510244
vt 0.438846 1.171104
vt 0.469576 0.506082
vt 0.431293 0.505559
vt 0.799987 0.872138
vt 0.804810 0.922152
vt 0.741495 0.612227
vt 0.791542 0.593157
vt 0.790881 0.613145
vt 0.318374 0.307957
vt 0.334856 0.347283
vt 0.314652 0.347055
vt 0.009786 0.787620
vt 0.005971 0.754543
vt 0.011212 0.787298
vt 0.770175 0.433997
vt 0.741283 0.592216
vt 0.533725 0.776340
vt 0.505374 0.596869
vt 0.521289 0.595729
vt 0.351218 0.403852
vt 0.354046 0.383305
vt 0.362308 0.401954
vt 0.799004 0.260156
vt 0.800744 0.227039
vt 0.800176 0.264190
vt 0.739245 0.259370
vt 0.795057 0.226996
vt 0.744491 0.258434
vt 0.699553 0.243321
vt 0.708862 0.229468
vt 0.110601 0.134240
vt 0.119340 0.175180
vt 0.106700 0.175037
vt 0.817083 0.921613
vt 0.814450 0.872092
vt 0.847993 0.441344
vt 0.818877 0.394890
vt 0.834437 0.389018
vt 0.095924 0.823447
vt 0.104563 0.868257
vt 0.091603 0.868313
vt 0.739843 0.182656
vt 0.795156 0.182690
vt 0.110600 0.221160
vt 0.123062 0.219317
vt 0.412787 0.264041
vt 0.447519 0.246834
vt 0.448630 0.265281
vt 0.796228 0.375419
vt 0.797096 0.331084
vt 0.798475 0.327464
vt 0.741654 0.627227
vt 0.790461 0.625840
vt 0.329253 0.389310
vt 0.340947 0.408949
vt 0.325977 0.423854
vt 0.219096 0.583074
vt 0.253353 0.593937
vt 0.218939 0.595181
vt 0.663347 0.204446
vt 0.656355 0.219560
vt 0.800843 0.182642
vt 0.810882 0.340465
vt 0.535062 0.796899
vt 0.486389 0.775265
vt 0.325021 0.279606
vt 0.338298 0.310903
vt 0.881055 0.889665
vt 0.815633 0.749870
vt 0.856447 0.753569
vt 0.320695 0.388631
vt 0.310062 0.424994
vt 0.096323 0.913140
vt 0.312339 0.386613
vt 0.300031 0.422460
vt 0.008222 0.788005
vt 0.003443 0.755114
vt 0.435078 1.137864
vt 0.470167 1.143505
vt 0.818510 0.221097
vt 0.874669 0.240359
vt 0.818269 0.238414
vt 0.254048 0.494622
vt 0.256894 0.514802
vt 0.219087 0.607258
vt 0.850837 0.377501
vt 0.809671 0.385856
vt 0.056227 0.028791
vt 0.020985 0.179327
vt 0.000510 0.188672
vt 0.638601 0.212215
vt 0.672043 0.214883
vt 0.670940 0.222910
vt 0.666510 0.653153
vt 0.672264 0.652774
vt 0.728255 0.651286
vt 0.670036 0.680010
vt 0.669064 0.683366
vt 0.730506 0.677915
vt 0.792159 0.415077
vt 0.790550 0.375064
vt 0.732444 0.412815
vt 0.735273 0.373549
vt 0.117581 0.104468
vt 0.123062 0.136082
vt 0.388492 0.764132
vt 0.336640 0.747012
vt 0.346446 0.734964
vt 0.237859 0.610071
vt 0.237761 0.555152
vt 0.154127 0.168601
vt 0.183666 0.178681
vt 0.149032 0.187645
vt 0.675691 0.733044
vt 0.674109 0.730806
vt 0.818692 0.208117
vt 0.873931 0.223104
vt 0.492364 0.550661
vt 0.473496 0.580053
vt 0.475675 0.531098
vt 0.666768 0.411022
vt 0.722340 0.459138
vt 0.026785 0.316983
vt 0.030005 0.329278
vt 0.770954 0.286591
vt 0.733436 0.270844
vt 0.880025 0.918898
vt 0.824494 0.911052
vt 0.880426 0.907546
vt 0.398346 0.746350
vt 0.359384 0.719093
vt 0.061582 0.342927
vt 0.035153 0.348935
vt 0.485697 0.590405
vt 0.852605 0.508546
vt 0.836136 0.508433
vt 0.290385 0.418530
vt 0.108685 0.825460
vt 0.125268 0.868167
vt 0.278184 0.408178
vt 0.304393 0.383304
vt 0.000952 0.020120
vt 0.054791 0.011546
vt 0.999882 0.778739
vt 1.051788 0.759414
vt 1.051113 0.778415
vt 1.083804 0.741106
vt 1.066911 0.702382
vt 1.087117 0.702382
vt 0.003136 0.934483
vt 0.007081 0.917997
vt 0.009333 0.919270
vt 0.578319 0.514705
vt 0.596202 0.506489
vt 0.597971 0.517150
vt 0.781895 0.580210
vt 0.603813 0.551630
vt 0.607510 0.535989
vt 0.400420 0.573221
vt 0.435540 0.567353
vt 0.435042 0.578319
vt 0.150654 0.728918
vt 0.180709 0.731734
vt 0.146958 0.729965
vt 0.151441 0.669048
vt 0.180891 0.726024
vt 0.162488 0.047499
vt 0.134673 0.085866
vt 0.124453 0.072752
vt 0.900973 0.570946
vt 0.891805 0.530507
vt 0.904446 0.530507
vt 0.053875 0.000573
vt 0.000510 0.006977
vt 0.562389 0.175132
vt 0.509557 0.189086
vt 0.508811 0.172365
vt 0.069025 0.001281
vt 0.077354 0.046634
vt 0.064258 0.046578
vt 0.222796 0.671944
vt 0.222822 0.727371
vt 0.816763 0.589193
vt 0.785170 0.633774
vt 0.801723 0.585311
vt 0.186936 0.263454
vt 0.227640 0.255798
vt 0.224588 0.272305
vt 0.249329 0.893608
vt 0.284594 0.896332
vt 0.287435 0.897869
vt 0.804742 0.621140
vt 0.855801 0.606540
vt 0.855373 0.618611
vt 1.029706 0.605151
vt 0.999652 0.759692
vt 0.576362 0.523113
vt 0.249777 0.887919
vt 0.285807 0.836466
vt 0.222728 0.733083
vt 0.342270 0.901840
vt 0.455713 0.180344
vt 0.766687 0.625308
vt 1.077454 0.769523
vt 1.063850 0.738365
vt 0.517687 0.969299
vt 0.459244 0.804937
vt 0.479848 0.813364
vt 0.573123 0.531101
vt 0.068628 0.091915
vt 0.568680 0.538473
vt 0.598454 0.560472
vt 0.008371 0.220065
vt 0.001027 0.204521
vt 0.002428 0.203751
vt 0.464455 0.981183
vt 0.516783 0.987574
vt 0.638039 0.687017
vt 0.586876 0.667076
vt 0.638247 0.667502
vt 0.318374 0.391192
vt 0.338298 0.388246
vt 0.204098 0.414024
vt 0.239730 0.406444
vt 0.238813 0.418023
vt 0.782188 0.838951
vt 0.803877 0.683492
vt 0.841305 0.673101
vt 0.867878 0.159608
vt 0.807558 0.000628
vt 0.845063 0.006918
vt 0.253521 0.607691
vt 0.219516 0.616865
vt 0.800085 0.133621
vt 0.794400 0.133774
vt 0.739093 0.134124
vt 0.797893 0.102563
vt 0.799010 0.098752
vt 0.738145 0.103390
vt 0.793584 0.000541
vt 0.795031 0.038329
vt 0.787912 0.000973
vt 0.735276 0.039601
vt 0.732656 0.002349
vt 0.894305 0.600787
vt 0.888492 0.569231
vt 0.726812 0.715781
vt 0.695102 0.760214
vt 0.686657 0.747061
vt 0.536065 0.812498
vt 0.484128 0.795541
vt 0.414506 0.219800
vt 0.444312 0.227904
vt 0.409091 0.235510
vt 0.796458 0.041385
vt 0.637883 0.701645
vt 0.587564 0.686562
vt 0.361337 0.378788
vt 0.383069 0.405074
vt 0.533116 0.560507
vt 0.546530 0.575727
vt 0.536259 0.580824
vt 0.985862 0.546939
vt 0.932635 0.501686
vt 0.992408 0.502959
vt 0.312892 0.422806
vt 0.325021 0.419543
vt 0.392542 0.202447
vt 0.366107 0.233740
vt 0.357800 0.219374
vt 0.711518 1.171075
vt 0.659767 1.153058
vt 0.712095 1.159449
vt 0.712961 0.700801
vt 0.675540 0.729714
vt 0.344412 0.414326
vt 0.591337 0.568760
vt 0.627251 0.190980
vt 0.622066 0.206767
vt 0.219518 0.572833
vt 0.253529 0.580149
vt 0.578381 0.576949
vt 0.563143 0.545048
vt 0.154611 0.006639
vt 0.135916 0.028468
vt 0.146097 0.004202
vt 0.149026 0.200668
vt 0.357425 0.398749
vt 0.383777 0.385163
vt 0.383110 0.402045
vt 0.422824 0.279021
vt 0.446542 0.282075
vt 0.040595 0.138039
vt 0.054156 0.113922
vt 0.048990 0.139284
vt 0.293589 0.218599
vt 0.276834 0.261755
vt 0.272666 0.218509
vt 0.366317 0.837825
vt 0.396025 0.855250
vt 0.367191 0.855468
vt 0.388035 0.451077
vt 0.419900 0.444180
vt 0.414083 0.461888
vt 0.298970 0.650055
vt 0.283197 0.676884
vt 0.290103 0.647269
vt 0.320580 1.040042
vt 0.304377 1.082891
vt 0.299875 1.040132
vt 0.408855 0.249929
vt 0.163282 0.007717
vt 0.149634 0.032927
vt 0.081901 0.003426
vt 0.098277 0.046724
vt 0.269578 0.671941
vt 0.281451 0.644545
vt 0.815839 0.179757
vt 0.867283 0.179072
vt 0.460918 0.947610
vt 0.406844 0.937876
vt 0.459880 0.929193
vt 0.276221 0.619483
vt 0.316525 0.636374
vt 0.279240 0.639902
vt 0.011917 0.519838
vt 0.006660 0.487367
vt 0.419151 0.787390
vt 0.457213 0.771518
vt 0.407063 0.591648
vt 0.352456 0.419295
vt 0.388507 0.427474
vt 0.280241 0.958590
vt 0.316411 0.960489
vt 0.314105 0.969440
vt 0.668164 0.272300
vt 0.677150 0.239794
vt 0.673914 0.272719
vt 0.727877 0.301394
vt 0.667372 0.299933
vt 0.665877 0.303189
vt 0.733104 0.241495
vt 0.729893 0.274168
vt 0.663725 0.364659
vt 0.620818 0.822981
vt 0.580612 0.816840
vt 0.615955 0.807126
vt 0.048509 0.441990
vt 0.080909 0.447608
vt 0.051853 0.454420
vt 0.363414 0.606710
vt 0.316291 0.615668
vt 0.316144 0.602713
vt 0.274332 0.606712
vt 0.060741 0.188879
vt 0.098770 0.198723
vt 0.059822 0.202226
vt 0.662626 0.360769
vt 0.461695 0.961416
vt 0.408815 0.956241
vt 0.456727 0.470634
vt 0.472159 0.489055
vt 0.438026 0.480300
vt 0.464750 0.462382
vt 0.475398 0.481067
vt 0.486311 0.836942
vt 0.537398 0.822651
vt 0.538159 0.839339
vt 0.583612 0.833207
vt 0.866904 0.191436
vt 0.682866 0.797826
vt 0.257622 0.458089
vt 0.252286 0.404852
vt 0.271297 0.412505
vt 0.083928 0.468027
vt 0.057200 0.474294
vt 0.432012 0.495153
vt 0.118548 0.466396
vt 0.648901 0.924243
vt 0.612548 0.927082
vt 0.646471 0.914096
vt 0.470202 0.497462
vt 0.356427 0.610516
vt 0.406097 0.612078
vt 0.005356 0.544262
vt 0.056157 0.559969
vt 0.005466 0.564002
vt 0.594229 0.327281
vt 0.610867 0.286850
vt 0.614639 0.324131
vt 0.311761 0.281804
vt 0.290385 0.249452
vt 0.300031 0.245631
vt 0.037218 0.718222
vt 0.000493 0.732415
vt 0.773360 0.986878
vt 0.615607 0.964785
vt 0.608926 0.928256
vt 0.471141 0.704415
vt 0.435845 0.708530
vt 0.437095 0.696973
vt 0.676406 0.734836
vt 0.716343 0.742220
vt 0.676152 0.740588
vt 0.643796 0.795755
vt 0.644466 0.735226
vt 0.640646 0.733873
vt 0.715198 0.798222
vt 0.675314 0.796603
vt 0.524029 0.732878
vt 0.572584 0.734075
vt 0.524095 0.738634
vt 0.347024 0.769765
vt 0.384895 0.809263
vt 0.337711 0.783653
vt 0.263789 0.785888
vt 0.255537 0.829737
vt 0.251117 0.785888
vt 0.385572 0.068252
vt 0.394840 0.115341
vt 0.381880 0.115570
vt 0.386153 0.157377
vt 0.398917 0.155406
vt 0.330221 1.017094
vt 0.367711 1.028517
vt 0.328683 1.031818
vt 0.835958 0.905748
vt 0.767896 0.905950
vt 0.771935 0.904725
vt 0.005274 0.529464
vt 0.055163 0.540242
vt 0.340947 0.259603
vt 0.328644 0.279107
vt 0.325977 0.244529
vt 0.351218 0.264815
vt 0.337203 0.279786
vt 0.200274 0.572345
vt 0.229181 0.617019
vt 0.213656 0.622896
vt 0.233161 0.664673
vt 0.247707 0.656743
vt 0.405481 0.625061
vt 0.296512 0.749118
vt 0.486389 0.236647
vt 0.535062 0.215573
vt 0.533725 0.236106
vt 0.405922 0.184433
vt 0.419327 0.152256
vt 0.425770 0.178957
vt 0.505374 0.415085
vt 0.060225 0.570164
vt 0.068477 0.614013
vt 0.055805 0.614013
vt 0.010347 0.949285
vt 0.011481 0.983790
vt 0.009651 0.983683
vt 0.013346 0.983930
vt 0.013590 0.949476
vt 0.016895 0.949723
vt 0.320094 0.279786
vt 0.310062 0.243210
vt 0.282642 0.949263
vt 0.318455 0.950060
vt 0.318801 0.759010
vt 0.266349 0.771117
vt 0.267798 0.752017
vt 0.361526 0.619483
vt 0.438548 0.686917
vt 0.282381 0.925596
vt 0.318267 0.778150
vt 0.359384 0.291386
vt 0.485697 0.421327
vt 0.473496 0.431541
vt 0.455734 0.763149
vt 0.419772 0.765779
vt 0.453589 0.752368
vt 0.377333 0.737586
vt 0.336430 0.746016
vt 0.335968 0.740275
vt 0.377707 0.743333
vt 0.338223 0.801989
vt 0.407353 0.737407
vt 0.410910 0.735986
vt 0.408769 0.797916
vt 0.476214 0.734962
vt 0.472207 0.733811
vt 0.477166 0.795515
vt 0.393508 0.187858
vt 0.336640 0.263231
vt 0.388492 0.246687
vt 0.346446 0.275381
vt 0.042449 0.282092
vt 0.042547 0.227183
vt 0.056974 0.232977
vt 0.098770 0.216470
vt 0.072417 0.232450
vt 0.062684 0.215059
vt 0.319202 0.744663
vt 0.268717 0.739888
vt 0.296560 0.289630
vt 0.274688 0.280472
vt 0.278184 0.259666
vt 0.290066 0.295245
vt 0.269438 0.290507
vt 0.724282 0.365686
vt 0.722801 0.411403
vt 0.393926 0.613864
vt 0.254042 0.697265
vt 0.267543 0.687703
vt 0.805942 0.985946
vt 0.793589 0.936235
vt 0.808156 0.936419
vt 0.398346 0.264569
vt 0.390582 0.626295
vt 0.358507 0.639902
vt 0.785398 0.810542
vt 0.615098 0.865701
vt 0.622479 0.846191
vt 0.499163 0.456987
vt 0.448502 0.829595
vt 0.488182 0.820386
vt 0.088722 0.614013
vt 0.072693 0.655839
vt 0.801482 0.860943
vt 0.805059 0.811441
vt 0.603008 0.977105
vt 0.553167 0.958587
vt 0.603231 0.956970
vt 1.083804 0.663658
vt 1.063850 0.666399
vt 0.568322 0.473698
vt 0.591337 0.444163
vt 0.598454 0.452531
vt 0.574331 0.794404
vt 0.610901 0.784918
vt 0.825804 0.743885
vt 0.682737 0.701806
vt 0.675919 0.681365
vt 0.237553 0.428776
vt 0.266470 0.733457
vt 0.266472 0.727744
vt 0.299136 0.672017
vt 0.299883 0.731917
vt 0.303943 0.733120
vt 0.266108 0.672314
vt 0.418600 0.729060
vt 0.372357 0.730146
vt 0.418283 0.723356
vt 0.221659 0.417813
vt 0.195800 0.466377
vt 0.205739 0.413149
vt 0.108627 0.648557
vt 0.100376 0.692405
vt 0.095955 0.648557
vt 0.785170 0.381520
vt 0.816763 0.426466
vt 0.801723 0.430170
vt 0.900973 0.490068
vt 0.888492 0.491783
vt 0.190188 0.238208
vt 0.186499 0.250570
vt 0.368568 0.731550
vt 0.602841 0.992197
vt 0.553811 0.978707
vt 0.402659 0.323973
vt 0.380863 0.317183
vt 0.412198 0.305241
vt 0.236133 0.437499
vt 0.202724 0.425813
vt 0.371114 0.670230
vt 0.416746 0.667960
vt 0.091197 0.104138
vt 0.103073 0.115668
vt 0.817561 0.812014
vt 0.225908 0.362918
vt 0.766687 0.389766
vt 0.781895 0.435036
vt 0.882142 0.463366
vt 0.868538 0.494524
vt 0.862697 0.468384
vt 0.603813 0.461433
vt 0.100376 0.604709
vt 0.033930 0.973171
vt 0.029856 0.987792
vt 0.031896 0.972655
vt 0.027237 0.987051
vt 0.030122 0.972153
vt 0.607510 0.477116
vt 0.572847 0.481070
vt 0.845989 0.689951
vt 0.844513 0.743256
vt 0.120693 0.059584
vt 0.104006 0.003216
vt 0.120836 0.001592
vt 0.593674 0.241935
vt 0.590152 0.287216
vt 0.400890 0.334614
vt 0.382912 0.325591
vt 0.906654 0.327163
vt 0.901720 0.459552
vt 0.842840 0.451028
vt 0.675540 0.284331
vt 0.578381 0.435828
vt 0.196766 0.912305
vt 0.230931 0.910696
vt 0.198163 0.921472
vt 0.757463 0.739003
vt 0.716680 0.736471
vt 0.757039 0.744746
vt 0.781206 0.742256
vt 0.784194 0.741253
vt 0.779137 0.802713
vt 0.461085 0.724429
vt 0.464705 0.725355
vt 0.458798 0.664581
vt 0.894305 0.460228
vt 0.695102 0.254073
vt 0.726812 0.298855
vt 0.686657 0.267122
vt 0.484127 0.216357
vt 0.536065 0.199995
vt 0.367710 1.047926
vt 0.340028 1.060562
vt 0.331354 1.046159
vt 0.656397 0.896304
vt 0.710776 0.891367
vt 0.660017 0.897230
vt 0.133203 0.057604
vt 0.131522 0.000559
vt 0.360845 0.289632
vt 0.362308 0.266838
vt 0.383069 0.263953
vt 0.353504 0.285114
vt 0.572401 0.794639
vt 0.524432 0.794664
vt 0.392530 0.037679
vt 0.398362 0.070060
vt 0.262043 0.306125
vt 0.298385 0.287543
vt 0.275144 0.316147
vt 0.856395 0.742856
vt 0.859509 0.690140
vt 0.712961 0.313666
vt 0.600301 0.212821
vt 0.614123 0.244825
vt 0.562713 0.467123
vt 0.195800 0.533756
vt 0.216468 0.569038
vt 0.274403 0.545702
vt 0.239668 0.547903
vt 0.240533 0.536655
vt 0.027479 0.353448
vt 0.045712 0.374724
vt 0.037410 0.377032
vt 0.261743 0.345267
vt 0.291226 0.353216
vt 0.256053 0.360754
vt 0.337212 1.000263
vt 0.365705 1.009937
vt 0.072693 0.572187
vt 0.112844 0.606732
vt 0.128872 0.648558
vt 0.364251 0.981026
vt 0.391487 0.994048
vt 0.362653 0.994266
vt 0.394531 0.395888
vt 0.424182 0.410936
vt 0.385500 0.410083
vt 0.343771 0.825057
vt 0.328076 0.797029
vt 0.337102 0.795727
vt 0.367976 0.921646
vt 0.396324 0.937018
vt 0.367490 0.937236
vt 0.040873 0.349139
vt 0.054188 0.373734
vt 0.112844 0.690383
vt 0.346180 0.794522
vt 0.793283 0.986309
vt 0.674897 0.783230
vt 0.212218 0.468376
vt 0.391844 0.794093
vt 0.560451 0.191714
vt 0.754723 0.719810
vt 0.240818 0.370097
vt 0.831755 0.444596
vt 0.354968 0.854205
vt 0.326948 0.836405
vt 0.355796 0.836440
vt 0.796503 0.348768
vt 0.307887 0.736960
vt 0.459117 0.196664
vt 0.222312 0.770352
vt 0.182843 0.825780
vt 0.177007 0.819827
vt 0.678053 0.084031
vt 0.682262 0.054591
vt 0.711237 0.088670
vt 0.681034 0.027340
vt 0.710526 0.039818
vt 0.681756 0.039662
vt 0.343243 0.080586
vt 0.376768 0.085108
vt 0.371522 0.113783
vt 0.356845 0.818957
vt 0.329231 0.803494
vt 0.358079 0.803529
vt 0.373091 0.067621
vt 0.344781 0.055249
vt 0.373974 0.055369
vt 0.354510 0.871470
vt 0.326120 0.854170
vt 0.396660 0.872769
vt 0.367826 0.872986
vt 0.676366 0.023781
vt 0.678905 0.000489
vt 0.709804 0.027496
vt 0.380315 0.033461
vt 0.346954 0.030016
vt 0.371132 0.151383
vt 0.341994 0.131448
vt 0.371188 0.131567
vt 0.357800 0.999345
vt 0.327824 0.984850
vt 0.356672 0.984884
vt 0.326574 0.966809
vt 0.355422 0.966843
vt 0.681294 0.143064
vt 0.709121 0.161500
vt 0.680351 0.161344
vt 0.394457 0.966863
vt 0.361474 0.963141
vt 0.707078 0.190876
vt 0.674189 0.186834
vt 0.368202 0.906825
vt 0.396810 0.921429
vt 0.327997 0.818922
vt 0.371633 0.191268
vt 0.342072 0.171756
vt 0.371266 0.171876
vt 0.358836 0.875911
vt 0.353953 0.904938
vt 0.325662 0.871435
vt 0.342329 0.113663
vt 0.354366 0.934461
vt 0.325177 0.919499
vt 0.354025 0.919533
vt 0.342439 0.191148
vt 0.376243 0.195360
vt 0.372831 0.222210
vt 0.365623 0.967081
vt 0.393085 0.980808
vt 0.365077 0.821167
vt 0.395151 0.837608
vt 0.363457 0.801860
vt 0.393911 0.820949
vt 0.358904 0.938709
vt 0.325518 0.934427
vt 0.397036 0.906607
vt 0.363755 0.902353
vt 0.682467 0.088515
vt 0.711072 0.108523
vt 0.682302 0.108367
vt 0.249468 0.285797
vt 0.252579 0.313673
vt 0.244302 0.311159
vt 0.710670 0.126076
vt 0.681900 0.125920
vt 0.325105 0.904904
vt 0.710064 0.143220
vt 0.372437 0.080706
vt 0.343897 0.067501
vt 0.131016 0.468418
vt 0.147044 0.510244
vt 0.711032 0.054747
vt 0.153696 0.736581
vt 0.151091 0.805010
vt 0.143906 0.803539
vt 0.244757 0.935350
vt 0.192143 0.891753
vt 0.253684 0.919449
vt 0.168952 0.993294
vt 0.158126 0.925246
vt 0.183176 0.988888
vt 0.122050 0.736583
vt 0.128640 0.803538
vt 0.182514 0.906891
vt 0.187836 0.899423
vt 0.181966 0.744005
vt 0.168592 0.739630
vt 0.004827 0.872343
vt 0.073048 0.878145
vt 0.006808 0.891242
vt 0.072116 0.860233
vt 0.072090 0.869028
vt 0.259024 0.903749
vt 0.198186 0.869383
vt 0.266212 0.873079
vt 0.007960 0.837819
vt 0.077866 0.837787
vt 0.073601 0.852373
vt 0.263855 0.845377
vt 0.198234 0.862822
vt 0.197048 0.856019
vt 0.042308 0.960038
vt 0.085248 0.906108
vt 0.090175 0.911329
vt 0.032489 0.784620
vt 0.081054 0.832050
vt 0.023406 0.795690
vt 0.170835 0.814619
vt 0.209520 0.759553
vt 0.105595 0.739701
vt 0.120702 0.805042
vt 0.101988 0.990507
vt 0.111287 0.923568
vt 0.118962 0.926031
vt 0.193006 0.841154
vt 0.255476 0.814562
vt 0.096272 0.815751
vt 0.085436 0.826710
vt 0.118355 0.993878
vt 0.135837 0.928294
vt 0.136970 0.995202
vt 0.086077 0.985402
vt 0.103154 0.919711
vt 0.016800 0.807582
vt 0.151265 0.927372
vt 0.069217 0.977410
vt 0.195021 0.982646
vt 0.163840 0.922235
vt 0.024850 0.937959
vt 0.032092 0.949214
vt 0.126858 0.927657
vt 0.233728 0.950832
vt 0.176388 0.913375
vt 0.075190 0.886800
vt 0.011245 0.909185
vt 0.266314 0.859478
vt 0.194719 0.884179
vt 0.004881 0.854113
vt 0.221032 0.964275
vt 0.244452 0.796922
vt 0.234409 0.782692
vt 0.081754 0.900679
vt 0.112690 0.807357
vt 0.088987 0.744503
vt 0.187688 0.832644
vt 0.157543 0.807120
vt 0.073238 0.751960
vt 0.054954 0.761904
vt 0.105093 0.810954
vt 0.793423 0.535052
vt 0.793271 0.539633
vt 0.789768 0.538501
vt 0.442664 0.537945
vt 0.434563 0.537475
vt 0.233764 0.335462
vt 0.236700 0.344098
vt 0.229795 0.340704
vt 0.722743 0.463436
vt 0.727267 0.459337
vt 0.667176 0.523497
vt 0.671710 0.527808
vt 0.666580 0.467597
vt 0.671021 0.463307
vt 0.000488 0.407915
vt 0.000488 0.400960
vt 0.004021 0.403830
vt 0.723424 0.527358
vt 0.728003 0.531361
vt 0.199904 0.988258
vt 0.199904 0.994656
vt 0.196198 0.990640
vt 0.529278 0.593586
vt 0.526394 0.601248
vt 0.301027 0.425151
vt 0.304794 0.430584
vt 0.737138 0.324738
vt 0.737323 0.329811
vt 0.732536 0.328399
vt 0.794160 0.267785
vt 0.789843 0.263530
vt 0.792707 0.321876
vt 0.788168 0.325937
vt 0.796183 0.593714
vt 0.794988 0.589458
vt 0.790751 0.630169
vt 0.795106 0.626201
vt 0.886365 0.891869
vt 0.884919 0.886134
vt 0.468198 0.573511
vt 0.466115 0.581427
vt 0.297695 0.424056
vt 0.291509 0.426220
vt 0.885355 0.921036
vt 0.880441 0.924897
vt 0.809671 0.201122
vt 0.813484 0.211075
vt 0.819367 0.920948
vt 0.824697 0.923863
vt 0.815633 0.930817
vt 0.879858 0.237807
vt 0.878536 0.243755
vt 0.873770 0.206104
vt 0.878656 0.209772
vt 0.873463 0.212142
vt 0.000488 0.826903
vt 0.000488 0.821257
vt 0.004688 0.824864
vt 0.607564 0.527583
vt 0.613847 0.532672
vt 0.601849 0.560850
vt 0.608349 0.559043
vt 0.096069 0.664488
vt 0.090495 0.664591
vt 0.093166 0.659722
vt 0.799963 0.619223
vt 0.796372 0.627106
vt 0.098549 0.720277
vt 0.089282 0.724457
vt 0.095046 0.715584
vt 1.056552 0.760968
vt 1.055362 0.755810
vt 0.855626 0.623848
vt 0.860141 0.619972
vt 0.200456 0.685837
vt 0.200456 0.691617
vt 0.196354 0.689644
vt 0.375305 0.408103
vt 0.382172 0.412560
vt 0.599440 0.564130
vt 0.599771 0.570866
vt 0.930478 0.216974
vt 0.925829 0.213863
vt 0.930588 0.211476
vt 0.788695 0.100577
vt 0.792952 0.096694
vt 0.790774 0.047698
vt 0.786180 0.043995
vt 0.777352 0.840149
vt 0.779647 0.835557
vt 0.587615 0.703926
vt 0.583162 0.699942
vt 0.588000 0.698939
vt 0.571542 0.286403
vt 0.566834 0.285658
vt 0.571408 0.281292
vt 0.000488 0.484863
vt 0.000488 0.478167
vt 0.005009 0.481839
vt 0.376338 0.189793
vt 0.000488 0.252536
vt 0.000488 0.244634
vt 0.004746 0.248198
vt 0.872618 0.160843
vt 0.871431 0.155937
vt 0.247352 0.301482
vt 0.242714 0.308425
vt 0.239251 0.301857
vt 0.233764 0.331936
vt 0.229795 0.326647
vt 0.236700 0.323278
vt 0.871659 0.192561
vt 0.867138 0.196513
vt 0.676321 0.305920
vt 0.671620 0.309662
vt 0.811282 0.192000
vt 0.816031 0.193915
vt 0.807558 0.199622
vt 0.000488 0.789957
vt 0.000488 0.784028
vt 0.004632 0.788058
vt 0.732734 0.303738
vt 0.728004 0.307007
vt 0.411821 0.591861
vt 0.410572 0.587916
vt 0.529278 0.418692
vt 0.521289 0.416404
vt 0.526394 0.410995
vt 0.006585 0.246973
vt 0.000908 0.243097
vt 0.006585 0.237568
vt 0.410261 0.625124
vt 0.405814 0.629094
vt 0.839778 0.907101
vt 0.834519 0.916161
vt 0.830304 0.911606
vt 0.775573 0.910729
vt 0.771372 0.915149
vt 0.004611 0.779365
vt 0.004611 0.785943
vt 0.000876 0.781690
vt 0.642573 0.800579
vt 0.638723 0.795991
vt 0.774070 0.991580
vt 0.769615 0.990337
vt 0.272886 0.266203
vt 0.270803 0.258261
vt 0.297695 0.244064
vt 0.291509 0.241828
vt 0.806523 0.990665
vt 0.810541 0.986265
vt 0.417099 0.741734
vt 0.413088 0.746365
vt 0.469471 0.739873
vt 0.473547 0.744217
vt 0.000488 0.516240
vt 0.000488 0.510002
vt 0.004427 0.512034
vt 0.414171 0.798057
vt 0.410610 0.802713
vt 0.000488 0.424720
vt 0.000488 0.418057
vt 0.004047 0.420870
vt 0.607564 0.485579
vt 0.613847 0.480558
vt 0.601849 0.452245
vt 0.608349 0.454124
vt 0.366291 0.669919
vt 0.370115 0.665288
vt 0.303759 0.722606
vt 0.308125 0.726940
vt 0.363380 0.725599
vt 0.367500 0.721060
vt 0.548616 0.958661
vt 0.549736 0.954912
vt 0.298988 0.667053
vt 0.303120 0.671451
vt 0.827577 0.748804
vt 0.822238 0.747569
vt 0.375305 0.260891
vt 0.382172 0.256510
vt 0.404128 0.277062
vt 0.396025 0.272288
vt 0.404459 0.270330
vt 0.861940 0.743104
vt 0.858079 0.747791
vt 0.000891 0.476639
vt 0.004178 0.472255
vt 0.009777 0.480639
vt 0.857027 0.685209
vt 0.865743 0.681365
vt 0.906654 0.463559
vt 0.905282 0.457176
vt 0.009777 0.424483
vt 0.004366 0.424294
vt 0.007144 0.419873
vt 0.195800 0.588230
vt 0.195800 0.581470
vt 0.200186 0.585052
vt 0.358773 0.905261
vt 0.358426 0.900507
vt 0.359161 0.933025
vt 0.870685 0.227167
vt 0.877574 0.226466
vt 0.873214 0.230902
vt 0.005919 0.995813
vt 0.001118 0.992757
vt 0.005919 0.989693
vt 0.674189 0.029523
vt 0.618141 0.366864
vt 0.460700 0.551853
vt 0.452296 0.543089
vt 0.010800 0.524658
vt 0.630773 0.366304
vt 0.852467 0.738903
vt 0.859045 0.780371
vt 0.854158 0.782226
vt 0.851580 0.701219
vt 0.855808 0.635106
vt 0.856504 0.700503
vt 0.850875 0.634882
vt 0.856314 0.582768
vt 0.075985 0.425106
vt 0.239251 0.365600
vt 0.077206 0.429230
vt 0.727722 0.412307
vt 0.723854 0.564768
vt 0.730392 0.605349
vt 0.857377 0.737653
vt 0.728761 0.563605
vt 0.672790 0.016315
vt 0.614902 0.001041
vt 0.614283 0.013561
vt 0.500106 0.602459
vt 0.630601 0.308613
vt 0.615522 0.308688
vt 0.146755 0.213387
vt 0.153340 0.222922
vt 0.162113 0.226874
vt 0.639772 0.203714
vt 0.672876 0.207240
vt 0.596218 0.313360
vt 0.595598 0.308786
vt 0.672876 0.001131
vt 0.044889 0.143885
vt 0.047971 0.144327
vt 0.429341 0.340809
vt 0.426512 0.308613
vt 0.435129 0.344224
vt 0.803561 0.927066
vt 0.352773 0.408536
vt 0.341837 0.413946
vt 0.333966 0.421711
vt 0.009829 0.792209
vt 0.815643 0.926543
vt 1.000875 0.398999
vt 0.996155 0.354517
vt 1.000975 0.353974
vt 0.804986 0.264809
vt 0.601191 0.176893
vt 0.619401 0.224573
vt 0.597343 0.179104
vt 0.537960 0.776472
vt 0.730517 0.371491
vt 0.739745 0.226625
vt 0.735024 0.183159
vt 0.988019 0.493751
vt 0.994316 0.432031
vt 0.805562 0.227124
vt 0.734927 0.226544
vt 0.932146 0.783057
vt 0.936595 0.764091
vt 0.936807 0.784102
vt 0.795521 0.613701
vt 0.486821 0.598095
vt 0.815216 0.867167
vt 0.800567 0.867220
vt 0.406727 0.263898
vt 0.414058 0.274859
vt 0.962097 0.597309
vt 0.928944 0.593540
vt 0.929710 0.586786
vt 0.995879 1.039095
vt 0.975955 1.044074
vt 0.976527 1.039163
vt 0.736998 0.626355
vt 0.733632 0.632103
vt 0.617930 0.900266
vt 0.129423 0.824852
vt 0.109068 0.821588
vt 0.466226 0.562402
vt 0.431291 1.151782
vt 0.429793 1.130617
vt 0.096133 0.819495
vt 0.820762 0.592873
vt 0.827408 0.445449
vt 0.831727 0.508382
vt 0.270803 0.409552
vt 0.164072 0.547218
vt 0.160561 0.544797
vt 0.636443 0.272721
vt 0.632096 0.273574
vt 0.132077 0.573596
vt 0.185715 0.605712
vt 0.190502 0.613526
vt 0.830023 0.544746
vt 0.252267 0.482000
vt 0.221081 0.484906
vt 0.251718 0.477942
vt 0.151134 0.563089
vt 0.147647 0.560707
vt 0.026236 0.330165
vt 0.022979 0.317678
vt 0.031371 0.349824
vt 0.196550 0.594615
vt 0.193180 0.592257
vt 0.143195 0.188960
vt 0.147381 0.175136
vt 0.434824 1.130583
vt 0.469073 1.128937
vt 0.401688 0.748688
vt 0.342959 0.732582
vt 0.333279 0.744509
vt 0.017680 0.785560
vt 0.011737 0.748353
vt 0.081522 0.089880
vt 0.102473 0.090500
vt 0.081904 0.093800
vt 0.244461 0.408327
vt 0.439773 0.580202
vt 0.440712 0.559245
vt 0.000528 0.198885
vt 0.068833 0.095916
vt 0.374403 0.908564
vt 0.418040 0.904958
vt 0.417026 0.909933
vt 0.399109 0.217660
vt 0.460051 0.201031
vt 0.400893 0.221730
vt 0.509776 0.193560
vt 0.783272 0.576191
vt 0.064502 0.092597
vt 0.181189 0.670608
vt 0.223735 0.666980
vt 0.293861 0.892152
vt 0.345966 0.900793
vt 0.368359 0.237581
vt 0.182689 0.665662
vt 0.803106 0.581337
vt 1.055876 0.779965
vt 0.404459 0.398991
vt 0.517649 0.528926
vt 0.396025 0.396885
vt 0.603849 0.468299
vt 0.588545 0.465771
vt 0.589858 0.461899
vt 0.181381 0.262080
vt 0.380797 0.445182
vt 0.382248 0.435329
vt 0.400954 0.561228
vt 0.435661 0.560887
vt 0.765386 0.629144
vt 0.804570 0.606864
vt 0.099209 0.470036
vt 0.094791 0.475394
vt 0.096277 0.469612
vt 0.016395 0.189321
vt 0.521919 0.985695
vt 0.548085 0.580411
vt 0.557620 0.573829
vt 0.559856 0.578357
vt 0.214431 0.584182
vt 0.215268 0.564421
vt 0.093361 0.468672
vt 0.521359 0.997128
vt 0.516206 0.999200
vt 1.000206 0.304238
vt 0.559950 0.196150
vt 0.620691 0.210991
vt 0.577484 0.584435
vt 0.672174 0.732357
vt 0.064905 0.000604
vt 0.654494 0.223602
vt 0.734284 0.135291
vt 0.833559 0.839377
vt 0.838215 0.857165
vt 0.833351 0.858892
vt 0.582730 0.687756
vt 0.062310 0.286214
vt 0.654556 1.168351
vt 0.654625 1.154345
vt 0.213543 0.078054
vt 0.207921 0.065101
vt 0.213779 0.063635
vt 0.212112 0.054260
vt 0.219194 0.047925
vt 0.645993 0.501226
vt 0.612043 0.504292
vt 0.645143 0.495280
vt 0.464538 0.962697
vt 0.459313 0.982470
vt 0.459403 0.963972
vt 0.642742 0.700090
vt 0.645993 0.707397
vt 0.474560 0.804769
vt 0.000555 0.938570
vt 0.001334 0.933439
vt 0.091846 0.822779
vt 0.361474 0.839541
vt 0.362328 0.856657
vt 0.362972 0.873657
vt 0.363227 0.906775
vt 0.363014 0.920715
vt 0.571249 0.303821
vt 0.566444 0.323258
vt 0.566500 0.303442
vt 0.163272 0.034812
vt 0.148808 0.037345
vt 0.187945 0.177552
vt 0.383257 0.349427
vt 0.373256 0.330288
vt 0.377353 0.328522
vt 0.872438 0.296818
vt 0.876606 0.314939
vt 0.871854 0.313505
vt 0.222854 0.291649
vt 0.218771 0.290013
vt 0.008663 0.236460
vt 0.000488 0.221329
vt 0.008671 0.223930
vt 0.566578 0.343751
vt 0.571201 0.323110
vt 0.571325 0.342997
vt 0.247524 0.036761
vt 0.249000 0.056029
vt 0.243421 0.038370
vt 0.134194 0.032594
vt 0.872028 0.180350
vt 0.460700 0.459651
vt 0.452296 0.468321
vt 0.457543 0.747496
vt 0.461695 0.768407
vt 0.537212 0.818146
vt 0.672773 0.779283
vt 0.614667 0.802840
vt 0.853035 0.530946
vt 0.857938 0.532644
vt 0.434563 0.473732
vt 0.272518 0.408452
vt 0.729181 0.367266
vt 0.273743 0.602570
vt 0.316117 0.598518
vt 0.668839 0.358880
vt 0.579824 0.812417
vt 0.079020 0.434837
vt 0.047447 0.437960
vt 0.078431 0.430695
vt 0.253478 0.400831
vt 0.404874 0.966251
vt 0.410066 0.967902
vt 0.403640 0.954760
vt 0.351842 0.589386
vt 0.348201 0.412524
vt 0.811092 0.177688
vt 0.054828 0.190215
vt 0.254544 0.351290
vt 0.422046 0.777196
vt 0.815583 0.160824
vt 0.810840 0.158774
vt 0.058166 0.228956
vt 0.043894 0.223245
vt 0.050949 0.145235
vt 0.017800 0.518219
vt 0.011850 0.481336
vt 0.410861 0.612319
vt 0.548085 0.432080
vt 0.536259 0.431478
vt 0.537149 0.426546
vt 0.011429 0.988441
vt 0.233371 0.615419
vt 0.837278 0.900928
vt 0.719341 0.904753
vt 0.772334 0.899890
vt 0.537959 0.236078
vt 0.524763 0.799501
vt 0.572023 0.799476
vt 0.382008 0.158026
vt 0.377678 0.115657
vt 0.251638 0.654590
vt 0.673611 0.801414
vt 0.200778 0.735877
vt 0.195884 0.715719
vt 0.200668 0.716137
vt 0.059306 0.528708
vt 0.054533 0.527714
vt 0.059929 0.541049
vt 0.356302 0.625558
vt 0.348201 0.629973
vt 0.486821 0.413703
vt 0.551739 0.782391
vt 0.546848 0.796589
vt 0.546981 0.781371
vt 0.324253 1.018221
vt 0.329713 1.006076
vt 0.195805 0.904290
vt 0.229261 0.899743
vt 0.356595 0.590398
vt 0.351669 0.609496
vt 0.195805 0.700759
vt 0.200586 0.701339
vt 0.639207 0.744286
vt 0.018350 0.984065
vt 0.022398 0.945212
vt 0.794029 0.991017
vt 0.265388 0.287776
vt 0.270914 0.277290
vt 0.320483 0.965167
vt 0.324320 0.945548
vt 0.452267 0.813408
vt 0.393732 0.789994
vt 0.453298 0.809034
vt 0.164072 0.119511
vt 0.160561 0.121949
vt 0.666417 0.900864
vt 0.667519 0.905686
vt 0.168731 0.430695
vt 0.120832 0.430838
vt 0.120805 0.426643
vt 0.488705 0.815914
vt 0.199715 0.437960
vt 0.168102 0.434835
vt 0.323920 0.758140
vt 0.263612 0.741265
vt 0.262705 0.753216
vt 0.813383 0.928256
vt 0.413037 0.282249
vt 0.571375 0.217891
vt 0.408501 0.289558
vt 0.806787 0.931702
vt 0.792056 0.931521
vt 0.056673 0.215047
vt 0.063833 0.227780
vt 0.285315 0.935949
vt 0.319772 0.941748
vt 0.987368 1.103396
vt 0.969420 1.107866
vt 0.967901 1.103156
vt 0.324320 0.743639
vt 0.003621 0.983080
vt 0.004390 0.944012
vt 0.804099 0.806751
vt 0.405484 0.334668
vt 0.407305 0.323517
vt 0.597971 0.495848
vt 0.031928 0.967973
vt 0.816412 0.807309
vt 0.461396 0.910313
vt 0.304096 0.738095
vt 0.369651 0.736502
vt 0.783272 0.439127
vt 0.415072 0.663051
vt 0.266084 0.738438
vt 0.266463 0.667346
vt 0.798543 1.128845
vt 0.802889 1.148442
vt 0.798320 1.148980
vt 0.549665 0.991369
vt 0.554220 0.991487
vt 0.549261 0.978783
vt 0.599771 0.442205
vt 0.996794 1.032818
vt 1.011904 1.037576
vt 0.997052 1.037500
vt 0.184469 0.238103
vt 0.191288 0.228257
vt 0.199219 0.224013
vt 0.577905 0.786119
vt 0.610186 0.777770
vt 0.781865 0.860849
vt 0.801740 0.865625
vt 0.782120 0.865525
vt 0.607405 0.991831
vt 0.554000 0.995303
vt 0.610901 0.996447
vt 0.030054 0.995019
vt 0.615261 0.851357
vt 0.846336 0.748181
vt 0.557620 0.438713
vt 0.559856 0.434266
vt 0.236130 0.533215
vt 0.234483 0.554915
vt 0.032383 0.988460
vt 0.212218 0.532381
vt 0.216651 0.468892
vt 0.216651 0.531990
vt 0.016906 0.296501
vt 0.030646 0.247171
vt 0.021339 0.297017
vt 0.480228 0.112456
vt 0.476862 0.109832
vt 0.456502 0.659722
vt 0.381421 0.067682
vt 0.737287 0.287638
vt 0.690893 0.245593
vt 0.746145 0.289887
vt 0.220840 0.568128
vt 0.388487 0.036636
vt 0.491345 0.095247
vt 0.488023 0.092634
vt 0.405850 0.037115
vt 0.393197 0.033811
vt 0.621082 0.214200
vt 0.601162 0.208990
vt 0.594456 0.366626
vt 0.541975 0.115763
vt 0.534730 0.129562
vt 0.531500 0.126980
vt 0.325316 1.045649
vt 0.331325 1.055765
vt 0.273534 0.557771
vt 0.239234 0.555737
vt 0.716165 0.316229
vt 0.499790 0.082198
vt 0.496391 0.079743
vt 0.040412 0.975440
vt 0.038385 0.996803
vt 0.478197 0.800339
vt 0.100256 0.180391
vt 0.095914 0.181341
vt 0.091554 0.164846
vt 0.095763 0.163393
vt 0.372121 1.028155
vt 0.370058 1.009067
vt 0.549822 1.043345
vt 0.554995 1.027600
vt 0.554513 1.044509
vt 0.358841 0.919014
vt 0.103200 0.216628
vt 0.292882 0.409539
vt 0.298512 0.388503
vt 0.297274 0.410363
vt 0.877614 0.280242
vt 0.872835 0.279732
vt 0.677523 0.107857
vt 0.677707 0.088660
vt 0.675373 0.055292
vt 0.674888 0.041212
vt 0.372121 1.048154
vt 0.172398 0.876051
vt 0.174128 0.895530
vt 0.169817 0.894586
vt 0.563288 1.093521
vt 0.557871 1.107176
vt 0.558326 1.092590
vt 0.225232 0.767163
vt 0.212012 0.756006
vt 0.183539 0.739941
vt 0.169719 0.735422
vt 0.248429 0.937667
vt 0.257656 0.921236
vt 0.263174 0.905012
vt 0.270600 0.873317
vt 0.270704 0.859263
vt 0.248113 0.794618
vt 0.259506 0.812847
vt 0.100893 0.994664
vt 0.117807 0.998146
vt 0.137043 0.999512
vt 0.170090 0.997536
vt 0.184787 0.992982
vt 0.197028 0.986534
vt 0.237030 0.953664
vt 0.223908 0.967554
vt 0.268163 0.844691
vt 0.104621 0.735490
vt 0.121625 0.732270
vt 0.000488 0.872557
vt 0.000543 0.853718
vt 0.003725 0.836879
vt 0.012861 0.805634
vt 0.019689 0.793346
vt 0.071183 0.748156
vt 0.052290 0.758431
vt 0.084452 0.989387
vt 0.067031 0.981126
vt 0.039228 0.963172
vt 0.028673 0.951986
vt 0.021189 0.940358
vt 0.002539 0.892086
vt 0.007127 0.910626
vt 0.029075 0.781905
vt 0.154326 0.732270
vt 0.342356 0.682119
vt 0.326328 0.723944
vt 0.322111 0.682119
vt 0.062310 0.379367
vt 0.274890 0.325587
vt 0.278311 0.334207
vt 0.274264 0.334207
vt 0.373010 0.301823
vt 0.373939 0.311046
vt 0.369750 0.304219
vt 0.284887 0.366595
vt 0.293341 0.370287
vt 0.290496 0.373170
vt 0.345558 0.281805
vt 0.351687 0.288747
vt 0.344329 0.285683
vt 0.280363 0.359223
vt 0.288147 0.364199
vt 0.299412 0.375487
vt 0.297052 0.378786
vt 0.358485 0.292931
vt 0.277035 0.351234
vt 0.283958 0.357372
vt 0.306211 0.379671
vt 0.287816 0.304216
vt 0.284529 0.301820
vt 0.337804 0.388632
vt 0.344864 0.382736
vt 0.346136 0.386614
vt 0.352189 0.379672
vt 0.364556 0.298131
vt 0.274985 0.342827
vt 0.280876 0.349974
vt 0.313568 0.382735
vt 0.298957 0.292929
vt 0.292943 0.298128
vt 0.337148 0.384605
vt 0.358941 0.375489
vt 0.367401 0.295248
vt 0.278978 0.342189
vt 0.305708 0.288745
vt 0.321305 0.384604
vt 0.329230 0.385233
vt 0.336592 0.283813
vt 0.367831 0.373173
vt 0.364954 0.370289
vt 0.578945 0.506086
vt 0.574319 0.514067
vt 0.574898 0.506086
vt 0.303851 0.285112
vt 0.328667 0.283185
vt 0.373368 0.366598
vt 0.370081 0.364201
vt 0.383007 0.342830
vt 0.377195 0.349978
vt 0.379007 0.342192
vt 0.283702 0.311043
vt 0.280086 0.309192
vt 0.379586 0.334211
vt 0.378919 0.326229
vt 0.320749 0.283813
vt 0.381050 0.351238
vt 0.374195 0.357375
vt 0.280702 0.318440
vt 0.276847 0.317180
vt 0.377021 0.318443
vt 0.313033 0.285682
vt 0.278890 0.326225
vt 0.377811 0.359226
vt 0.377535 0.309195
vt 0.291023 0.362069
vt 0.296384 0.367186
vt 0.295851 0.367728
vt 0.370763 0.312667
vt 0.366258 0.306767
vt 0.366869 0.306321
vt 0.284104 0.319539
vt 0.283168 0.326892
vt 0.282419 0.326775
vt 0.301935 0.371941
vt 0.301494 0.372562
vt 0.350080 0.291941
vt 0.343011 0.289816
vt 0.343241 0.289093
vt 0.308152 0.375767
vt 0.307812 0.376450
vt 0.355956 0.296444
vt 0.349740 0.292618
vt 0.335936 0.288106
vt 0.336050 0.287355
vt 0.314881 0.378569
vt 0.314651 0.379298
vt 0.362042 0.300662
vt 0.356399 0.295829
vt 0.328688 0.287532
vt 0.328685 0.286771
vt 0.375473 0.341616
vt 0.375254 0.334194
vt 0.376012 0.334197
vt 0.361508 0.301199
vt 0.321325 0.287355
vt 0.321447 0.288106
vt 0.373789 0.348852
vt 0.374724 0.341494
vt 0.287130 0.355724
vt 0.291634 0.361618
vt 0.314153 0.289092
vt 0.314391 0.289815
vt 0.370323 0.355378
vt 0.373067 0.348613
vt 0.284265 0.348849
vt 0.287802 0.355375
vt 0.295481 0.300660
vt 0.291331 0.306765
vt 0.290716 0.306319
vt 0.371001 0.355727
vt 0.366561 0.361620
vt 0.282501 0.341613
vt 0.284984 0.348610
vt 0.301070 0.295827
vt 0.296019 0.301197
vt 0.350547 0.376452
vt 0.343501 0.378570
vt 0.350199 0.375768
vt 0.282638 0.334191
vt 0.283249 0.341490
vt 0.307693 0.292617
vt 0.301519 0.296442
vt 0.356823 0.372563
vt 0.356373 0.371943
vt 0.336568 0.381036
vt 0.343739 0.379299
vt 0.307346 0.291939
vt 0.362412 0.367731
vt 0.361873 0.367188
vt 0.329208 0.381620
vt 0.336444 0.380279
vt 0.375391 0.326778
vt 0.374643 0.326895
vt 0.367177 0.362072
vt 0.321956 0.380279
vt 0.329204 0.380853
vt 0.373627 0.319542
vt 0.372908 0.319775
vt 0.286892 0.312664
vt 0.287569 0.313008
vt 0.321842 0.381036
vt 0.370090 0.313010
vt 0.284825 0.319772
vt 0.478480 0.498767
vt 0.480137 0.491647
vt 0.524258 0.506067
vt 0.497247 0.543816
vt 0.491696 0.539061
vt 0.538323 0.461691
vt 0.545052 0.464493
vt 0.477950 0.506066
vt 0.503464 0.547642
vt 0.551268 0.468319
vt 0.531248 0.459981
vt 0.510193 0.550444
vt 0.556820 0.473074
vt 0.524000 0.459407
vt 0.570566 0.506069
vt 0.570036 0.513369
vt 0.561570 0.478642
vt 0.516759 0.459981
vt 0.568379 0.520488
vt 0.486946 0.533493
vt 0.483114 0.527250
vt 0.509703 0.461690
vt 0.565635 0.527253
vt 0.480296 0.520485
vt 0.486643 0.478640
vt 0.491331 0.473072
vt 0.561873 0.533495
vt 0.478561 0.513365
vt 0.496831 0.468317
vt 0.545511 0.547643
vt 0.538813 0.550445
vt 0.503005 0.464492
vt 0.551685 0.543818
vt 0.531756 0.552154
vt 0.557185 0.539063
vt 0.524516 0.552728
vt 0.569955 0.498770
vt 0.517268 0.552154
vt 0.568220 0.491650
vt 0.482881 0.484883
vt 0.565402 0.484885
vt 0.281881 0.334194
vt 0.614384 0.036771
vt 0.000669 0.488666
vt 0.480199 0.538470
vt 0.142953 0.323319
vt 0.791589 0.667589
vt 0.361496 0.521699
vt 0.780643 0.872199
vt 0.782164 0.926509
vt 0.131016 0.552069
vt 0.473251 1.166364
vt 0.733632 0.421665
vt 0.344412 0.284823
vt 0.824223 0.893923
vt 0.109065 0.911016
vt 0.000671 0.755795
vt 0.001544 0.037701
vt 0.060108 0.031531
vt 0.793126 0.418470
vt 0.129709 0.107731
vt 0.381027 0.777587
vt 0.222732 0.558120
vt 0.177944 0.158413
vt 0.758574 0.297591
vt 0.129072 0.828676
vt 0.170795 0.061865
vt 0.799161 0.640174
vt 0.991684 0.596964
vt 0.251051 0.832580
vt 1.058009 0.764506
vt 0.521365 0.966231
vt 0.006303 0.221201
vt 0.205108 0.401346
vt 0.254033 0.619169
vt 0.882142 0.597648
vt 0.737287 0.727124
vt 0.482424 0.810888
vt 0.438733 0.210245
vt 0.541448 0.558489
vt 0.930585 0.545424
vt 0.305912 0.393035
vt 0.659705 1.166876
vt 0.254033 0.569310
vt 0.556649 0.550663
vt 0.348100 0.385272
vt 0.040595 0.111733
vt 0.297435 0.258504
vt 0.298970 0.679516
vt 0.324735 1.079498
vt 0.102473 0.006854
vt 0.402970 0.935017
vt 0.671406 0.239306
vt 0.479841 0.473695
vt 0.237761 0.453967
vt 0.615084 0.937654
vt 0.059694 0.563401
vt 0.774108 0.935991
vt 0.469715 0.717577
vt 0.576623 0.732850
vt 0.268005 0.827714
vt 0.472797 0.692963
vt 0.262648 0.774227
vt 0.379175 0.799326
vt 0.381026 0.233157
vt 0.027420 0.278963
vt 0.097570 0.237664
vt 0.385236 0.646169
vt 0.781910 0.807059
vt 0.491872 0.461505
vt 0.092612 0.652608
vt 0.827911 0.689700
vt 0.799161 0.375286
vt 0.228870 0.239061
vt 0.201162 0.435322
vt 0.816147 0.861014
vt 0.576175 0.489058
vt 0.104006 0.062226
vt 0.383633 0.334211
vt 0.866024 0.311563
vt 0.755576 0.800729
vt 0.482424 0.201000
vt 0.365129 1.066461
vt 0.713508 0.889726
vt 0.404989 0.040946
vt 0.286509 0.276013
vt 0.620219 0.218044
vt 0.556157 0.461507
vt 0.286866 0.336721
vt 0.360785 0.993536
vt 0.092612 0.575418
vt 0.132763 0.609963
vt 0.423041 0.392348
vt 0.328076 0.827654
vt 0.054188 0.347341
vt 0.132763 0.687153
vt 0.357319 0.820161
vt 0.677902 0.059027
vt 0.376096 0.109417
vt 0.674797 0.004001
vt 0.707674 0.000645
vt 0.376148 0.030136
vt 0.378711 0.052081
vt 0.341938 0.151264
vt 0.328951 0.999311
vt 0.362844 0.941242
vt 0.678308 0.190720
vt 0.675695 0.165182
vt 0.343637 0.222090
vt 0.377125 0.218154
vt 0.392291 0.801642
vt 0.359683 0.962606
vt 0.363479 0.877525
vt 0.263683 0.289792
vt 0.150935 0.471649
vt 0.597959 0.367758
vt 0.000669 0.526953
vt 0.851389 0.581791
vt 0.242714 0.359018
vt 0.672677 0.036328
vt 0.613293 0.033580
vt 0.482359 0.775181
vt 0.143195 0.201291
vt 0.421770 0.309450
vt 0.784258 0.927902
vt 0.000671 0.794447
vt 0.996056 0.398914
vt 0.803261 0.328992
vt 0.623565 0.223015
vt 0.989472 0.439660
vt 0.734435 0.258790
vt 0.931928 0.763056
vt 0.403019 0.250540
vt 0.965487 0.605872
vt 0.995299 1.044013
vt 0.736834 0.611182
vt 0.608868 0.868277
vt 0.733104 0.648956
vt 0.141328 0.575137
vt 0.222097 0.488858
vt 0.189207 0.607929
vt 0.473251 1.120486
vt 0.391862 0.766490
vt 0.102123 0.086629
vt 0.243588 0.419384
vt 0.008371 0.194590
vt 0.376021 0.903609
vt 0.060066 0.046581
vt 0.340745 0.895545
vt 0.153395 0.664127
vt 0.860564 0.608090
vt 0.520853 0.526456
vt 0.602353 0.472132
vt 0.180972 0.249845
vt 0.376693 0.433955
vt 0.396474 0.554156
vt 0.783857 0.637646
vt 0.799786 0.604776
vt 0.103658 0.478180
vt 0.001710 0.195939
vt 0.522814 0.967428
vt 0.086139 0.472670
vt 0.995397 0.305496
vt 0.733351 0.105025
vt 0.838430 0.837650
vt 0.582040 0.668274
vt 0.735166 0.045099
vt 0.061168 0.290137
vt 0.207707 0.078665
vt 0.608565 0.511617
vt 0.642903 0.685290
vt 0.018330 0.790278
vt 0.460226 0.798022
vt 0.009333 0.943586
vt 0.087460 0.868318
vt 0.163282 0.039344
vt 0.191888 0.195290
vt 0.378978 0.350556
vt 0.877212 0.297795
vt 0.228870 0.273336
vt 0.000488 0.234613
vt 0.253318 0.055103
vt 0.020647 0.522621
vt 0.401666 0.936388
vt 0.053969 0.202895
vt 0.250140 0.362090
vt 0.057267 0.141798
vt 0.546530 0.436690
vt 0.022398 0.989248
vt 0.718984 0.899918
vt 0.271192 0.685111
vt 0.195987 0.735435
vt 0.060924 0.560781
vt 0.401688 0.262326
vt 0.551614 0.797433
vt 0.322812 1.032157
vt 0.232530 0.890097
vt 0.198614 0.441989
vt 0.323396 0.777247
vt 0.261254 0.772322
vt 0.570074 0.214097
vt 0.988901 1.108110
vt 0.784429 0.805858
vt 0.602617 0.495392
vt 0.021961 0.965160
vt 0.461782 0.905332
vt 0.420401 0.733977
vt 0.803117 1.128322
vt 1.011459 1.032889
vt 0.607577 0.976567
vt 0.021961 0.992712
vt 0.609116 0.864940
vt 0.026347 0.245938
vt 0.545108 0.118505
vt 0.277485 0.566895
vt 0.730042 0.301437
vt 0.000580 0.987790
vt 0.041803 0.970538
vt 0.103200 0.198307
vt 0.550280 1.026080
vt 0.294082 0.388345
vt 0.176809 0.876279
vt 0.562802 1.109111
vt 0.237735 0.779913
vt 0.087459 0.740451
vt 0.346247 0.720713
vt 0.061168 0.375489
vt 0.159285 0.774871
vt 0.018449 0.814840
vt 0.018449 0.773620
vt 0.355848 0.586226
vt 0.213761 0.626953
vt 0.213761 0.586851
vt 0.354203 0.667647
vt 0.213761 0.707130
vt 0.213761 0.667056
vt 0.159285 0.135286
vt 0.018449 0.171452
vt 0.017198 0.127778
vt 0.159285 0.814840
vt 0.018449 0.854866
vt 0.157878 0.538070
vt 0.018449 0.575280
vt 0.018449 0.535255
vt 0.159285 0.175205
vt 0.018449 0.215097
vt 0.159285 0.854866
vt 0.018449 0.894940
vt 0.158660 0.578878
vt 0.018449 0.615249
vt 0.159285 0.215097
vt 0.018312 0.256239
vt 0.159285 0.894940
vt 0.018449 0.935042
vt 0.159285 0.615249
vt 0.017824 0.656420
vt 0.159285 0.254988
vt 0.018449 0.294908
vt 0.159285 0.935042
vt 0.018449 0.975144
vt 0.159285 0.655169
vt 0.018449 0.695060
vt 0.159285 0.294908
vt 0.018449 0.334877
vt 0.159285 0.015217
vt 0.016290 0.051025
vt 0.018449 0.015217
vt 0.159285 0.695060
vt 0.019701 0.733700
vt 0.163039 0.334877
vt 0.018937 0.374277
vt 0.159285 0.055291
vt 0.016873 0.087434
vt 0.159285 0.734951
vt 0.357412 0.545839
vt 0.214249 0.546152
vt 0.159285 0.095317
vt 1.093679 0.922927
vt 1.127424 0.828924
vt 1.146079 0.835596
vt 0.641432 0.308601
vt 0.743854 0.307687
vt 0.647806 0.329135
vt 0.416508 0.814063
vt 0.488768 0.891993
vt 0.468455 0.908208
vt 1.009240 0.976239
vt 1.078300 0.910584
vt 0.741277 0.284302
vt 0.838860 0.310471
vt 0.392263 0.710713
vt 0.440034 0.806182
vt 1.019960 0.992630
vt 0.922800 1.022253
vt 0.844636 0.285961
vt 0.929816 0.338438
vt 1.101849 0.442606
vt 1.013887 0.389624
vt 1.030581 0.368759
vt 0.394330 0.608424
vt 0.415893 0.710710
vt 0.928346 1.041534
vt 0.828244 1.043483
vt 0.942912 0.315451
vt 1.151736 0.532669
vt 1.082289 0.460435
vt 0.423646 0.513457
vt 0.417008 0.614444
vt 0.828437 1.066804
vt 0.730214 1.039624
vt 1.176613 0.632606
vt 1.128858 0.542188
vt 0.476497 0.428703
vt 0.442902 0.522609
vt 0.725641 1.064261
vt 0.637071 1.011471
vt 1.174861 0.735466
vt 1.153855 0.635066
vt 0.560747 0.375301
vt 0.491874 0.441007
vt 0.627045 1.035251
vt 0.556243 0.961118
vt 1.153477 0.733077
vt 0.551113 0.358946
vt 0.539565 0.981939
vt 0.731877 1.024014
vt 0.819447 0.983221
vt 0.823940 1.025658
vt 1.113752 0.547538
vt 1.092861 0.641272
vt 1.073639 0.562621
vt 0.463055 0.534415
vt 0.543562 0.482863
vt 0.501795 0.551896
vt 0.643317 0.998430
vt 0.738597 0.981782
vt 1.135422 0.637164
vt 1.091056 0.722087
vt 0.510694 0.456064
vt 0.601641 0.426835
vt 0.591555 0.917632
vt 0.660832 0.959403
vt 1.133101 0.729091
vt 1.068462 0.799589
vt 0.576695 0.392380
vt 0.672165 0.387616
vt 0.564505 0.950806
vt 0.535514 0.859319
vt 1.107249 0.817088
vt 1.026616 0.868640
vt 0.745879 0.325450
vt 0.656800 0.347902
vt 0.500832 0.884306
vt 0.496560 0.788458
vt 0.993314 0.959116
vt 1.059479 0.895486
vt 0.837990 0.326880
vt 0.750494 0.367888
vt 0.434950 0.714046
vt 0.456574 0.803491
vt 0.913071 1.003435
vt 0.968427 0.924611
vt 0.926667 0.352340
vt 0.831365 0.369146
vt 1.005618 0.399957
vt 1.034632 0.491603
vt 0.978531 0.433192
vt 0.479224 0.629307
vt 0.477390 0.709975
vt 0.897807 0.963700
vt 0.909185 0.391426
vt 1.069412 0.466558
vt 0.437268 0.622287
vt 0.548679 0.196817
vt 0.480921 0.242228
vt 0.470785 0.218198
vt 0.303702 0.622666
vt 0.364829 0.676709
vt 0.344146 0.692687
vt 0.835336 0.691613
vt 0.762388 0.728175
vt 0.814602 0.675802
vt 0.626301 0.222295
vt 0.552258 0.222679
vt 0.308740 0.541148
vt 0.327809 0.612609
vt 0.903879 0.961253
vt 0.957700 0.900050
vt 0.973656 0.920678
vt 0.903144 0.388867
vt 0.821613 0.394170
vt 0.824871 0.368238
vt 0.973359 0.429156
vt 1.009978 0.502356
vt 0.957518 0.449970
vt 0.478314 0.635793
vt 0.504052 0.713023
vt 0.478187 0.716482
vt 0.825950 0.982427
vt 0.893782 0.937200
vt 0.893256 0.413073
vt 1.030684 0.486366
vt 1.047043 0.566608
vt 0.499242 0.557922
vt 0.504168 0.639138
vt 0.748382 0.956774
vt 0.822419 0.956556
vt 1.071184 0.556543
vt 1.066168 0.638228
vt 0.539538 0.488020
vt 0.523350 0.567818
vt 0.745088 0.982700
vt 0.676772 0.937780
vt 1.091972 0.715605
vt 1.092067 0.634770
vt 0.401107 0.258901
vt 0.364965 0.331919
vt 0.344226 0.316145
vt 0.666866 0.961972
vt 0.612558 0.900878
vt 1.071024 0.793567
vt 1.066093 0.712248
vt 0.417086 0.279492
vt 0.539458 0.864562
vt 0.596721 0.921676
vt 0.851591 0.611770
vt 0.875712 0.621692
vt 0.627107 0.784681
vt 0.553826 0.778713
vt 0.626232 0.778524
vt 0.870856 0.466353
vt 0.845958 0.397128
vt 0.851731 0.394733
vt 0.560277 0.503794
vt 0.529086 0.570199
vt 0.679109 0.932005
vt 0.749138 0.950588
vt 0.870781 0.540373
vt 0.864675 0.467169
vt 0.420930 0.284388
vt 0.369919 0.335684
vt 1.046903 0.783645
vt 1.059932 0.711440
vt 0.483390 0.247939
vt 0.565059 0.844782
vt 0.616314 0.895916
vt 0.809657 0.672039
vt 0.845851 0.609401
vt 0.553170 0.228838
vt 0.333546 0.610231
vt 0.369747 0.672907
vt 0.314890 0.540355
vt 0.953876 0.895152
vt 0.820884 0.400359
vt 1.005030 0.506168
vt 0.953749 0.454937
vt 0.308856 0.467263
vt 0.696030 0.759620
vt 0.698470 0.765325
vt 0.890927 0.418854
vt 0.510310 0.639968
vt 0.360417 0.604072
vt 0.382412 0.667163
vt 0.347486 0.607581
vt 0.688548 0.258473
vt 0.623638 0.257352
vt 0.625691 0.241767
vt 0.787294 0.650727
vt 0.835107 0.601145
vt 0.801254 0.661155
vt 0.440181 0.704012
vt 0.432125 0.715116
vt 0.558496 0.258803
vt 0.555886 0.241864
vt 0.820207 0.594940
vt 0.852266 0.534394
vt 0.497789 0.735200
vt 0.492290 0.748450
vt 0.495425 0.277097
vt 0.488066 0.261010
vt 0.438909 0.310891
vt 0.379375 0.346444
vt 0.427857 0.296843
vt 0.837520 0.532525
vt 0.851632 0.465555
vt 0.560141 0.749622
vt 0.559040 0.765220
vt 0.392761 0.357872
vt 0.344456 0.408676
vt 0.837277 0.466693
vt 0.833343 0.399242
vt 0.625654 0.747903
vt 0.627935 0.764215
vt 0.360142 0.414888
vt 0.328041 0.476169
vt 0.820412 0.402758
vt 0.798396 0.339672
vt 0.685561 0.729953
vt 0.694205 0.745409
vt 0.343415 0.477889
vt 0.329248 0.541278
vt 0.741282 0.302853
vt 0.748688 0.291754
vt 0.742107 0.696143
vt 0.753167 0.710196
vt 0.343086 0.539850
vt 0.683381 0.271071
vt 0.564249 0.720797
vt 0.624049 0.737391
vt 0.562308 0.737874
vt 0.371043 0.415879
vt 0.373118 0.477373
vt 0.356018 0.475743
vt 0.807018 0.410486
vt 0.762306 0.368410
vt 0.775500 0.357705
vt 0.621455 0.720357
vt 0.683602 0.720804
vt 0.373894 0.534463
vt 0.357030 0.537289
vt 0.721575 0.328493
vt 0.731599 0.314701
vt 0.725864 0.675939
vt 0.736745 0.689332
vt 0.389372 0.589349
vt 0.373810 0.596350
vt 0.671952 0.300435
vt 0.678153 0.284210
vt 0.765840 0.634993
vt 0.779824 0.645069
vt 0.418504 0.638397
vt 0.405317 0.649132
vt 0.620201 0.269094
vt 0.793786 0.585036
vt 0.809941 0.591069
vt 0.449232 0.692161
vt 0.616701 0.286134
vt 0.558505 0.269309
vt 0.824912 0.531153
vt 0.459270 0.678325
vt 0.502710 0.722377
vt 0.559534 0.286642
vt 0.497386 0.286241
vt 0.444267 0.317699
vt 0.415161 0.372017
vt 0.401188 0.361927
vt 0.806940 0.472418
vt 0.823840 0.469568
vt 0.508946 0.706428
vt 0.504403 0.301984
vt 0.667508 0.311328
vt 0.756407 0.627893
vt 0.466375 0.668942
vt 0.615225 0.297824
vt 0.796068 0.528150
vt 0.807779 0.529557
vt 0.513402 0.695524
vt 0.508992 0.312860
vt 0.455145 0.331091
vt 0.424589 0.379122
vt 0.795278 0.474079
vt 0.565739 0.709098
vt 0.387178 0.421942
vt 0.791431 0.417486
vt 0.619858 0.708662
vt 0.384819 0.478795
vt 0.780597 0.422088
vt 0.672022 0.694176
vt 0.676607 0.705054
vt 0.385546 0.532812
vt 0.753029 0.375640
vt 0.714475 0.337867
vt 0.718606 0.666628
vt 0.400198 0.584750
vt 0.618204 0.696741
vt 0.409294 0.430830
vt 0.398124 0.426354
vt 0.769556 0.426805
vt 0.667326 0.683096
vt 0.396752 0.480223
vt 0.707252 0.347441
vt 0.397425 0.531107
vt 0.663001 0.322447
vt 0.746776 0.620676
vt 0.437224 0.623759
vt 0.427778 0.631162
vt 0.613750 0.309748
vt 0.771654 0.576172
vt 0.782831 0.580635
vt 0.561143 0.298332
vt 0.784124 0.526737
vt 0.473603 0.659354
vt 0.562811 0.310248
vt 0.462400 0.340401
vt 0.434216 0.386345
vt 0.517921 0.684391
vt 0.513695 0.323941
vt 0.783386 0.475796
vt 0.837474 0.466663
vt 0.820596 0.402677
vt 0.392603 0.357756
vt 0.359958 0.414817
vt 0.438788 0.310737
vt 0.495349 0.276917
vt 0.560117 0.749819
vt 0.497715 0.735385
vt 0.837717 0.532548
vt 0.558470 0.258608
vt 0.440061 0.704172
vt 0.820390 0.595013
vt 0.623665 0.257155
vt 0.392621 0.659125
vt 0.787452 0.650844
vt 0.683455 0.270885
vt 0.360233 0.604152
vt 0.742228 0.696297
vt 0.741402 0.302693
vt 0.342889 0.539879
vt 0.685637 0.730134
vt 0.788191 0.347711
vt 0.343218 0.477869
vt 0.625683 0.748098
vt 0.354597 0.626953
vt 0.353190 0.709945
vt 0.159285 0.975144
vt 0.162100 0.373964
vt 0.778344 0.748803
vt 0.629559 0.196363
vt 0.282875 0.544607
vt 0.560141 0.848584
vt 0.553070 0.784899
vt 0.565231 0.507559
vt 0.864620 0.539565
vt 1.041163 0.781276
vt 0.758564 0.723277
vt 0.625572 0.228484
vt 0.891342 0.931495
vt 0.314998 0.468093
vt 1.041270 0.569003
vt 0.392779 0.659001
vt 0.788033 0.347835
vt 0.567231 0.697164
vt 0.743580 0.383034
vt 0.711188 0.657153
vt 0.411229 0.580034
vt 0.469816 0.349877
s 1
g off
g Llanta_MetalStainlessSteelBrushedElongated005_2K
usemtl MetalStainlessSteelBrushedElongated005_2K
f 141/1/1 199/2/2 160/3/3
f 201/4/4 180/5/5 184/6/6
s 2
f 6/7/7 4/8/7 7/9/7
s 1
f 198/10/8 180/5/5 192/11/9
f 151/12/10 571/13/11 505/14/12
f 144/15/13 289/16/7 280/17/14
f 175/18/15 163/19/16 182/20/17
f 186/21/18 9/22/19 175/18/15
f 2/23/7 165/24/20 1/25/7
s 2
f 170/26/7 7/27/7 171/28/7
s 1
f 166/29/21 199/2/2 178/30/22
f 8/31/7 162/32/23 2/23/7
s 2
f 188/33/7 6/7/7 170/34/7
s 1
f 9/22/19 172/35/24 10/36/25
s 2
f 301/37/7 7/27/7 28/38/7
s 1
f 195/39/26 452/40/27 455/41/28
f 526/42/29 177/43/30 159/44/31
f 174/45/32 184/6/6 187/46/33
f 156/47/7 147/48/34 150/49/35
f 281/50/36 193/51/37 145/52/38
f 25/53/7 165/24/20 297/54/39
f 163/19/16 10/36/25 164/55/40
f 177/43/30 182/20/17 159/44/31
f 525/56/41 3/57/7 49/58/7
f 202/59/42 189/60/43 191/61/44
s 2
f 185/62/7 5/63/7 6/7/7
s 1
f 205/64/45 276/65/46 219/66/47
f 157/67/48 150/49/35 152/68/49
s 3
f 56/69/7 168/70/7 535/71/7
s 1
f 191/61/44 152/68/49 150/49/35
f 193/51/37 146/72/50 145/52/38
f 574/73/7 152/68/49 506/74/7
f 205/64/45 269/75/51 226/76/52
f 271/77/53 250/78/54 254/79/55
s 4
f 19/80/7 16/81/7 20/82/7
s 1
f 208/83/56 331/84/57 285/85/58
f 268/86/59 250/78/54 262/87/60
f 261/88/61 218/89/62 216/90/63
f 210/91/64 408/92/7 399/93/65
f 245/94/66 231/95/67 252/96/68
f 256/97/69 23/98/70 245/94/66
f 13/99/7 233/100/71 12/101/7
s 4
f 240/102/7 20/103/7 241/104/7
s 1
f 234/105/72 269/75/51 248/106/73
f 26/107/7 228/108/74 11/109/7
s 5
f 298/110/7 18/111/7 238/112/7
s 1
f 23/98/70 242/113/75 24/114/76
s 4
f 420/115/7 20/103/7 46/116/7
s 1
f 265/117/77 464/118/78 467/119/79
f 229/120/80 247/121/81 225/122/82
f 244/123/83 254/79/55 257/124/84
f 222/125/7 213/126/85 216/127/63
f 400/128/86 263/129/87 211/130/88
f 43/131/7 233/100/71 416/132/89
f 231/95/67 24/114/76 232/133/90
f 247/121/81 252/96/68 225/122/82
f 228/108/74 14/134/7 11/109/7
f 272/135/91 259/136/92 261/88/61
s 4
f 255/137/7 17/138/7 19/80/7
s 1
f 278/139/93 286/140/94 332/141/95
f 223/142/7 216/127/63 218/143/62
s 5
f 18/111/7 236/144/7 238/112/7
s 1
f 288/145/7 218/143/62 209/146/7
f 217/147/96 274/148/97 208/83/56
f 282/149/98 323/150/99 281/50/36
f 330/151/100 309/152/101 321/153/102
s 2
f 28/154/7 4/8/7 27/155/7
s 1
f 263/129/87 212/156/103 211/130/88
f 309/152/101 326/157/104 284/158/105
f 333/159/106 395/160/107 345/161/108
f 196/162/109 148/163/110 146/164/50
f 296/165/111 10/36/25 30/166/112
f 30/166/112 172/35/24 302/167/113
f 296/165/111 303/168/114 313/169/115
f 30/166/112 316/170/116 303/168/114
f 229/120/80 308/171/117 22/172/118
f 22/172/118 299/173/119 237/174/120
s 4
f 258/175/7 19/176/7 240/102/7
s 1
f 327/177/121 305/178/122 329/179/123
f 173/180/124 200/181/125 202/59/42
f 326/182/126 476/183/127 324/184/128
f 313/169/115 308/185/117 292/186/129
f 304/187/130 315/188/131 330/151/100
f 280/17/14 290/189/7 283/190/132
f 155/191/7 144/15/13 147/48/34
f 60/192/133 167/193/134 177/43/30
s 2
f 317/194/7 28/38/7 314/195/7
s 1
f 21/196/7 230/197/135 13/99/7
f 300/198/136 328/199/137 295/200/138
f 320/201/139 329/179/123 322/202/140
s 2
f 314/195/7 27/203/7 310/204/7
s 1
f 322/202/140 287/205/141 320/201/139
f 29/206/7 297/54/39 312/207/142
f 287/208/141 288/145/7 209/146/7
s 5
f 294/209/7 15/210/7 18/111/7
s 1
f 283/211/132 291/212/7 287/208/141
f 333/159/106 388/213/143 351/214/144
f 390/215/145 371/216/146 375/217/147
s 6
f 38/218/7 35/219/7 39/220/7
s 1
f 404/221/148 393/222/149 450/223/150
f 346/224/7 708/225/151 339/226/152
f 382/227/153 344/228/154 342/229/155
f 385/230/156 340/231/157 338/232/158
f 366/233/159 356/234/160 373/235/161
f 377/236/162 42/237/163 366/233/159
f 32/238/7 731/239/164 84/240/7
s 6
f 363/241/7 39/242/7 739/243/7
s 1
f 357/244/165 388/213/143 369/245/166
f 44/246/7 353/247/167 31/248/7
s 7
f 418/249/7 37/250/7 361/251/168
s 1
f 42/237/163 740/252/169 94/253/170
f 364/254/171 389/255/172 391/256/173
f 384/257/174 861/258/175 485/259/176
f 354/260/177 368/261/178 350/262/179
f 365/263/180 375/264/147 378/265/181
f 387/266/182 371/216/146 383/267/183
f 347/268/7 339/226/152 342/229/155
f 41/269/184 358/270/185 368/261/178
f 356/234/160 94/253/170 730/271/186
f 368/261/178 373/272/161 350/262/179
f 353/247/167 33/273/7 31/248/7
f 391/256/173 380/274/187 382/227/153
s 6
f 376/275/7 36/276/7 38/218/7
s 1
f 397/277/188 405/278/189 451/279/190
f 348/280/7 342/229/155 344/228/154
s 7
f 37/250/7 359/281/7 361/251/168
s 1
f 407/282/7 344/228/154 337/283/7
f 394/284/191 336/285/192 343/286/193
f 447/287/194 397/277/188 414/288/195
f 449/289/196 428/290/197 440/291/198
s 4
f 46/292/7 16/81/7 45/293/7
s 1
f 761/294/199 338/295/158 709/296/200
f 428/297/197 445/298/201 403/299/202
f 503/300/203 515/301/204 573/302/205
f 266/303/206 214/304/207 212/156/103
f 415/305/208 24/114/76 48/306/209
f 48/306/209 242/113/75 421/307/210
f 415/305/208 422/308/211 432/309/212
f 48/306/209 435/310/213 422/308/211
f 354/311/177 427/312/214 41/313/184
f 41/313/184 419/314/215 360/315/216
s 6
f 379/316/7 38/317/7 363/241/7
s 1
f 446/318/217 424/319/218 448/320/219
f 243/321/220 270/322/221 272/135/91
f 445/323/222 494/324/223 443/325/224
f 432/309/212 427/312/214 411/326/225
f 423/327/226 434/328/227 449/289/196
f 399/93/65 409/329/168 402/330/228
f 221/331/7 210/332/64 213/333/85
f 22/334/118 235/335/229 247/336/81
s 4
f 436/337/7 46/292/7 433/338/7
s 1
f 40/339/7 355/340/230 32/341/7
f 417/342/231 447/343/194 414/344/195
f 439/345/232 448/320/219 441/346/233
s 4
f 433/338/7 45/293/7 429/347/7
s 1
f 441/346/233 406/348/234 439/345/232
f 47/349/7 416/132/89 431/350/235
f 406/348/234 407/282/7 337/283/7
f 401/351/236 442/352/237 400/128/86
f 402/353/228 410/354/7 406/348/234
s 8
f 273/355/238 481/356/239 332/357/240
s 1
f 324/184/128 452/40/27 194/358/241
f 198/359/242 455/360/28 456/361/243
f 268/362/244 467/119/79 468/363/245
f 204/364/246 460/365/247 570/366/248
s 7
f 34/367/7 352/368/7 37/369/7
s 1
f 453/370/249 884/371/250 454/372/250
f 387/373/251 485/374/176 486/375/252
f 395/376/107 490/377/253 392/378/254
s 5
f 15/379/7 227/380/7 18/381/7
s 1
f 443/325/224 464/118/78 264/382/255
s 8
f 276/383/256 472/384/257 273/355/238
s 7
f 413/385/7 34/386/7 37/250/7
s 1
f 392/378/254 499/387/258 451/388/259
f 328/199/137 278/139/93 295/200/138
f 567/389/260 503/300/203 524/390/261
f 569/391/262 546/392/263 558/393/264
s 9
f 57/394/7 54/395/7 55/396/7
s 1
f 514/397/265 571/13/11 572/398/266
f 546/392/263 565/399/267 513/400/268
f 576/401/269 588/402/270 646/403/271
f 561/404/272 650/405/273 507/406/274
f 527/407/275 62/408/276 61/409/277
f 61/409/277 553/410/278 540/411/279
f 527/407/275 540/411/279 550/412/280
f 61/409/277 538/413/281 537/414/282
f 526/42/29 545/415/283 60/192/133
f 59/416/7 528/417/284 549/418/285
s 9
f 554/419/7 57/420/7 551/421/7
f 672/422/7 58/423/7 539/424/7
f 536/425/7 58/423/7 57/394/7
s 1
f 563/426/286 832/427/287 560/428/288
f 550/412/280 545/415/283 521/429/289
f 541/430/290 552/431/291 569/391/262
f 509/432/292 519/433/7 512/434/293
f 508/435/294 518/436/48 509/432/292
f 77/437/7 529/438/295 50/439/7
f 51/440/7 529/438/295 528/417/284
f 531/441/296 567/389/260 524/390/261
f 52/442/7 525/56/41 49/58/7
f 557/443/297 568/444/298 559/445/299
s 9
f 551/421/7 55/446/7 547/447/7
s 1
f 559/445/299 516/448/300 557/443/297
s 3
f 532/449/7 56/69/7 535/71/7
s 1
f 510/450/301 561/451/272 507/452/274
f 516/448/300 574/73/7 506/74/7
f 512/434/293 520/453/7 516/448/300
f 640/454/302 576/401/269 597/455/303
f 642/456/304 619/457/305 631/458/306
s 10
f 71/459/7 68/460/7 69/461/7
s 1
f 658/462/7 656/463/307 578/464/7
f 619/457/305 638/465/308 586/466/309
f 647/467/310 702/468/311 657/469/312
f 634/470/313 778/471/314 580/472/315
f 600/473/316 76/474/317 75/475/318
f 75/475/318 626/476/319 613/477/320
f 600/473/316 613/477/320 623/478/321
f 75/475/318 611/479/322 610/480/323
f 598/481/324 618/482/325 74/483/326
f 599/484/327 78/485/7 63/486/7
s 11
f 70/487/7 668/488/7 607/489/7
s 10
f 800/490/7 72/491/7 612/492/7
f 609/493/7 72/491/7 71/494/7
s 1
f 636/495/328 842/496/329 633/497/330
f 623/498/321 618/499/325 594/500/331
f 614/501/332 625/502/333 642/456/304
f 582/503/334 592/504/7 585/505/335
f 581/506/336 591/507/7 582/503/334
f 95/508/7 602/509/337 64/510/7
f 65/511/7 602/509/337 601/512/338
f 604/513/339 640/454/302 597/455/303
f 66/514/7 599/484/327 63/486/7
f 630/515/340 641/516/341 632/517/342
s 10
f 624/518/7 69/519/7 620/520/7
s 1
f 632/517/342 589/521/343 630/515/340
s 11
f 605/522/7 70/523/7 607/524/7
s 1
f 701/525/344 579/526/345 655/527/346
f 587/528/347 643/529/348 645/530/349
f 585/505/335 593/531/7 589/532/343
f 694/533/350 652/534/351 650/405/273
f 699/535/352 680/536/353 684/537/354
s 9
f 80/538/7 54/395/7 58/423/7
s 1
f 583/539/355 634/470/313 580/472/315
f 696/540/356 680/536/353 692/541/357
f 691/542/358 656/543/307 654/544/359
f 511/545/360 562/546/361 510/547/301
f 667/548/362 62/549/276 530/550/363
f 82/551/364 538/552/281 62/549/276
f 675/553/365 667/548/362 682/554/366
f 686/555/367 82/551/364 675/553/365
f 598/481/324 677/556/368 663/557/369
f 74/483/326 670/558/370 677/556/368
s 10
f 627/559/7 71/494/7 624/518/7
s 1
f 673/560/371 698/561/372 700/562/373
f 566/563/374 542/564/375 568/565/298
f 854/566/376 696/567/377 693/568/378
f 677/556/368 682/554/366 663/557/369
f 674/569/379 684/537/354 687/570/380
f 660/571/7 651/572/381 654/573/359
f 659/574/7 508/575/294 651/572/381
f 60/192/133 533/576/382 534/577/383
s 9
f 688/578/7 80/538/7 672/422/7
s 1
f 73/579/7 601/512/338 622/580/384
f 669/581/385 697/582/386 678/583/387
f 700/562/373 689/584/388 691/542/358
s 9
f 685/585/7 79/586/7 80/538/7
s 1
f 704/587/389 716/588/390 774/589/391
f 661/590/7 654/544/359 656/543/307
f 81/591/7 666/592/392 77/437/7
f 589/532/343 658/462/7 578/464/7
s 11
f 67/593/7 665/594/7 70/523/7
s 1
f 768/595/393 704/587/389 725/596/394
f 770/597/395 747/598/396 759/599/397
s 6
f 90/600/7 35/219/7 88/601/7
s 1
f 786/602/7 784/603/398 706/604/7
f 747/598/396 766/605/399 714/606/400
f 775/607/401 830/608/402 785/609/403
f 711/610/404 761/294/199 709/296/200
f 728/611/405 94/253/170 93/612/406
f 93/612/406 754/613/407 741/614/408
f 728/611/405 741/614/408 751/615/409
f 93/612/406 740/252/169 738/616/410
f 726/617/411 746/618/412 92/619/413
f 727/620/414 96/621/7 83/622/7
s 12
f 89/623/7 798/624/48 735/625/7
s 1
f 767/626/415 743/627/416 769/628/417
s 6
f 737/629/168 39/242/7 90/630/7
s 1
f 764/631/418 861/258/175 762/632/419
f 751/615/409 746/618/412 722/633/420
f 742/634/421 753/635/422 770/597/395
f 710/636/423 720/637/7 713/638/424
f 712/639/425 763/640/426 711/610/404
f 92/619/413 734/641/427 736/642/428
f 85/643/7 731/239/164 729/644/429
f 732/645/430 768/595/393 725/596/394
f 86/646/7 727/620/414 83/622/7
f 758/647/431 769/628/417 760/648/432
s 6
f 752/649/7 88/650/7 748/651/7
s 1
f 760/648/432 717/652/433 758/647/431
s 12
f 733/653/48 89/623/7 735/625/7
s 1
f 783/654/434 771/655/435 707/656/436
f 707/656/436 773/657/437 715/658/438
f 713/659/424 721/660/7 717/652/433
f 775/607/401 825/661/439 792/662/440
f 827/663/441 808/664/442 812/665/443
s 10
f 98/666/7 68/460/7 72/667/7
s 1
f 708/668/151 719/669/168 710/636/423
f 824/670/444 808/671/442 820/672/445
f 819/673/446 784/603/398 782/674/447
f 584/675/448 635/676/449 583/677/355
f 795/678/450 76/474/317 603/679/451
f 100/680/452 611/479/322 76/474/317
f 803/681/453 795/678/450 810/682/454
f 814/683/455 100/680/452 803/681/453
f 726/617/411 805/684/456 791/685/457
f 92/619/413 797/686/458 805/684/456
s 6
f 755/687/7 90/630/7 752/649/7
s 1
f 801/688/459 826/689/460 828/690/461
f 639/691/462 615/692/463 641/516/341
f 874/693/464 824/694/465 821/695/466
f 805/696/456 810/697/454 791/698/457
f 802/699/467 812/665/443 815/700/468
f 788/701/168 779/702/469 782/703/447
f 787/704/7 581/506/336 779/702/469
f 74/483/326 606/705/470 608/706/471
s 10
f 816/707/7 98/708/7 800/490/7
s 1
f 91/709/7 729/710/429 750/711/472
f 796/712/473 825/661/439 806/713/474
f 828/690/461 817/714/475 819/673/446
s 10
f 813/715/7 97/716/7 98/666/7
s 1
f 789/717/48 782/674/447 784/603/398
f 99/718/7 794/719/476 95/508/7
f 717/652/433 786/602/7 706/604/7
f 822/720/477 780/721/478 778/722/314
s 13
f 859/723/479 644/724/480 702/725/481
s 1
f 832/427/287 693/568/378 560/428/288
f 565/726/482 833/727/483 563/728/286
f 638/729/484 843/730/485 636/495/328
s 11
f 596/731/7 67/593/7 70/523/7
s 12
f 724/732/7 87/733/7 89/623/7
s 1
f 834/734/486 922/735/487 831/736/487
f 766/737/488 863/738/489 764/739/418
f 868/740/490 774/741/491 772/742/492
f 459/743/493 928/744/494 839/745/495
f 842/496/329 821/695/466 633/497/330
s 13
f 848/746/496 646/747/497 644/724/480
s 12
f 87/733/7 793/748/7 89/623/7
s 1
f 830/749/402 868/740/490 772/742/492
f 647/467/310 697/582/386 664/750/498
f 59/416/7 522/751/499 52/442/7
f 790/752/500 99/718/7 96/621/7
f 662/753/501 81/591/7 78/485/7
f 47/349/7 412/754/502 44/246/7
f 158/755/503 8/31/7 3/57/7
f 91/709/7 723/756/504 86/646/7
f 29/206/7 293/757/505 26/107/7
f 844/758/506 930/759/507 841/760/507
f 224/761/508 21/196/7 14/134/7
f 73/579/7 595/762/509 66/514/7
f 349/763/510 40/339/7 33/273/7
s 14
f 883/764/511 101/765/512 102/766/512
s 1
f 867/767/513 871/768/514 949/769/515
f 878/770/516 951/771/517 869/772/518
f 899/773/519 475/774/520 469/775/521
f 873/776/522 958/777/523 876/778/524
f 471/779/525 906/780/526 482/781/527
f 845/782/528 931/783/506 844/758/506
f 454/372/250 886/784/529 457/785/530
f 880/786/531 876/787/524 959/788/532
f 480/789/533 482/781/527 903/790/534
f 465/791/535 894/792/536 466/793/536
f 831/794/487 940/795/537 853/796/537
f 853/796/537 942/797/538 856/798/539
f 484/799/540 910/800/541 487/801/542
f 925/802/543 837/803/544 839/745/495
f 913/804/545 493/805/545 487/801/542
f 461/806/546 888/807/493 459/743/493
f 841/760/507 956/808/522 873/776/522
s 15
f 496/809/547 915/810/548 495/811/548
s 1
f 847/812/549 851/813/550 933/814/551
f 466/793/536 896/815/552 469/775/521
f 858/816/553 935/817/554 849/818/554
s 15
f 917/819/555 498/820/556 500/821/557
s 1
f 835/822/558 923/823/486 834/734/486
f 477/824/559 881/825/249 453/370/249
f 478/826/560 901/827/561 477/824/559
f 860/828/562 856/798/539 943/829/563
f 457/785/530 889/830/564 463/831/565
f 865/832/566 947/833/567 864/834/567
f 460/835/247 573/836/568 570/837/248
f 864/834/567 945/838/569 862/839/569
f 849/818/554 938/840/570 851/813/550
f 862/839/569 908/841/540 484/799/540
f 473/842/571 898/843/525 471/779/525
s 3
f 523/844/7 53/845/7 56/69/7
s 1
f 869/772/518 954/846/572 871/768/514
s 14
f 927/847/573 104/848/512 124/849/512
f 892/850/574 107/851/575 893/852/576
f 914/853/577 116/854/512 911/855/578
f 926/856/579 124/849/512 123/857/512
f 892/850/574 118/858/512 106/859/512
f 890/860/580 104/848/512 887/861/581
f 929/862/582 138/863/512 955/864/583
f 929/862/582 126/865/575 125/866/512
f 895/867/584 110/868/512 900/869/585
f 934/870/586 129/871/512 127/872/512
f 905/873/587 109/874/512 113/875/512
f 953/876/588 136/877/512 137/878/512
f 944/879/589 128/880/512 936/881/590
f 883/764/511 103/882/512 885/883/591
f 924/884/592 123/857/512 122/885/512
f 946/886/593 134/887/512 133/888/512
f 905/873/587 112/889/512 904/890/594
f 944/879/589 131/891/512 132/892/512
f 907/893/595 115/894/512 909/895/596
f 948/896/597 135/897/512 134/887/512
f 937/898/598 128/880/512 129/871/512
f 909/895/596 117/899/512 914/853/577
f 950/900/599 137/878/512 135/897/512
f 919/901/600 116/854/512 120/902/512
f 960/903/601 136/877/512 952/904/602
f 946/886/593 114/905/512 907/893/595
f 916/906/603 119/907/512 118/858/512
f 955/864/583 139/908/512 957/909/604
f 900/869/585 109/874/512 897/910/605
f 895/867/584 107/851/575 108/911/512
f 934/870/586 126/865/575 932/912/606
f 918/913/607 120/902/512 119/907/512
f 902/914/608 101/765/512 882/915/609
f 957/909/604 140/916/512 960/903/601
f 924/884/592 121/917/512 921/918/610
f 902/914/608 112/889/512 111/919/512
f 885/883/591 105/920/512 890/860/580
f 939/921/611 131/891/512 941/922/612
f 939/921/611 121/917/512 130/923/512
s 1
f 141/924/1 142/925/613 143/926/614
f 148/927/110 149/928/615 150/49/35
f 151/929/10 152/930/49 153/931/616
f 166/932/21 167/193/134 168/933/617
f 173/934/618 174/935/32 175/18/15
f 176/936/619 177/43/30 178/937/620
s 16
f 179/938/621 180/939/622 181/940/623
s 1
f 186/21/18 187/941/33 188/942/624
f 205/943/45 206/944/625 207/945/626
f 214/946/207 215/947/627 216/90/63
f 217/948/96 218/143/62 219/949/628
f 234/950/72 235/951/229 236/952/629
f 243/953/630 244/954/83 245/94/66
f 246/955/631 247/121/81 248/956/632
s 17
f 249/957/633 250/78/634 251/958/635
s 1
f 256/959/69 257/124/84 258/960/636
s 18
f 277/961/637 278/139/638 279/962/639
s 1
f 282/963/98 283/190/132 284/964/640
f 285/965/58 286/966/641 287/208/141
f 298/967/642 299/968/119 300/198/136
f 303/969/114 304/187/130 305/970/643
f 306/971/644 307/972/645 308/973/117
f 309/152/101 310/974/646 311/975/647
f 316/976/116 317/977/648 318/978/649
f 333/979/106 334/980/650 335/981/651
f 340/982/157 341/983/652 342/229/155
f 343/984/193 344/228/154 345/985/653
f 357/986/165 358/987/185 359/988/654
f 364/989/655 365/263/180 366/990/159
f 367/991/656 368/992/178 369/993/657
s 19
f 370/994/658 371/216/659 372/995/660
s 1
f 377/996/162 378/265/181 379/997/661
s 20
f 396/998/662 397/999/663 398/1000/664
s 1
f 401/1001/236 402/330/228 403/1002/665
f 404/1003/148 405/1004/666 406/348/234
f 417/1005/231 418/1006/667 419/1007/215
f 422/308/211 423/1008/226 424/1009/668
f 425/1010/669 426/1011/670 427/312/214
f 428/297/197 429/1012/671 430/1013/672
f 435/1014/213 436/1015/673 437/1016/674
f 468/1017/245 469/1018/675 470/1019/676
s 8
f 473/1020/677 474/1021/678 475/1022/679
s 1
f 496/809/680 497/1023/681 498/820/682
s 15
f 499/1024/683 500/1025/557 501/1026/684
s 21
f 502/1027/685 503/300/686 504/1028/687
s 1
f 511/1029/360 512/1030/293 513/1031/688
f 514/1032/265 515/1033/689 516/1034/300
f 531/441/296 532/1035/690 533/1036/382
f 540/411/279 541/1037/290 542/1038/691
f 543/1039/692 544/1040/693 545/1041/283
f 546/1042/263 547/1043/694 548/1044/695
f 553/410/278 554/1045/696 555/1046/697
s 22
f 575/1047/698 576/401/699 577/1048/700
s 1
f 584/1049/448 585/1050/335 586/1051/701
f 587/1052/347 588/1053/702 589/1054/343
f 604/513/339 605/1055/703 606/1056/470
f 613/1057/320 614/1058/332 615/1059/704
f 616/1060/705 617/1061/706 618/499/325
f 619/1062/305 620/1063/707 621/1064/708
f 626/476/319 627/1065/709 628/1066/710
f 647/467/310 648/1067/711 649/1068/712
f 652/1069/351 653/1070/713 654/573/359
f 655/1071/346 656/463/307 657/1072/714
f 668/1073/715 669/581/385 670/1074/370
f 673/1075/716 674/1076/379 675/553/365
f 676/1077/717 677/556/368 678/1078/718
s 23
f 679/1079/719 680/1080/720 681/1081/721
s 1
f 686/555/367 687/1082/380 688/1083/722
s 24
f 703/1084/723 704/1085/724 705/1086/725
s 1
f 712/1087/425 713/659/424 714/1088/726
f 715/1089/438 716/1090/727 717/652/433
f 732/1091/430 733/1092/728 734/641/427
f 741/614/408 742/1093/421 743/1094/729
f 744/1095/730 745/1096/731 746/618/412
f 747/598/396 748/1097/732 749/1098/733
f 754/613/407 755/1099/734 756/1100/735
f 775/607/401 776/1101/736 777/1102/737
f 780/1103/478 781/1104/738 782/703/447
f 783/1105/434 784/1106/398 785/1107/739
f 796/712/473 797/1108/458 798/1109/740
f 801/1110/741 802/1111/467 803/1112/453
f 804/1113/742 805/1114/456 806/713/743
s 25
f 807/1115/744 808/671/745 809/1116/746
s 1
f 814/1117/455 815/1118/468 816/1119/747
f 845/1120/748 846/1121/749 847/1122/750
s 13
f 850/1123/751 851/813/752 852/1124/753
f 858/816/754 859/1125/479 860/828/755
s 1
f 870/1126/756 871/1127/514 872/1128/757
f 875/1129/758 876/1130/759 877/1131/760
f 878/770/516 879/1132/761 880/786/531
f 161/1133/762 141/1/1 160/3/3
f 147/48/34 145/1134/38 146/1135/50
f 147/48/34 148/927/110 150/49/35
f 506/1136/763 151/12/10 505/14/12
f 168/1137/617 160/3/3 166/29/21
f 162/1138/23 164/1139/40 165/1140/20
f 183/1141/764 159/1142/31 182/1143/17
f 158/1144/503 526/1145/29 159/1142/31
f 191/1146/44 149/1147/615 192/1148/9
f 167/193/134 535/1149/765 168/933/617
f 169/1150/766 171/1151/767 172/35/24
f 176/936/619 175/18/15 177/43/30
f 183/1141/764 163/1152/16 162/1138/23
f 186/21/18 170/1153/768 169/1150/766
f 202/1154/769 192/11/9 201/4/4
f 184/6/6 188/1155/624 187/46/33
f 180/5/5 185/1156/770 184/6/6
f 167/193/134 178/937/620 177/43/30
f 259/136/92 219/1157/628 218/89/62
f 176/1158/771 199/2/2 200/1159/772
f 196/1160/109 194/358/241 195/39/26
f 197/1161/773 195/39/26 198/1162/774
f 197/1163/773 149/1164/775 148/163/110
f 200/1159/772 190/1165/776 189/1166/43
f 173/1167/777 201/4/4 174/45/32
f 174/935/32 186/21/18 175/18/15
f 203/1168/778 570/366/248 571/1169/11
f 203/1170/778 153/1171/779 204/1172/780
f 227/1173/781 205/64/45 226/76/52
f 213/126/85 211/1174/88 212/1175/103
f 213/126/85 214/1176/207 216/127/63
f 209/1177/782 217/147/96 208/83/56
f 236/1178/629 226/76/52 234/105/72
f 230/1179/135 232/1180/90 233/1181/71
f 253/1182/783 225/122/82 252/96/68
f 224/1183/508 229/1184/80 225/1185/82
f 261/88/61 215/947/627 262/1186/60
f 235/951/229 238/1187/784 236/952/629
f 239/1188/785 241/1189/786 242/113/75
f 246/1190/631 245/1191/66 247/336/81
f 253/1182/783 231/95/67 230/1192/135
f 256/97/69 240/1193/787 239/1188/785
f 272/1194/788 262/1195/60 271/1196/53
f 254/79/55 258/960/636 257/124/84
f 250/78/54 255/1197/789 254/79/55
f 235/951/229 248/956/632 247/121/81
f 286/1198/641 320/201/139 287/205/141
f 246/1199/790 269/75/51 270/1200/791
f 266/1201/206 264/382/255 265/117/77
f 267/1202/792 265/117/77 268/362/793
f 267/1203/792 215/1204/794 214/1205/207
f 270/1206/791 260/1207/795 259/1208/92
f 243/1209/796 271/77/53 244/123/83
f 244/123/83 256/959/69 245/1210/66
f 275/1211/797 219/66/47 276/65/46
f 278/1212/93 294/209/798 295/1213/138
f 145/1134/38 280/17/14 281/1214/36
f 282/149/98 280/1215/14 283/1216/132
f 295/1213/138 298/110/642 300/1217/136
f 164/1218/40 297/54/39 165/24/20
f 292/1219/129 312/207/142 313/1220/115
f 284/1221/640 322/1222/140 321/1223/102
f 229/1184/80 293/1224/505 292/1225/129
f 171/1151/767 302/167/113 172/35/24
f 303/1226/114 306/1227/644 308/1228/117
f 296/1229/111 312/207/142 297/54/39
f 301/1230/799 316/1231/116 302/1232/113
f 321/1223/102 329/1233/800 330/1234/100
f 317/194/648 315/1235/131 318/1236/649
f 314/195/801 309/1237/101 315/1235/131
f 307/972/645 299/968/119 308/973/117
f 380/274/187 345/985/653 344/228/154
f 328/1238/137 306/1227/802 327/1239/803
f 194/358/241 323/1240/99 324/184/128
f 324/184/128 325/1241/804 326/182/126
f 284/1242/105 325/1243/804 282/149/98
f 319/1244/805 327/177/803 320/201/139
f 330/1245/100 305/178/806 304/1246/130
f 316/976/116 304/187/130 303/969/114
f 286/1247/94 331/84/57 332/1248/95
f 352/1249/807 333/1250/106 351/1251/144
f 339/1252/152 709/296/200 338/295/158
f 339/1253/152 340/231/157 342/1254/155
f 337/1255/808 343/286/193 336/285/192
f 359/281/654 351/1251/144 357/1256/165
f 355/1257/230 730/1258/186 731/1259/164
f 374/1260/809 350/1261/179 373/1262/161
f 349/763/510 354/1263/177 350/1261/179
f 382/227/153 341/983/652 383/1264/183
f 358/1265/185 361/251/810 359/281/654
f 362/1266/811 739/1267/812 740/252/169
f 367/1268/656 366/1269/159 368/261/178
f 374/1260/809 356/1270/160 355/340/230
f 377/236/162 363/1271/813 362/1266/811
f 391/256/814 383/1264/183 390/1272/145
f 375/264/147 379/997/661 378/265/181
f 371/216/146 376/1273/815 375/217/147
f 358/987/185 369/993/657 368/992/178
f 405/1274/666 439/1275/232 406/1276/234
f 367/1277/816 388/1278/143 389/1279/817
f 385/1280/156 762/632/419 384/257/174
f 386/1281/818 384/1282/174 387/373/819
f 386/1283/818 341/1284/820 340/231/157
f 389/255/817 381/1285/821 380/274/187
f 364/989/822 390/1286/145 365/263/180
f 365/263/180 377/996/162 366/990/159
f 394/1287/191 392/1288/254 393/1289/149
f 394/1290/191 345/161/108 395/160/107
f 397/277/188 413/1291/823 414/288/195
f 211/1292/88 399/1293/65 400/1294/86
f 401/351/236 399/1295/65 402/1296/228
f 392/1288/254 450/1297/150 393/1289/149
f 414/288/195 418/1298/667 417/1299/231
f 232/1180/90 416/1300/89 233/1181/71
f 411/1301/225 431/350/235 432/1302/212
f 354/1263/177 412/754/502 411/1301/225
f 403/1303/665 441/346/233 440/1304/198
f 361/251/810 419/1305/215 418/249/667
f 241/1189/786 421/307/210 242/113/75
f 422/308/211 425/1010/669 427/312/214
f 415/1306/208 431/350/235 416/132/89
f 420/1307/824 435/310/213 421/307/210
f 440/1308/198 448/1309/825 449/1310/196
f 436/1015/673 434/328/227 437/1016/674
f 433/1311/826 428/290/197 434/328/227
f 426/1011/670 419/314/215 427/312/214
f 515/1033/689 557/1312/297 516/1034/300
f 447/343/194 425/1313/827 446/1314/828
f 264/1315/255 442/1316/237 443/1317/224
f 443/1317/224 444/1318/829 445/1319/222
f 403/1320/202 444/1321/829 401/1322/236
f 438/1323/830 446/1324/828 439/1325/232
f 449/289/196 424/1326/831 423/327/226
f 435/1014/213 423/327/226 422/1327/211
f 285/85/58 209/1177/782 208/83/56
f 405/278/832 450/1328/150 451/279/833
f 404/221/148 337/1329/808 336/1330/192
f 238/112/784 299/1331/119 298/110/642
f 452/1332/27 454/372/834 455/1333/28
f 456/1334/243 454/372/834 457/785/835
f 462/1335/836 459/743/837 460/1336/247
f 467/1337/79 465/1338/838 466/1339/839
f 467/1337/79 469/1018/675 468/1017/245
s 8
f 474/1340/678 471/1341/840 472/384/257
s 1
f 477/1342/841 452/40/27 476/183/127
f 477/1343/841 479/1344/842 478/1345/843
f 861/1346/175 484/1347/844 485/1348/176
f 485/259/176 487/1349/845 486/1350/252
f 492/1351/846 489/1352/847 490/1353/253
f 495/1354/848 464/1355/78 494/1356/223
f 496/1357/680 494/1358/223 497/1359/681
s 8
f 482/1360/849 472/384/257 471/1341/840
s 1
f 503/300/203 523/1361/850 524/390/261
f 507/1362/274 509/432/292 510/1363/301
f 511/545/360 509/1364/292 512/1365/293
f 514/397/265 506/1136/763 505/14/12
f 524/390/261 532/1035/690 531/441/296
f 530/1366/363 528/417/284 529/438/295
f 521/1367/289 549/418/285 550/1368/280
f 526/1145/29 522/1369/499 521/1370/289
f 513/1371/688 559/445/299 558/1372/264
f 535/1149/765 533/576/382 532/1373/690
f 539/424/851 537/1374/282 538/1375/281
f 540/411/279 543/1376/692 545/415/283
f 527/1377/275 549/418/285 528/417/284
f 536/1378/852 553/1379/278 537/1380/282
f 558/1372/264 568/444/853 569/1381/262
f 554/1382/696 552/431/291 555/1383/697
f 551/1384/854 546/392/263 552/431/291
f 544/1040/693 533/1036/382 545/1041/283
f 588/402/702 630/1385/340 589/1386/343
f 567/389/260 543/1039/855 566/1387/856
f 560/428/288 562/1388/361 563/426/286
f 563/728/286 564/1389/857 565/726/482
f 513/400/268 564/1390/857 511/545/360
f 556/1391/858 566/1387/856 557/1392/297
f 569/1393/262 542/564/859 541/1394/290
f 553/410/278 541/1037/290 540/411/279
f 570/366/248 572/1395/266 571/1169/11
f 515/1396/204 572/398/266 573/1397/205
f 576/401/269 596/1398/860 597/455/303
f 580/1399/315 582/1400/334 583/1401/355
f 584/1049/448 582/1400/334 585/1050/335
f 587/528/347 578/1402/861 579/526/345
f 597/455/303 605/1055/703 604/513/339
f 603/1403/451 601/512/338 602/509/337
f 594/500/331 622/1404/384 623/498/321
f 598/1405/324 595/1406/509 594/500/331
f 586/1051/701 632/517/342 631/1407/306
f 607/1408/862 606/705/470 605/1409/703
f 612/492/863 610/1410/323 611/1411/322
f 613/1057/320 616/1060/705 618/499/325
f 600/1412/316 622/580/384 601/512/338
f 609/1413/864 626/476/319 610/480/323
f 631/1414/306 641/1415/865 642/1416/304
f 627/1417/709 625/502/333 628/1418/710
f 624/1419/866 619/457/305 625/502/333
f 617/1420/706 606/1056/470 618/1421/325
f 689/584/388 657/1422/714 656/543/307
f 640/1423/302 616/1424/867 639/1425/868
f 633/497/330 635/1426/449 636/495/328
f 636/495/328 637/1427/869 638/729/484
f 586/1428/309 637/1429/869 584/675/448
f 629/1430/870 639/1431/868 630/1385/340
f 642/1416/304 615/1432/871 614/1433/332
f 626/476/319 614/1434/332 613/477/320
f 588/1435/270 645/530/349 646/1436/271
f 665/1437/872 647/467/310 664/750/498
f 651/572/381 507/1438/274 650/1439/273
f 651/1440/381 652/534/351 654/1441/359
f 668/1073/715 664/750/498 669/581/385
f 666/592/392 530/1366/363 529/438/295
f 683/1442/873 663/1443/369 682/1444/366
f 691/1445/358 653/1070/713 692/1446/357
f 662/1447/501 598/1405/324 663/1448/369
f 671/1449/874 539/1450/851 538/1451/281
f 676/1077/717 675/553/365 677/556/368
f 683/1442/873 667/1452/362 666/592/392
f 686/1453/367 672/1454/875 671/1449/874
f 700/1455/876 692/541/357 699/535/352
f 684/537/354 688/1456/722 687/570/380
f 680/536/353 685/1457/877 684/537/354
f 670/1074/370 678/583/718 677/1458/368
f 716/1459/727 758/1460/431 717/1461/433
f 676/1462/878 697/582/386 698/1463/879
f 694/1464/350 560/428/288 693/568/378
f 695/1465/880 693/568/378 696/567/377
f 695/1466/880 653/1467/881 652/534/351
f 698/1468/879 690/1469/882 689/1470/388
f 673/1471/883 699/535/352 674/569/379
f 674/1076/379 686/555/367 675/553/365
f 701/525/344 657/1472/312 702/1473/311
f 704/587/389 724/1474/884 725/596/394
f 709/1475/200 710/636/423 711/1476/404
f 712/1087/425 710/1477/423 713/659/424
f 715/658/438 706/1478/885 707/656/436
f 725/596/394 733/1479/728 732/645/430
f 730/1258/186 729/1480/429 731/1259/164
f 722/633/420 750/1481/472 751/615/409
f 726/617/411 723/1482/504 722/633/420
f 714/1088/726 760/648/432 759/1483/397
f 735/1484/886 734/641/427 733/1092/728
f 739/1267/812 738/616/410 740/252/169
f 741/614/408 744/1095/730 746/618/412
f 728/611/405 750/1481/472 729/1485/429
f 737/1486/887 754/613/407 738/616/410
f 759/1487/397 769/1488/888 770/1489/395
f 755/1490/734 753/635/422 756/1491/735
f 752/1492/889 747/598/396 753/635/422
f 745/1096/731 734/641/427 746/618/412
f 817/714/475 785/1493/739 784/603/398
f 768/1494/393 744/1495/890 767/1496/891
f 762/632/419 763/1497/426 764/631/418
f 764/631/418 765/1498/892 766/1499/488
f 714/606/400 765/1500/892 712/1501/425
f 757/1502/893 767/1503/891 758/1504/431
f 770/597/395 743/1505/894 742/634/421
f 754/1506/407 742/634/421 741/1507/408
f 772/1508/492 773/657/437 771/655/435
f 716/588/895 773/1509/437 774/589/896
f 793/1510/897 775/607/401 792/662/440
f 779/1511/469 580/1399/315 778/1512/314
f 779/1513/469 780/721/478 782/1514/447
f 829/1515/898 772/1508/492 771/655/435
f 798/1109/740 792/662/440 796/712/473
f 794/719/476 603/1403/451 602/509/337
f 811/1516/899 791/1517/457 810/1518/454
f 790/1519/500 726/1520/411 791/1521/457
f 819/1522/446 781/1104/738 820/1523/445
f 797/686/458 735/1484/886 798/1524/740
f 799/1525/900 612/492/863 611/1411/322
f 804/1526/742 803/1527/453 805/1528/456
f 811/1516/899 795/1529/450 794/719/476
f 814/1530/455 800/490/901 799/1525/900
f 828/1531/902 820/1523/445 827/1532/441
f 812/1533/443 816/707/747 815/1534/468
f 808/1535/442 813/715/903 812/1536/443
f 797/1108/458 806/713/743 805/1114/456
f 190/1165/776 143/1537/904 204/1172/905
f 804/1538/906 825/1539/439 826/1540/907
f 822/1541/477 633/497/330 821/695/466
f 823/1542/908 821/695/466 824/694/909
f 823/1543/908 781/1544/910 780/721/478
f 826/689/907 818/1545/911 817/714/475
f 801/1546/912 827/1532/441 802/1547/467
f 802/1111/467 814/1117/455 803/1112/453
f 578/1402/861 655/527/346 579/526/345
f 829/1515/898 785/1548/403 830/1549/402
f 706/1478/885 783/654/434 707/656/436
f 670/558/370 607/1408/862 668/1550/715
f 834/1551/913 832/427/287 833/1552/483
f 834/1551/913 836/1553/914 835/1554/915
f 841/1555/916 843/730/485 844/1556/917
f 845/1557/748 843/1558/485 846/1559/749
s 13
f 849/818/918 850/1123/751 848/1560/496
s 1
f 832/427/287 853/1561/919 854/566/376
f 855/1562/920 853/1563/919 856/1564/921
f 864/1565/922 861/1346/175 863/1566/489
f 865/832/923 863/1567/489 866/1568/924
f 869/772/518 870/1569/756 868/1570/490
f 868/1570/490 878/770/516 869/772/518
f 842/496/329 873/1571/925 874/693/464
f 874/1572/464 876/1573/759 875/1574/758
s 13
f 848/1560/496 858/816/754 849/818/918
s 1
f 459/1575/837 838/1576/926 460/1577/247
s 14
f 884/1578/927 882/915/609 883/764/511
f 884/1578/927 885/883/591 886/1579/928
f 889/1580/929 887/861/581 888/1581/930
f 891/1582/931 893/852/576 894/1583/932
f 896/1584/933 893/852/576 895/867/584
f 899/1585/934 897/910/605 898/1586/935
f 882/915/609 901/1587/936 902/914/608
f 904/890/594 901/1587/936 903/1588/937
f 945/1589/938 907/893/595 908/1590/939
f 908/1590/939 909/895/596 910/1591/940
f 913/1592/941 911/855/578 912/1593/942
f 911/855/578 920/1594/943 912/1593/942
f 916/906/603 891/1582/931 915/1595/944
f 918/913/607 915/1595/945 917/1596/946
f 897/910/605 906/1597/947 898/1586/935
f 921/918/610 923/1598/948 924/884/592
f 926/856/579 923/1598/948 925/1599/949
f 932/912/606 930/1600/950 931/1601/951
f 932/912/606 933/1602/952 934/870/586
f 936/881/590 938/1603/953 935/1604/954
f 940/1605/955 921/918/610 939/921/611
f 940/1605/955 941/922/612 942/1606/956
f 948/896/597 945/1589/938 947/1607/957
f 950/900/599 947/1607/957 949/1608/958
f 952/904/602 954/1609/959 951/1610/960
f 959/1611/961 952/904/602 951/1610/960
f 930/1600/950 955/864/583 956/1612/962
f 956/1612/962 957/909/604 958/1613/963
f 943/1614/964 936/881/590 935/1604/954
f 887/861/581 928/1615/965 888/1581/930
f 890/860/580 886/1579/928 885/883/591
f 927/847/573 925/1599/949 928/1615/965
f 943/1614/964 941/922/612 944/879/589
f 933/1602/952 937/898/598 934/870/586
f 906/1597/947 904/890/594 903/1588/937
f 900/869/585 896/1584/933 895/867/584
f 919/901/600 917/1596/946 920/1594/943
f 914/853/577 910/1591/940 909/895/596
f 949/1608/958 953/876/588 950/900/599
f 958/1613/963 960/903/601 959/1611/961
s 3
f 53/1616/7 161/1617/7 56/1618/7
s 1
f 189/1619/43 153/931/616 152/930/49
f 520/1620/7 984/1621/966 574/1622/7
f 786/1623/7 996/1624/967 997/1625/968
f 154/1626/7 970/1627/969 289/1628/7
f 590/1629/7 998/1630/970 985/1631/971
f 155/1632/7 961/1633/972 154/1626/7
f 289/1628/7 971/1634/973 290/1635/7
f 787/704/7 999/1636/974 998/1630/970
f 156/1637/7 962/1638/975 155/1632/7
f 290/1635/7 972/1639/976 291/212/7
f 659/574/7 980/1640/977 517/1641/7
f 221/1642/7 965/1643/978 220/1644/7
f 220/1644/7 977/1645/979 408/92/7
f 788/701/168 1000/1646/980 999/1636/974
f 157/1647/48 963/1648/981 156/1637/7
f 291/212/7 969/1649/982 288/145/7
f 659/574/7 991/1650/983 990/1651/984
f 222/125/7 966/1652/985 221/1642/7
f 408/92/7 978/1653/986 409/329/168
f 789/1654/48 997/1625/968 1000/1646/980
f 157/1647/48 984/1621/966 964/1655/987
f 660/571/7 992/1656/988 991/1650/983
f 222/125/7 968/1657/989 967/1658/990
f 591/507/7 985/1631/971 986/1659/991
f 410/1660/7 978/1653/986 979/1661/992
f 718/1662/7 973/1663/993 993/1664/994
f 658/462/7 992/1656/988 661/1665/7
f 288/145/7 968/1657/989 223/142/7
f 591/507/7 987/1666/995 592/504/7
f 407/1667/7 979/1661/992 976/1668/996
f 346/1669/7 974/1670/997 973/1671/993
f 517/1641/7 981/1672/998 518/1673/48
f 719/669/168 993/1674/994 994/1675/999
f 592/504/7 988/1676/1000 593/531/7
f 347/1677/7 975/1678/1001 974/1670/997
f 518/1673/48 982/1679/1002 519/1680/7
f 719/669/168 995/1681/1003 720/637/7
f 593/531/7 989/1682/1004 658/462/7
f 519/1680/7 983/1683/1005 520/1620/7
f 348/1684/7 976/1668/996 975/1678/1001
f 720/637/7 996/1624/967 721/1685/7
f 1042/1686/1006 1010/1687/1007 1043/1688/1008
f 1044/1689/1009 1037/1690/1010 1045/1691/1011
f 1046/1692/1012 1023/1693/1013 1047/1694/1014
f 1043/1688/1008 1011/1695/1015 1048/1696/1016
f 1049/1697/1017 1025/1698/1018 1050/1699/1019
f 1048/1696/1016 1012/1700/1020 1052/1701/1021
f 1049/1697/1017 1039/1702/1022 1038/1703/1023
f 1050/1699/1019 1026/1704/1024 1054/1705/1025
f 1052/1701/1021 1009/1706/1026 1055/1707/1027
f 1056/1708/1028 1039/1702/1022 1053/1709/1029
f 1054/1705/1025 1027/1710/1030 1057/1711/1031
f 1058/1712/1032 1033/1713/1033 1059/1714/1034
f 1045/1691/1011 1040/1715/1035 1056/1708/1028
f 1060/1716/1036 1027/1710/1030 1028/1717/1037
f 1061/1718/1038 1013/1719/1039 1058/1712/1032
f 1062/1720/1040 1001/1721/1041 1042/1686/1006
f 1063/1722/1042 1028/1717/1037 1029/1723/1043
f 1061/1718/1038 1015/1724/1044 1014/1725/1045
f 1065/1726/1046 1002/1727/1047 1062/1720/1040
f 1066/1728/1048 1020/1729/1049 1067/1730/1050
f 1064/1731/1051 1016/1732/1052 1015/1724/1044
f 1069/1733/1053 1003/1734/1054 1065/1726/1046
f 1070/1735/1055 1030/1736/1056 1066/1728/1048
f 1072/1737/1057 1005/1738/1058 1017/1739/1059
f 1069/1733/1053 1024/1740/1060 1004/1741/1061
f 1070/1735/1055 1032/1742/1062 1031/1743/1063
f 1074/1744/1064 1017/1739/1059 1018/1745/1065
f 1075/1746/1066 1005/1738/1058 1071/1747/1067
f 1073/1748/1068 1029/1723/1043 1032/1742/1062
f 1076/1749/1069 1018/1745/1065 1019/1750/1070
f 1077/1751/1071 1006/1752/1072 1075/1746/1066
f 1078/1753/1073 1033/1713/1033 1034/1754/1074
f 1068/1755/1075 1019/1750/1070 1016/1732/1052
f 1077/1751/1071 1008/1756/1076 1007/1757/1077
f 1080/1758/1078 1034/1754/1074 1035/1759/1079
f 1081/1760/1080 1020/1729/1049 1021/1761/1081
f 1079/1762/1082 1009/1706/1026 1008/1756/1076
f 1080/1758/1078 1036/1763/1083 1044/1689/1009
f 1081/1760/1080 1022/1764/1084 1046/1692/1012
f 1023/1765/1013 1022/1766/1084 1041/1767/7
f 1011/1768/1015 1010/1769/1007 1041/1767/7
f 1025/1770/1018 1038/1771/1023 1041/1767/7
f 1024/1772/1060 1023/1765/1013 1041/1767/7
f 1012/1773/1020 1011/1768/1015 1041/1767/7
f 1038/1771/1023 1039/1774/1022 1041/1767/7
f 1026/1775/1024 1025/1770/1018 1041/1767/7
f 1009/1776/1026 1012/1773/1020 1041/1767/7
f 1039/1774/1022 1040/1777/1035 1041/1767/7
f 1027/1778/1030 1026/1775/1024 1041/1767/7
f 1033/1779/1033 1013/1780/1039 1041/1767/7
f 1040/1777/1035 1037/1781/1010 1041/1767/7
f 1028/1782/1037 1027/1778/1030 1041/1767/7
f 1013/1780/1039 1014/1783/1045 1041/1767/7
f 1001/1784/1041 1002/1785/1047 1041/1767/7
f 1029/1786/1043 1028/1782/1037 1041/1767/7
f 1014/1783/1045 1015/1787/1044 1041/1767/7
f 1002/1785/1047 1003/1788/1054 1041/1767/7
f 1020/1789/1049 1030/1790/1056 1041/1767/7
f 1015/1787/1044 1016/1791/1052 1041/1767/7
f 1003/1788/1054 1004/1792/1061 1041/1767/7
f 1030/1790/1056 1031/1793/1063 1041/1767/7
f 1017/1794/1059 1005/1795/1058 1041/1767/7
f 1004/1792/1061 1024/1772/1060 1041/1767/7
f 1031/1793/1063 1032/1796/1062 1041/1767/7
f 1018/1797/1065 1017/1794/1059 1041/1767/7
f 1005/1795/1058 1006/1798/1072 1041/1767/7
f 1032/1796/1062 1029/1786/1043 1041/1767/7
f 1019/1799/1070 1018/1797/1065 1041/1767/7
f 1006/1798/1072 1007/1800/1077 1041/1767/7
f 1034/1801/1074 1033/1779/1033 1041/1767/7
f 1016/1791/1052 1019/1799/1070 1041/1767/7
f 1007/1800/1077 1008/1802/1076 1041/1767/7
f 1035/1803/1079 1034/1801/1074 1041/1767/7
f 1021/1804/1081 1020/1789/1049 1041/1767/7
f 1008/1802/1076 1009/1776/1026 1041/1767/7
f 1036/1805/1083 1035/1803/1079 1041/1767/7
f 1022/1766/1084 1021/1804/1081 1041/1767/7
f 1010/1769/1007 1001/1784/1041 1041/1767/7
f 1037/1781/1010 1036/1805/1083 1041/1767/7
f 982/1679/1002 1081/1760/1080 1046/1692/1012
f 996/1624/967 1080/1758/1078 1044/1689/1009
f 968/1657/989 1055/1707/1027 1079/1762/1082
f 981/1672/998 1067/1730/1050 1081/1760/1080
f 995/1681/1003 1078/1753/1073 1080/1758/1078
f 967/1658/990 1079/1762/1082 1077/1751/1071
f 979/1661/992 1068/1755/1075 976/1668/996
f 993/1674/994 1078/1753/1073 994/1675/999
f 967/1658/990 1075/1746/1066 966/1652/985
f 979/1661/992 1074/1744/1064 1076/1749/1069
f 989/1682/1004 1073/1748/1068 992/1656/988
f 966/1652/985 1071/1747/1067 965/1643/978
f 977/1645/979 1074/1744/1064 978/1653/986
f 992/1656/988 1070/1735/1055 991/1650/983
f 964/1655/987 1051/1806/1085 1069/1733/1053
f 977/1645/979 1071/1747/1067 1072/1737/1057
f 990/1651/984 1070/1735/1055 1066/1728/1048
f 964/1655/987 1065/1726/1046 963/1648/981
f 976/1668/996 1064/1731/1051 975/1678/1001
f 990/1651/984 1067/1730/1050 980/1640/977
f 963/1648/981 1062/1720/1040 962/1638/975
f 975/1678/1001 1061/1718/1038 974/1670/997
f 989/1682/1004 1060/1716/1036 1063/1722/1042
f 961/1633/972 1062/1720/1040 1042/1686/1006
f 974/1670/997 1058/1712/1032 973/1671/993
f 988/1676/1000 1057/1711/1031 1060/1716/1036
f 1000/1646/980 1045/1691/1011 1056/1708/1028
f 973/1671/993 1059/1714/1034 993/1674/994
f 987/1666/995 1054/1705/1025 1057/1711/1031
f 1000/1646/980 1053/1709/1029 999/1636/974
f 969/1649/982 1052/1701/1021 1055/1707/1027
f 986/1659/991 1050/1699/1019 1054/1705/1025
f 999/1636/974 1049/1697/1017 998/1630/970
f 972/1639/976 1048/1696/1016 1052/1701/1021
f 983/1683/1005 1051/1806/1085 984/1621/966
f 998/1630/970 1050/1699/1019 985/1631/971
f 970/1627/969 1048/1696/1016 971/1634/973
f 983/1683/1005 1046/1692/1012 1047/1694/1014
f 997/1625/968 1044/1689/1009 1045/1691/1011
f 970/1627/969 1042/1686/1006 1043/1688/1008
f 141/1/1 190/1165/776 199/2/2
f 201/4/4 192/11/9 180/5/5
s 2
f 6/7/7 5/63/7 4/8/7
s 1
f 192/11/9 149/1164/775 198/10/8
f 198/10/8 181/1807/1086 180/5/5
f 151/12/10 203/1808/778 571/13/11
f 144/15/13 154/1809/7 289/16/7
f 175/18/15 9/22/19 163/19/16
f 186/21/18 169/1150/766 9/22/19
f 2/23/7 162/32/23 165/24/20
s 2
f 170/26/7 6/1810/7 7/27/7
s 1
f 166/29/21 160/3/3 199/2/2
f 8/31/7 183/1811/764 162/32/23
s 2
f 188/33/7 185/62/7 6/7/7
s 1
f 9/22/19 169/1150/766 172/35/24
s 2
f 301/37/7 171/28/7 7/27/7
s 1
f 195/39/26 194/358/241 452/40/27
f 526/42/29 60/192/133 177/43/30
f 174/45/32 201/4/4 184/6/6
f 156/47/7 155/191/7 147/48/34
f 281/50/36 323/150/99 193/51/37
f 25/53/7 1/25/7 165/24/20
f 163/19/16 9/22/19 10/36/25
f 177/43/30 175/18/15 182/20/17
f 525/56/41 158/755/503 3/57/7
f 202/59/42 200/181/125 189/60/43
s 2
f 185/62/7 179/1812/7 5/63/7
s 1
f 219/66/47 260/1813/795 205/64/45
f 205/64/45 207/1814/1087 276/65/46
f 157/67/48 156/47/7 150/49/35
s 3
f 56/69/7 161/1815/7 168/70/7
s 1
f 191/61/44 189/60/43 152/68/49
f 193/51/37 196/1816/109 146/72/50
f 574/73/7 157/67/48 152/68/49
f 205/64/45 260/1813/795 269/75/51
f 271/77/53 262/87/60 250/78/54
s 4
f 19/80/7 17/138/7 16/81/7
s 1
f 208/83/56 274/148/97 331/84/57
f 262/87/60 215/1817/794 268/86/59
f 268/86/59 251/958/1088 250/78/54
f 261/88/61 259/136/92 218/89/62
f 210/91/64 220/1644/7 408/92/7
f 245/94/66 23/98/70 231/95/67
f 256/97/69 239/1188/785 23/98/70
f 13/99/7 230/197/135 233/100/71
s 4
f 240/102/7 19/176/7 20/103/7
s 1
f 234/105/72 226/76/52 269/75/51
f 26/107/7 293/757/505 228/108/74
s 5
f 298/110/7 294/209/7 18/111/7
s 1
f 23/98/70 239/1188/785 242/113/75
s 4
f 420/115/7 241/104/7 20/103/7
s 1
f 265/117/77 264/382/255 464/118/78
f 229/120/80 22/172/118 247/121/81
f 244/123/83 271/77/53 254/79/55
f 222/125/7 221/1642/7 213/126/85
f 400/128/86 442/352/237 263/129/87
f 43/131/7 12/101/7 233/100/71
f 231/95/67 23/98/70 24/114/76
f 247/121/81 245/94/66 252/96/68
f 228/108/74 224/761/508 14/134/7
f 272/135/91 270/322/221 259/136/92
s 4
f 255/137/7 249/1818/7 17/138/7
s 1
f 332/141/95 279/962/1089 278/139/93
f 278/139/93 319/1819/805 286/140/94
f 223/142/7 222/125/7 216/127/63
s 5
f 18/111/7 227/1820/7 236/144/7
s 1
f 288/145/7 223/142/7 218/143/62
f 217/147/96 275/1821/797 274/148/97
f 282/149/98 325/1243/804 323/150/99
f 330/151/100 315/188/131 309/152/101
s 2
f 28/154/7 7/9/7 4/8/7
s 1
f 263/129/87 266/303/206 212/156/103
f 284/158/105 321/153/102 309/152/101
s 26
f 309/152/101 311/975/1090 326/157/1091
s 1
f 345/161/108 381/1822/821 333/159/106
f 333/159/106 335/1823/1092 395/160/107
f 196/162/109 197/1163/773 148/163/110
f 296/165/111 164/55/40 10/36/25
f 30/166/112 10/36/25 172/35/24
f 296/165/111 30/166/112 303/168/114
f 30/166/112 302/167/113 316/170/116
f 229/120/80 292/1824/129 308/171/117
f 22/172/118 308/171/117 299/173/119
s 4
f 258/175/7 255/1825/7 19/176/7
s 1
f 327/177/121 306/1826/1093 305/178/122
f 173/180/124 176/1827/1094 200/181/125
f 326/182/126 479/1828/842 476/183/127
f 313/169/115 303/168/114 308/185/117
f 304/187/130 318/978/649 315/188/131
f 280/17/14 289/16/7 290/189/7
f 155/191/7 154/1809/7 144/15/13
f 60/192/133 534/577/383 167/193/134
s 2
f 317/194/7 301/37/7 28/38/7
s 1
f 21/196/7 253/1829/783 230/197/135
f 300/198/136 307/972/1095 328/199/137
f 320/201/139 327/177/121 329/179/123
s 2
f 314/195/7 28/38/7 27/203/7
s 1
f 322/202/140 283/190/132 287/205/141
f 29/206/7 25/53/7 297/54/39
f 287/208/141 291/212/7 288/145/7
s 5
f 294/209/7 277/1830/7 15/210/7
s 1
f 283/211/132 290/1635/7 291/212/7
f 333/159/106 381/1822/821 388/213/143
f 390/215/145 383/267/183 371/216/146
s 6
f 38/218/7 36/276/7 35/219/7
s 1
f 404/221/148 336/1330/192 393/222/149
f 346/224/7 718/1662/7 708/225/151
f 382/227/153 380/274/187 344/228/154
f 385/230/156 386/1283/818 340/231/157
f 366/233/159 42/237/163 356/234/160
f 377/236/162 362/1266/811 42/237/163
f 32/238/7 355/1831/230 731/239/164
s 6
f 363/241/7 38/317/7 39/242/7
s 1
f 357/244/165 351/214/144 388/213/143
f 44/246/7 412/754/502 353/247/167
s 7
f 418/249/7 413/385/7 37/250/7
s 1
f 42/237/163 362/1266/811 740/252/169
f 364/254/171 367/1832/1096 389/255/172
f 384/257/174 762/632/419 861/258/175
f 354/260/177 41/269/184 368/261/178
f 365/263/180 390/1286/145 375/264/147
f 383/267/183 341/1833/820 387/266/182
f 387/266/182 372/995/1097 371/216/146
f 347/268/7 346/224/7 339/226/152
f 41/269/184 360/1834/216 358/270/185
f 356/234/160 42/237/163 94/253/170
f 368/261/178 366/1269/159 373/272/161
f 353/247/167 349/763/510 33/273/7
f 391/256/173 389/255/172 380/274/187
s 6
f 376/275/7 370/1835/7 36/276/7
s 1
f 451/279/190 398/1836/1098 397/277/188
f 397/277/188 438/1323/830 405/278/189
f 348/280/7 347/268/7 342/229/155
s 7
f 37/250/7 352/1249/7 359/281/7
s 1
f 407/282/7 348/280/7 344/228/154
f 394/284/191 393/1837/149 336/285/192
f 447/287/194 438/1323/830 397/277/188
f 449/289/196 434/328/227 428/290/197
s 4
f 46/292/7 20/82/7 16/81/7
s 1
f 761/294/199 385/1838/156 338/295/158
f 403/299/202 440/1308/198 428/297/197
s 27
f 428/297/1099 430/1013/1100 445/298/1101
s 1
f 573/302/205 504/1028/1102 503/300/203
f 503/300/203 556/1391/858 515/301/204
f 266/303/206 267/1839/792 214/304/207
f 415/305/208 232/133/90 24/114/76
f 48/306/209 24/114/76 242/113/75
f 415/305/208 48/306/209 422/308/211
f 48/306/209 421/307/210 435/310/213
f 354/311/177 411/326/225 427/312/214
f 41/313/184 427/312/214 419/314/215
s 6
f 379/316/7 376/1840/7 38/317/7
s 1
f 446/318/217 425/1841/217 424/319/218
f 243/321/220 246/1842/1103 270/322/221
f 445/323/222 497/1843/681 494/324/223
f 432/309/212 422/308/211 427/312/214
f 423/327/226 437/1016/674 434/328/227
f 399/93/65 408/92/7 409/329/168
f 221/331/7 220/1844/7 210/332/64
f 22/334/118 237/1845/120 235/335/229
s 4
f 436/337/7 420/1846/7 46/292/7
s 1
f 40/339/7 374/1260/809 355/340/230
f 417/342/231 426/1847/1104 447/343/194
f 439/345/232 446/318/217 448/320/219
s 4
f 433/338/7 46/292/7 45/293/7
s 1
f 441/346/233 402/353/228 406/348/234
f 47/349/7 43/131/7 416/132/89
f 406/348/234 410/354/7 407/282/7
f 401/351/236 444/1848/829 442/352/237
f 402/353/228 409/1849/168 410/354/7
s 8
f 273/355/238 472/384/257 481/356/239
s 1
f 324/184/128 476/183/127 452/40/27
f 198/359/242 195/1850/26 455/360/28
f 268/362/244 265/117/77 467/119/79
f 204/364/246 462/1851/836 460/365/247
s 7
f 34/367/7 334/1852/7 352/368/7
s 1
f 453/370/249 881/825/249 884/371/250
f 387/373/251 384/1282/174 485/374/176
f 395/376/107 492/1853/846 490/377/253
s 5
f 15/379/7 206/1854/7 227/380/7
s 1
f 443/325/224 494/324/223 464/118/78
s 8
f 276/383/256 474/1340/678 472/384/257
s 7
f 413/385/7 396/1855/7 34/386/7
s 1
f 392/378/254 490/377/253 499/387/258
f 328/199/137 319/1819/805 278/139/93
f 567/389/260 556/1391/858 503/300/203
f 569/391/262 552/431/291 546/392/263
s 9
f 57/394/7 58/423/7 54/395/7
s 1
f 514/397/265 505/14/12 571/13/11
f 513/400/268 558/393/264 546/392/263
s 28
f 546/392/1105 548/1856/1106 565/399/1107
s 1
f 646/403/271 577/1048/1108 576/401/269
f 576/401/269 629/1430/870 588/402/270
f 561/404/272 694/533/350 650/405/273
f 527/407/275 530/1857/363 62/408/276
f 61/409/277 537/414/282 553/410/278
f 527/407/275 61/409/277 540/411/279
f 61/409/277 62/408/276 538/413/281
f 526/42/29 521/429/289 545/415/283
f 59/416/7 51/440/7 528/417/284
s 9
f 554/419/7 536/1378/7 57/420/7
f 672/422/7 80/538/7 58/423/7
f 536/425/7 539/424/7 58/423/7
s 1
f 563/426/286 833/1552/483 832/427/287
f 550/412/280 540/411/279 545/415/283
f 541/430/290 555/1383/697 552/431/291
f 509/432/292 518/436/48 519/433/7
f 508/435/294 517/1858/7 518/436/48
f 77/437/7 666/592/392 529/438/295
f 51/440/7 50/439/7 529/438/295
f 531/441/296 544/1040/1109 567/389/260
f 52/442/7 522/751/499 525/56/41
f 557/443/297 566/1859/374 568/444/298
s 9
f 551/421/7 57/420/7 55/446/7
s 1
f 559/445/299 512/434/293 516/448/300
s 3
f 532/449/7 523/844/7 56/69/7
s 1
f 510/450/301 562/1860/361 561/451/272
f 516/448/300 520/453/7 574/73/7
f 512/434/293 519/433/7 520/453/7
f 640/454/302 629/1430/870 576/401/269
f 642/456/304 625/502/333 619/457/305
s 10
f 71/459/7 72/667/7 68/460/7
s 1
f 658/462/7 661/1665/7 656/463/307
f 586/466/309 631/458/306 619/457/305
s 29
f 619/457/1110 621/1861/1111 638/465/1112
s 1
f 657/469/312 690/1862/882 647/467/310
f 647/467/310 649/1068/1113 702/468/311
f 634/470/313 822/1863/477 778/471/314
f 600/473/316 603/679/451 76/474/317
f 75/475/318 610/480/323 626/476/319
f 600/473/316 75/475/318 613/477/320
f 75/475/318 76/474/317 611/479/322
f 598/481/324 594/1864/331 618/482/325
f 599/484/327 662/753/501 78/485/7
s 11
f 70/487/7 665/1865/7 668/488/7
s 10
f 800/490/7 98/708/7 72/491/7
f 609/493/7 612/492/7 72/491/7
s 1
f 636/495/328 843/730/485 842/496/329
f 623/498/321 613/1057/320 618/499/325
f 614/501/332 628/1418/710 625/502/333
f 582/503/334 591/507/7 592/504/7
f 581/506/336 590/1629/7 591/507/7
f 95/508/7 794/719/476 602/509/337
f 65/511/7 64/510/7 602/509/337
f 604/513/339 617/1420/1114 640/454/302
f 66/514/7 595/762/509 599/484/327
f 630/515/340 639/691/462 641/516/341
s 10
f 624/518/7 71/494/7 69/519/7
s 1
f 632/517/342 585/1050/335 589/521/343
s 11
f 605/522/7 596/731/7 70/523/7
s 1
f 701/525/344 643/529/348 579/526/345
f 587/528/347 579/526/345 643/529/348
f 585/505/335 592/504/7 593/531/7
f 694/533/350 695/1466/880 652/534/351
f 699/535/352 692/541/357 680/536/353
s 9
f 80/538/7 79/586/7 54/395/7
s 1
f 583/539/355 635/1866/449 634/470/313
f 692/541/357 653/1467/881 696/540/356
f 696/540/356 681/1867/1115 680/536/353
f 691/542/358 689/584/388 656/543/307
f 511/545/360 564/1390/857 562/546/361
f 667/548/362 82/551/364 62/549/276
f 82/551/364 671/1868/874 538/552/281
f 675/553/365 82/551/364 667/548/362
f 686/555/367 671/1868/874 82/551/364
f 598/481/324 74/483/326 677/556/368
f 74/483/326 608/706/471 670/558/370
s 10
f 627/559/7 609/493/7 71/494/7
s 1
f 673/560/371 676/1869/1116 698/561/372
f 566/563/374 543/1870/374 542/564/375
f 854/566/376 855/1871/920 696/567/1117
f 677/556/368 675/553/365 682/554/366
f 674/569/379 699/535/352 684/537/354
f 660/571/7 659/574/7 651/572/381
f 659/574/7 517/1641/7 508/575/294
f 60/192/133 545/415/283 533/576/382
s 9
f 688/578/7 685/585/7 80/538/7
s 1
f 73/579/7 65/511/7 601/512/338
f 669/581/385 664/750/498 697/582/386
f 700/562/373 698/561/372 689/584/388
s 9
f 685/585/7 679/1872/7 79/586/7
s 1
f 774/589/391 705/1873/1118 704/587/389
f 704/587/389 757/1502/893 716/588/390
f 661/590/7 660/1874/7 654/544/359
f 81/591/7 683/1442/873 666/592/392
f 589/532/343 593/531/7 658/462/7
s 11
f 67/593/7 648/1875/7 665/594/7
s 1
f 768/595/393 757/1502/893 704/587/389
f 770/597/395 753/635/422 747/598/396
s 6
f 90/600/7 39/220/7 35/219/7
s 1
f 786/602/7 789/717/48 784/603/398
f 714/606/400 759/599/397 747/598/396
s 30
f 747/598/396 749/1098/1119 766/605/1120
s 1
f 785/609/403 818/1876/911 775/607/401
f 775/607/401 777/1102/1121 830/608/402
f 711/610/404 763/640/426 761/294/199
f 728/611/405 730/271/186 94/253/170
f 93/612/406 738/616/410 754/613/407
f 728/611/405 93/612/406 741/614/408
f 93/612/406 94/253/170 740/252/169
f 726/617/411 722/633/420 746/618/412
f 727/620/414 790/752/500 96/621/7
s 12
f 89/623/7 793/748/7 798/624/48
s 1
f 767/626/415 744/1877/1122 743/627/416
s 6
f 737/629/168 739/243/7 39/242/7
s 1
f 764/631/418 863/1878/489 861/258/175
f 751/615/409 741/614/408 746/618/412
f 742/634/421 756/1491/735 753/635/422
f 710/636/423 719/669/168 720/637/7
f 712/639/425 765/1879/892 763/640/426
f 92/619/413 746/618/412 734/641/427
f 85/643/7 84/240/7 731/239/164
f 732/645/430 745/1880/1123 768/595/393
f 86/646/7 723/756/504 727/620/414
f 758/647/431 767/626/415 769/628/417
s 6
f 752/649/7 90/630/7 88/650/7
s 1
f 760/648/432 713/659/424 717/652/433
s 12
f 733/653/48 724/732/7 89/623/7
s 1
f 783/654/434 829/1515/898 771/655/435
f 707/656/436 771/655/435 773/657/437
f 713/659/424 720/1881/7 721/660/7
f 775/607/401 818/1876/911 825/661/439
f 827/663/441 820/1882/445 808/664/442
s 10
f 98/666/7 97/716/7 68/460/7
s 1
f 708/668/151 718/1883/7 719/669/168
f 820/672/445 781/1884/910 824/670/444
f 824/670/444 809/1116/1124 808/671/442
f 819/673/446 817/714/475 784/603/398
f 584/675/448 637/1429/869 635/676/449
f 795/678/450 100/680/452 76/474/317
f 100/680/452 799/1885/900 611/479/322
f 803/681/453 100/680/452 795/678/450
f 814/683/455 799/1885/900 100/680/452
f 726/617/411 92/619/413 805/684/456
f 92/619/413 736/642/428 797/686/458
s 6
f 755/687/7 737/629/168 90/630/7
s 1
f 801/688/459 804/1526/1125 826/689/460
f 639/691/462 616/1886/1126 615/692/463
f 874/693/464 875/1887/758 824/694/465
f 805/696/456 803/1888/453 810/697/454
f 802/699/467 827/663/441 812/665/443
f 788/701/168 787/704/7 779/702/469
f 787/704/7 590/1629/7 581/506/336
f 74/483/326 618/482/325 606/705/470
s 10
f 816/707/7 813/1889/7 98/708/7
s 1
f 91/709/7 85/1890/7 729/710/429
f 796/712/473 792/662/440 825/661/439
f 828/690/461 826/689/460 817/714/475
s 10
f 813/715/7 807/1891/7 97/716/7
s 1
f 789/717/48 788/1892/168 782/674/447
f 99/718/7 811/1516/899 794/719/476
f 717/652/433 721/660/7 786/602/7
f 822/720/477 823/1543/908 780/721/478
s 13
f 859/723/479 848/746/496 644/724/480
s 1
f 832/427/287 854/566/376 693/568/378
f 565/726/482 836/1893/914 833/727/483
f 638/729/484 846/1894/749 843/730/485
s 11
f 596/731/7 575/1895/7 67/593/7
s 12
f 724/732/7 703/1896/7 87/733/7
s 1
f 834/734/486 923/823/486 922/735/487
f 766/737/488 866/1897/924 863/738/489
f 868/740/490 870/1898/756 774/741/491
f 459/743/493 888/807/493 928/744/494
f 842/496/329 874/693/464 821/695/466
s 13
f 848/746/496 850/1899/751 646/747/497
s 12
f 87/733/7 776/1900/7 793/748/7
s 1
f 830/749/402 879/1901/761 868/740/490
f 647/467/310 690/1862/882 697/582/386
f 59/416/7 549/418/285 522/751/499
f 790/752/500 811/1516/899 99/718/7
f 662/753/501 683/1442/873 81/591/7
f 47/349/7 431/350/235 412/754/502
f 158/755/503 183/1811/764 8/31/7
f 91/709/7 750/711/472 723/756/504
f 29/206/7 312/207/142 293/757/505
f 844/758/506 931/783/506 930/759/507
f 224/761/508 253/1829/783 21/196/7
f 73/579/7 622/580/384 595/762/509
f 349/763/510 374/1260/809 40/339/7
s 14
f 883/764/511 882/915/609 101/765/512
s 1
f 949/769/515 865/832/566 867/767/513
f 867/767/513 872/1902/757 871/768/514
f 871/768/514 954/846/572 949/769/515
f 878/770/516 959/788/532 951/771/517
f 469/775/521 896/815/552 899/773/519
f 899/773/519 473/842/571 475/774/520
f 475/774/520 470/1903/1127 469/775/521
f 873/776/522 956/808/522 958/777/523
f 471/779/525 898/843/525 906/780/526
f 845/782/528 933/814/551 931/783/506
f 454/372/250 884/371/250 886/784/529
f 959/788/532 878/770/516 880/786/531
f 880/786/531 877/1904/1128 876/787/524
f 876/787/524 958/1905/523 959/788/532
f 903/790/534 478/1906/560 480/789/533
s 31
f 480/789/533 483/1907/533 482/781/527
s 1
f 482/781/527 906/780/526 903/790/534
f 465/791/535 891/1908/1129 894/792/536
f 831/794/487 922/1909/487 940/795/537
f 853/796/537 940/795/537 942/797/538
f 484/799/540 908/841/540 910/800/541
f 839/745/495 928/744/494 925/802/543
f 925/802/543 835/822/558 837/803/544
s 32
f 837/803/544 840/1910/544 839/745/495
s 1
f 487/801/542 910/800/541 913/804/545
f 913/804/545 491/1911/1130 493/805/545
s 33
f 493/805/1131 488/1912/1132 487/801/542
s 1
f 461/806/546 889/830/564 888/807/493
f 841/760/507 930/759/507 956/808/522
s 15
f 496/809/547 917/819/555 915/810/548
s 1
f 933/814/551 845/782/528 847/812/549
f 847/812/549 852/1124/1133 851/813/550
f 851/813/550 938/840/570 933/814/551
f 466/793/536 894/792/536 896/815/552
f 858/816/553 943/829/563 935/817/554
s 15
f 500/821/557 920/1913/556 917/819/555
f 917/819/555 496/809/547 498/820/556
f 498/820/556 501/1914/684 500/821/557
s 1
f 835/822/558 925/802/543 923/823/486
f 477/824/559 901/827/561 881/825/249
f 478/826/560 903/1915/534 901/827/561
f 943/829/563 858/816/553 860/828/562
s 34
f 860/828/1134 857/1916/1134 856/798/539
s 1
f 856/798/539 942/797/538 943/829/563
s 35
f 463/831/565 458/1917/565 457/785/530
s 1
f 457/785/530 886/784/529 889/830/564
f 889/830/564 461/806/546 463/831/565
f 865/832/566 949/769/515 947/833/567
f 460/835/247 838/1918/926 573/836/1135
f 864/834/567 947/833/567 945/838/569
f 849/818/554 935/817/554 938/840/570
f 862/839/569 945/838/569 908/841/540
f 473/842/571 899/773/519 898/843/525
s 3
f 523/844/7 502/1919/48 53/845/7
s 1
f 869/772/518 951/771/517 954/846/572
s 14
f 927/847/573 887/861/581 104/848/512
f 892/850/574 106/859/512 107/851/575
f 914/853/577 117/899/512 116/854/512
f 926/856/579 927/847/573 124/849/512
f 892/850/574 916/906/603 118/858/512
f 890/860/580 105/920/512 104/848/512
f 929/862/582 125/866/512 138/863/512
f 929/862/582 932/912/606 126/865/575
f 895/867/584 108/911/512 110/868/512
f 934/870/586 937/898/598 129/871/512
f 905/873/587 897/910/605 109/874/512
f 953/876/588 952/904/602 136/877/512
f 944/879/589 132/892/512 128/880/512
f 883/764/511 102/766/512 103/882/512
f 924/884/592 926/856/579 123/857/512
f 946/886/593 948/896/597 134/887/512
f 905/873/587 113/875/512 112/889/512
f 944/879/589 941/922/612 131/891/512
f 907/893/595 114/905/512 115/894/512
f 948/896/597 950/900/599 135/897/512
f 937/898/598 936/881/590 128/880/512
f 909/895/596 115/894/512 117/899/512
f 950/900/599 953/876/588 137/878/512
f 919/901/600 911/855/578 116/854/512
f 960/903/601 140/916/512 136/877/512
f 946/886/593 133/888/512 114/905/512
f 916/906/603 918/913/607 119/907/512
f 955/864/583 138/863/512 139/908/512
f 900/869/585 110/868/512 109/874/512
f 895/867/584 893/852/576 107/851/575
f 934/870/586 127/872/512 126/865/575
f 918/913/607 919/901/600 120/902/512
f 902/914/608 111/919/512 101/765/512
f 957/909/604 139/908/512 140/916/512
f 924/884/592 122/885/512 121/917/512
f 902/914/608 904/890/594 112/889/512
f 885/883/591 103/882/512 105/920/512
f 939/921/611 130/923/512 131/891/512
f 939/921/611 921/918/610 121/917/512
s 1
f 161/1133/762 142/1920/613 141/1/1
f 147/48/34 144/15/13 145/1134/38
f 147/48/34 146/1135/50 148/927/110
f 506/1136/763 152/1921/49 151/12/10
f 168/1137/617 161/1133/762 160/3/3
f 162/1138/23 163/1152/16 164/1139/40
f 183/1141/764 158/1144/503 159/1142/31
f 158/1144/503 525/1922/41 526/1145/29
f 191/1146/44 150/1923/35 149/1147/615
f 167/193/134 534/577/383 535/1149/765
f 169/1150/766 170/1153/768 171/1151/767
f 176/936/619 173/934/618 175/18/15
f 183/1141/764 182/1143/17 163/1152/16
f 186/21/18 188/942/624 170/1153/768
f 202/1154/769 191/1924/44 192/11/9
f 184/6/6 185/1156/770 188/1155/624
f 180/5/5 179/1925/1136 185/1156/770
f 167/193/134 166/932/21 178/937/620
f 259/136/92 260/1926/795 219/1157/628
f 176/1158/771 178/30/22 199/2/2
f 196/1160/109 193/1927/37 194/358/241
f 197/1161/773 196/1160/109 195/39/26
f 197/1163/773 198/10/8 149/1164/775
f 200/1159/772 199/2/2 190/1165/776
f 173/1167/777 202/1154/769 201/4/4
f 174/935/32 187/941/33 186/21/18
f 203/1168/778 204/364/246 570/366/248
f 203/1170/778 151/1928/10 153/1171/779
f 227/1173/781 206/1929/625 205/64/45
f 213/126/85 210/91/64 211/1174/88
f 213/126/85 212/1175/103 214/1176/207
f 209/1177/782 218/1930/62 217/147/96
f 236/1178/629 227/1173/781 226/76/52
f 230/1179/135 231/1931/67 232/1180/90
f 253/1182/783 224/1932/508 225/122/82
f 224/1183/508 228/1933/74 229/1184/80
f 261/88/61 216/90/63 215/947/627
f 235/951/229 237/174/120 238/1187/784
f 239/1188/785 240/1193/787 241/1189/786
f 246/1190/631 243/1934/630 245/1191/66
f 253/1182/783 252/96/68 231/95/67
f 256/97/69 258/1935/636 240/1193/787
f 272/1194/788 261/1936/61 262/1195/60
f 254/79/55 255/1197/789 258/960/636
f 250/78/54 249/957/1137 255/1197/789
f 235/951/229 234/950/72 248/956/632
f 286/1198/641 319/1244/805 320/201/139
f 246/1199/790 248/106/73 269/75/51
f 266/1201/206 263/1937/87 264/382/255
f 267/1202/792 266/1201/206 265/117/77
f 267/1203/792 268/1938/59 215/1204/794
f 270/1206/791 269/1939/51 260/1207/795
f 243/1209/796 272/1940/788 271/77/53
f 244/123/83 257/124/84 256/959/69
f 275/1211/797 217/1941/96 219/66/47
f 278/1212/93 277/1830/1138 294/209/798
f 145/1134/38 144/15/13 280/17/14
f 282/149/98 281/50/36 280/1215/14
f 295/1213/138 294/209/798 298/110/642
f 164/1218/40 296/1229/111 297/54/39
f 292/1219/129 293/757/505 312/207/142
f 284/1221/640 283/211/132 322/1222/140
f 229/1184/80 228/1933/74 293/1224/505
f 171/1151/767 301/1942/799 302/167/113
f 303/1226/114 305/1943/643 306/1227/644
f 296/1229/111 313/1220/115 312/207/142
f 301/1230/799 317/1944/648 316/1231/116
f 321/1223/102 322/1222/140 329/1233/800
f 317/194/648 314/195/801 315/1235/131
f 314/195/801 310/204/646 309/1237/101
f 307/972/645 300/198/136 299/968/119
f 380/274/187 381/1285/821 345/985/653
f 328/1238/137 307/1945/1095 306/1227/802
f 194/358/241 193/1927/37 323/1240/99
f 324/184/128 323/1240/99 325/1241/804
f 284/1242/105 326/1946/104 325/1243/804
f 319/1244/805 328/1947/137 327/177/803
f 330/1245/100 329/179/800 305/178/806
f 316/976/116 318/978/649 304/187/130
f 286/1247/94 285/85/58 331/84/57
f 352/1249/807 334/1948/650 333/1250/106
f 339/1252/152 708/1949/151 709/296/200
f 339/1253/152 338/232/158 340/231/157
f 337/1255/808 344/1950/154 343/286/193
f 359/281/654 352/1249/807 351/1251/144
f 355/1257/230 356/1951/160 730/1258/186
f 374/1260/809 349/763/510 350/1261/179
f 349/763/510 353/247/167 354/1263/177
f 382/227/153 342/229/155 341/983/652
f 358/1265/185 360/1952/216 361/251/810
f 362/1266/811 363/1271/813 739/1267/812
f 367/1268/656 364/1953/655 366/1269/159
f 374/1260/809 373/1262/161 356/1270/160
f 377/236/162 379/1954/661 363/1271/813
f 391/256/814 382/227/153 383/1264/183
f 375/264/147 376/1955/815 379/997/661
f 371/216/146 370/994/1139 376/1273/815
f 358/987/185 357/986/165 369/993/657
f 405/1274/666 438/1956/830 439/1275/232
f 367/1277/816 369/1957/166 388/1278/143
f 385/1280/156 761/1958/199 762/632/419
f 386/1281/818 385/1959/156 384/1282/174
f 386/1283/818 387/1960/182 341/1284/820
f 389/255/817 388/1961/143 381/1285/821
f 364/989/822 391/1962/814 390/1286/145
f 365/263/180 378/265/181 377/996/162
f 394/1287/191 395/1963/107 392/1288/254
f 394/1290/191 343/1964/193 345/161/108
f 397/277/188 396/1965/1140 413/1291/823
f 211/1292/88 210/332/64 399/1293/65
f 401/351/236 400/128/86 399/1295/65
f 392/1288/254 451/1966/833 450/1297/150
f 414/288/195 413/1291/823 418/1298/667
f 232/1180/90 415/1967/208 416/1300/89
f 411/1301/225 412/754/502 431/350/235
f 354/1263/177 353/247/167 412/754/502
f 403/1303/665 402/353/228 441/346/233
f 361/251/810 360/1952/216 419/1305/215
f 241/1189/786 420/1307/824 421/307/210
f 422/308/211 424/1009/668 425/1010/669
f 415/1306/208 432/1302/212 431/350/235
f 420/1307/824 436/1968/673 435/310/213
f 440/1308/198 441/1969/233 448/1309/825
f 436/1015/673 433/1311/826 434/328/227
f 433/1311/826 429/1970/671 428/290/197
f 426/1011/670 417/1971/231 419/314/215
f 515/1033/689 556/1972/858 557/1312/297
f 447/343/194 426/1847/1104 425/1313/827
f 264/1315/255 263/1973/87 442/1316/237
f 443/1317/224 442/1316/237 444/1318/829
f 403/1320/202 445/1974/201 444/1321/829
f 438/1323/830 447/287/194 446/1324/828
f 449/289/196 448/1975/825 424/1326/831
f 435/1014/213 437/1016/674 423/327/226
f 285/85/58 287/1976/141 209/1177/782
f 405/278/832 404/1977/148 450/1328/150
f 404/221/148 406/1978/234 337/1329/808
f 238/112/784 237/1979/120 299/1331/119
f 452/1332/27 453/370/1141 454/372/834
f 456/1334/243 455/1333/28 454/372/834
f 462/1335/836 461/806/1142 459/743/837
f 467/1337/79 464/1355/78 465/1338/838
f 467/1337/79 466/1339/839 469/1018/675
s 8
f 474/1340/678 473/1980/677 471/1341/840
s 1
f 477/1342/841 453/1981/1141 452/40/27
f 477/1343/841 476/1982/127 479/1344/842
f 861/1346/175 862/1983/1143 484/1347/844
f 485/259/176 484/1984/844 487/1349/845
f 492/1351/846 491/1985/1144 489/1352/847
f 495/1354/848 465/1338/1145 464/1355/78
f 496/1357/680 495/1986/848 494/1358/223
s 8
f 482/1360/849 481/356/239 472/384/257
s 1
f 503/300/203 502/1027/1146 523/1361/850
f 507/1362/274 508/435/294 509/432/292
f 511/545/360 510/547/301 509/1364/292
f 514/397/265 516/1987/300 506/1136/763
f 524/390/261 523/1361/850 532/1035/690
f 530/1366/363 527/1377/275 528/417/284
f 521/1367/289 522/751/499 549/418/285
f 526/1145/29 525/1922/41 522/1369/499
f 513/1371/688 512/434/293 559/445/299
f 535/1149/765 534/577/383 533/576/382
f 539/424/851 536/425/852 537/1374/282
f 540/411/279 542/1038/691 543/1376/692
f 527/1377/275 550/1368/280 549/418/285
f 536/1378/852 554/419/696 553/1379/278
f 558/1372/264 559/445/299 568/444/853
f 554/1382/696 551/1384/854 552/431/291
f 551/1384/854 547/1988/694 546/392/263
f 544/1040/693 531/441/296 533/1036/382
f 588/402/702 629/1430/870 630/1385/340
f 567/389/260 544/1040/1109 543/1039/855
f 560/428/288 561/1989/272 562/1388/361
f 563/728/286 562/1990/361 564/1389/857
f 513/400/268 565/399/267 564/1390/857
f 556/1391/858 567/389/260 566/1387/856
f 569/1393/262 568/565/853 542/564/859
f 553/410/278 555/1046/697 541/1037/290
f 570/366/248 573/1991/568 572/1395/266
f 515/1396/204 514/397/265 572/398/266
f 576/401/269 575/1047/1147 596/1398/860
f 580/1399/315 581/1992/336 582/1400/334
f 584/1049/448 583/1401/355 582/1400/334
f 587/528/347 589/1993/343 578/1402/861
f 597/455/303 596/1398/860 605/1055/703
f 603/1403/451 600/1412/316 601/512/338
f 594/500/331 595/1406/509 622/1404/384
f 598/1405/324 599/1994/327 595/1406/509
f 586/1051/701 585/1050/335 632/517/342
f 607/1408/862 608/706/471 606/705/470
f 612/492/863 609/493/864 610/1410/323
f 613/1057/320 615/1059/704 616/1060/705
f 600/1412/316 623/1995/321 622/580/384
f 609/1413/864 627/1065/709 626/476/319
f 631/1414/306 632/1996/342 641/1415/865
f 627/1417/709 624/1419/866 625/502/333
f 624/1419/866 620/1997/707 619/457/305
f 617/1420/706 604/513/339 606/1056/470
f 689/584/388 690/1998/882 657/1422/714
f 640/1423/302 617/1999/1114 616/1424/867
f 633/497/330 634/2000/313 635/1426/449
f 636/495/328 635/1426/449 637/1427/869
f 586/1428/309 638/2001/308 637/1429/869
f 629/1430/870 640/454/302 639/1431/868
f 642/1416/304 641/1415/865 615/1432/871
f 626/476/319 628/1066/710 614/1434/332
f 588/1435/270 587/528/347 645/530/349
f 665/1437/872 648/1067/711 647/467/310
f 651/572/381 508/575/294 507/1438/274
f 651/1440/381 650/405/273 652/534/351
f 668/1073/715 665/1437/872 664/750/498
f 666/592/392 667/1452/362 530/1366/363
f 683/1442/873 662/753/501 663/1443/369
f 691/1445/358 654/573/359 653/1070/713
f 662/1447/501 599/1994/327 598/1405/324
f 671/1449/874 672/1454/875 539/1450/851
f 676/1077/717 673/1075/716 675/553/365
f 683/1442/873 682/1444/366 667/1452/362
f 686/1453/367 688/2002/722 672/1454/875
f 700/1455/876 691/2003/358 692/541/357
f 684/537/354 685/1457/877 688/1456/722
f 680/536/353 679/2004/1148 685/1457/877
f 670/1074/370 669/581/385 678/583/718
f 716/1459/727 757/2005/893 758/1460/431
f 676/1462/878 678/583/387 697/582/386
f 694/1464/350 561/1989/272 560/428/288
f 695/1465/880 694/1464/350 693/568/378
f 695/1466/880 696/540/356 653/1467/881
f 698/1468/879 697/2006/386 690/1469/882
f 673/1471/883 700/1455/876 699/535/352
f 674/1076/379 687/1082/380 686/555/367
f 701/525/344 655/527/346 657/1472/312
f 704/587/389 703/2007/1149 724/1474/884
f 709/1475/200 708/668/151 710/636/423
f 712/1087/425 711/2008/404 710/1477/423
f 715/658/438 717/2009/433 706/1478/885
f 725/596/394 724/1474/884 733/1479/728
f 730/1258/186 728/2010/405 729/1480/429
f 722/633/420 723/1482/504 750/1481/472
f 726/617/411 727/2011/414 723/1482/504
f 714/1088/726 713/659/424 760/648/432
f 735/1484/886 736/642/428 734/641/427
f 739/1267/812 737/1486/887 738/616/410
f 741/614/408 743/1094/729 744/1095/730
f 728/611/405 751/615/409 750/1481/472
f 737/1486/887 755/1099/734 754/613/407
f 759/1487/397 760/2012/432 769/1488/888
f 755/1490/734 752/1492/889 753/635/422
f 752/1492/889 748/1097/732 747/598/396
f 745/1096/731 732/1091/430 734/641/427
f 817/714/475 818/1545/911 785/1493/739
f 768/1494/393 745/2013/1123 744/1495/890
f 762/632/419 761/1958/199 763/1497/426
f 764/631/418 763/1497/426 765/1498/892
f 714/606/400 766/605/399 765/1500/892
f 757/1502/893 768/595/393 767/1503/891
f 770/597/395 769/2014/888 743/1505/894
f 754/1506/407 756/1491/735 742/634/421
f 772/1508/492 774/2015/896 773/657/437
f 716/588/895 715/2016/438 773/1509/437
f 793/1510/897 776/1101/736 775/607/401
f 779/1511/469 581/1992/336 580/1399/315
f 779/1513/469 778/722/314 780/721/478
f 829/1515/898 830/1549/402 772/1508/492
f 798/1109/740 793/1510/897 792/662/440
f 794/719/476 795/1529/450 603/1403/451
f 811/1516/899 790/752/500 791/1517/457
f 790/1519/500 727/2017/414 726/1520/411
f 819/1522/446 782/703/447 781/1104/738
f 797/686/458 736/642/428 735/1484/886
f 799/1525/900 800/490/901 612/492/863
f 804/1526/742 801/688/741 803/1527/453
f 811/1516/899 810/1518/454 795/1529/450
f 814/1530/455 816/707/747 800/490/901
f 828/1531/902 819/1522/446 820/1523/445
f 812/1533/443 813/1889/903 816/707/747
f 808/1535/442 807/1891/1150 813/715/903
f 797/1108/458 796/712/473 806/713/743
f 204/1172/780 153/1171/779 190/1165/776
f 190/1165/776 141/1/1 143/1537/904
f 804/1538/906 806/2018/474 825/1539/439
f 822/1541/477 634/2000/313 633/497/330
f 823/1542/908 822/1541/477 821/695/466
f 823/1543/908 824/2019/444 781/1544/910
f 826/689/907 825/2020/439 818/1545/911
f 801/1546/912 828/1531/902 827/1532/441
f 802/1111/467 815/1118/468 814/1117/455
f 578/1402/861 656/2021/307 655/527/346
f 829/1515/898 783/654/434 785/1548/403
f 706/1478/885 784/2022/398 783/654/434
f 670/558/370 608/706/471 607/1408/862
f 834/1551/913 831/2023/1151 832/427/287
f 834/1551/913 833/1552/483 836/1553/914
f 841/1555/916 842/496/329 843/730/485
f 845/1557/748 844/2024/917 843/1558/485
s 13
f 849/818/918 851/813/752 850/1123/751
s 1
f 832/427/287 831/2023/1151 853/1561/919
f 855/1562/920 854/2025/376 853/1563/919
f 864/1565/922 862/1983/1143 861/1346/175
f 865/832/1152 864/834/922 863/1567/489
f 869/772/518 871/768/514 870/1569/756
f 868/1570/490 879/1132/761 878/770/516
f 842/496/329 841/1555/916 873/1571/925
f 874/1572/464 873/2026/925 876/1573/759
s 13
f 848/1560/496 859/1125/479 858/816/754
s 1
f 459/1575/837 839/2027/1153 838/1576/926
s 14
f 884/1578/927 881/2028/1154 882/915/609
f 884/1578/927 883/764/511 885/883/591
f 889/1580/929 890/860/580 887/861/581
f 891/1582/931 892/850/574 893/852/576
f 896/1584/933 894/1583/932 893/852/576
f 899/1585/934 900/869/585 897/910/605
f 882/915/609 881/2028/1154 901/1587/936
f 904/890/594 902/914/608 901/1587/936
f 945/1589/938 946/886/593 907/893/595
f 908/1590/939 907/893/595 909/895/596
f 913/1592/1155 914/853/577 911/855/578
f 911/855/578 919/901/600 920/1594/943
f 916/906/603 892/850/574 891/1582/931
f 918/913/607 916/906/603 915/1595/945
f 897/910/605 905/873/587 906/1597/947
f 921/918/610 922/2029/1156 923/1598/948
f 926/856/579 924/884/592 923/1598/948
f 932/912/606 929/862/582 930/1600/950
f 932/912/606 931/1601/951 933/1602/952
f 936/881/590 937/898/598 938/1603/953
f 940/1605/955 922/2029/1156 921/918/610
f 940/1605/955 939/921/611 941/922/612
f 948/896/597 946/886/593 945/1589/938
f 950/900/599 948/896/597 947/1607/957
f 952/904/602 953/876/588 954/1609/959
f 959/1611/961 960/903/601 952/904/602
f 930/1600/950 929/862/582 955/864/583
f 956/1612/962 955/864/583 957/909/604
f 943/1614/964 944/879/589 936/881/590
f 887/861/581 927/847/573 928/1615/965
f 890/860/580 889/1580/929 886/1579/928
f 927/847/573 926/856/579 925/1599/949
f 943/1614/964 942/1606/956 941/922/612
f 933/1602/952 938/1603/953 937/898/598
f 906/1597/947 905/873/587 904/890/594
f 900/869/585 899/1585/934 896/1584/933
f 919/901/600 918/913/607 917/1596/946
f 914/853/577 913/1592/1155 910/1591/940
f 949/1608/958 954/1609/959 953/876/588
f 958/1613/963 957/909/604 960/903/601
s 3
f 53/1616/7 142/2030/7 161/1617/7
s 1
f 189/1619/43 190/2031/776 153/931/616
f 520/1620/7 983/1683/1005 984/1621/966
f 786/1623/7 721/1685/7 996/1624/967
f 154/1626/7 961/1633/972 970/1627/969
f 590/1629/7 787/704/7 998/1630/970
f 155/1632/7 962/1638/975 961/1633/972
f 289/1628/7 970/1627/969 971/1634/973
f 787/704/7 788/701/168 999/1636/974
f 156/1637/7 963/1648/981 962/1638/975
f 290/1635/7 971/1634/973 972/1639/976
f 659/574/7 990/1651/984 980/1640/977
f 221/1642/7 966/1652/985 965/1643/978
f 220/1644/7 965/1643/978 977/1645/979
f 788/701/168 789/1654/48 1000/1646/980
f 157/1647/48 964/1655/987 963/1648/981
f 291/212/7 972/1639/976 969/1649/982
f 659/574/7 660/571/7 991/1650/983
f 222/125/7 967/1658/990 966/1652/985
f 408/92/7 977/1645/979 978/1653/986
f 789/1654/48 786/1623/7 997/1625/968
f 157/1647/48 574/1622/7 984/1621/966
f 660/571/7 661/1665/7 992/1656/988
f 222/125/7 223/142/7 968/1657/989
f 591/507/7 590/1629/7 985/1631/971
f 410/1660/7 409/329/168 978/1653/986
f 718/1662/7 346/224/7 973/1663/993
f 658/462/7 989/1682/1004 992/1656/988
f 288/145/7 969/1649/982 968/1657/989
f 591/507/7 986/1659/991 987/1666/995
f 407/1667/7 410/1660/7 979/1661/992
f 346/1669/7 347/1677/7 974/1670/997
f 517/1641/7 980/1640/977 981/1672/998
f 719/669/168 718/1883/7 993/1674/994
f 592/504/7 987/1666/995 988/1676/1000
f 347/1677/7 348/1684/7 975/1678/1001
f 518/1673/48 981/1672/998 982/1679/1002
f 719/669/168 994/1675/999 995/1681/1003
f 593/531/7 988/1676/1000 989/1682/1004
f 519/1680/7 982/1679/1002 983/1683/1005
f 348/1684/7 407/1667/7 976/1668/996
f 720/637/7 995/1681/1003 996/1624/967
f 1042/1686/1006 1001/1721/1041 1010/1687/1007
f 1044/1689/1009 1036/1763/1083 1037/1690/1010
f 1046/1692/1012 1022/1764/1084 1023/1693/1013
f 1043/1688/1008 1010/1687/1007 1011/1695/1015
f 1049/1697/1017 1038/1703/1023 1025/1698/1018
f 1048/1696/1016 1011/1695/1015 1012/1700/1020
f 1049/1697/1017 1053/1709/1029 1039/1702/1022
f 1050/1699/1019 1025/1698/1018 1026/1704/1024
f 1052/1701/1021 1012/1700/1020 1009/1706/1026
f 1056/1708/1028 1040/1715/1035 1039/1702/1022
f 1054/1705/1025 1026/1704/1024 1027/1710/1030
f 1058/1712/1032 1013/1719/1039 1033/1713/1033
f 1045/1691/1011 1037/1690/1010 1040/1715/1035
f 1060/1716/1036 1057/1711/1031 1027/1710/1030
f 1061/1718/1038 1014/1725/1045 1013/1719/1039
f 1062/1720/1040 1002/1727/1047 1001/1721/1041
f 1063/1722/1042 1060/1716/1036 1028/1717/1037
f 1061/1718/1038 1064/1731/1051 1015/1724/1044
f 1065/1726/1046 1003/1734/1054 1002/1727/1047
f 1066/1728/1048 1030/1736/1056 1020/1729/1049
f 1064/1731/1051 1068/1755/1075 1016/1732/1052
f 1069/1733/1053 1004/1741/1061 1003/1734/1054
f 1070/1735/1055 1031/1743/1063 1030/1736/1056
f 1072/1737/1057 1071/1747/1067 1005/1738/1058
f 1069/1733/1053 1051/1806/1085 1024/1740/1060
f 1070/1735/1055 1073/1748/1068 1032/1742/1062
f 1074/1744/1064 1072/1737/1057 1017/1739/1059
f 1075/1746/1066 1006/1752/1072 1005/1738/1058
f 1073/1748/1068 1063/1722/1042 1029/1723/1043
f 1076/1749/1069 1074/1744/1064 1018/1745/1065
f 1077/1751/1071 1007/1757/1077 1006/1752/1072
f 1078/1753/1073 1059/1714/1034 1033/1713/1033
f 1068/1755/1075 1076/1749/1069 1019/1750/1070
f 1077/1751/1071 1079/1762/1082 1008/1756/1076
f 1080/1758/1078 1078/1753/1073 1034/1754/1074
f 1081/1760/1080 1067/1730/1050 1020/1729/1049
f 1079/1762/1082 1055/1707/1027 1009/1706/1026
f 1080/1758/1078 1035/1759/1079 1036/1763/1083
f 1081/1760/1080 1021/1761/1081 1022/1764/1084
f 982/1679/1002 981/1672/998 1081/1760/1080
f 996/1624/967 995/1681/1003 1080/1758/1078
f 968/1657/989 969/1649/982 1055/1707/1027
f 981/1672/998 980/1640/977 1067/1730/1050
f 995/1681/1003 994/1675/999 1078/1753/1073
f 967/1658/990 968/1657/989 1079/1762/1082
f 979/1661/992 1076/1749/1069 1068/1755/1075
f 993/1674/994 1059/1714/1034 1078/1753/1073
f 967/1658/990 1077/1751/1071 1075/1746/1066
f 979/1661/992 978/1653/986 1074/1744/1064
f 989/1682/1004 1063/1722/1042 1073/1748/1068
f 966/1652/985 1075/1746/1066 1071/1747/1067
f 977/1645/979 1072/1737/1057 1074/1744/1064
f 992/1656/988 1073/1748/1068 1070/1735/1055
f 964/1655/987 984/1621/966 1051/1806/1085
f 977/1645/979 965/1643/978 1071/1747/1067
f 990/1651/984 991/1650/983 1070/1735/1055
f 964/1655/987 1069/1733/1053 1065/1726/1046
f 976/1668/996 1068/1755/1075 1064/1731/1051
f 990/1651/984 1066/1728/1048 1067/1730/1050
f 963/1648/981 1065/1726/1046 1062/1720/1040
f 975/1678/1001 1064/1731/1051 1061/1718/1038
f 989/1682/1004 988/1676/1000 1060/1716/1036
f 961/1633/972 962/1638/975 1062/1720/1040
f 974/1670/997 1061/1718/1038 1058/1712/1032
f 988/1676/1000 987/1666/995 1057/1711/1031
f 1000/1646/980 997/1625/968 1045/1691/1011
f 973/1671/993 1058/1712/1032 1059/1714/1034
f 987/1666/995 986/1659/991 1054/1705/1025
f 1000/1646/980 1056/1708/1028 1053/1709/1029
f 969/1649/982 972/1639/976 1052/1701/1021
f 986/1659/991 985/1631/971 1050/1699/1019
f 999/1636/974 1053/1709/1029 1049/1697/1017
f 972/1639/976 971/1634/973 1048/1696/1016
f 983/1683/1005 1047/1694/1014 1051/1806/1085
f 998/1630/970 1049/1697/1017 1050/1699/1019
f 970/1627/969 1043/1688/1008 1048/1696/1016
f 983/1683/1005 982/1679/1002 1046/1692/1012
f 997/1625/968 996/1624/967 1044/1689/1009
f 970/1627/969 961/1633/972 1042/1686/1006
s 36
g Llanta_tire-low
usemtl tire-low
f 1234/2032/1157 1091/2033/1158 1090/2034/1159
f 1249/2035/1160 1082/2036/1161 1105/2037/1160
f 1227/2038/1162 1084/2039/1163 1083/2040/1162
f 1242/2041/1164 1099/2042/1165 1098/2043/1166
f 1235/2044/1167 1092/2045/1168 1091/2033/1158
f 1228/2046/1169 1085/2047/1170 1084/2048/1163
f 1243/2049/1171 1100/2050/1172 1099/2042/1165
f 1236/2051/1173 1093/2052/1174 1092/2045/1168
f 1229/2053/1175 1086/2054/1176 1085/2047/1170
f 1244/2055/1177 1101/2056/1178 1100/2050/1172
f 1237/2057/1174 1094/2058/1179 1093/2052/1174
f 1230/2059/1180 1087/2060/1181 1086/2054/1176
f 1245/2061/1182 1102/2062/1183 1101/2056/1178
f 1238/2063/1179 1095/2064/1184 1094/2058/1179
f 1231/2065/1185 1088/2066/1186 1087/2060/1181
f 1246/2067/1187 1103/2068/1188 1102/2062/1183
f 1239/2069/1184 1096/2070/1189 1095/2071/1184
f 1232/2072/1190 1089/2073/1191 1088/2066/1186
f 1247/2074/1192 1104/2075/1193 1103/2068/1188
f 1240/2076/1194 1097/2077/1195 1096/2070/1189
f 1233/2078/1196 1090/2034/1159 1089/2073/1191
f 1248/2079/1197 1105/2037/1160 1104/2080/1193
f 1241/2081/1198 1098/2043/1166 1097/2077/1195
f 1088/2082/1186 1111/2083/1199 1087/2084/1181
f 1102/2085/1183 1127/2086/1200 1126/2087/1201
f 1096/2088/1189 1119/2089/1202 1095/2090/1203
f 1088/2082/1186 1113/2091/1204 1112/2092/1205
f 1103/2093/1188 1128/2094/1206 1127/2086/1200
f 1097/2095/1195 1120/2096/1207 1096/2088/1189
f 1089/2097/1191 1114/2098/1208 1113/2091/1204
f 1104/2099/1193 1129/2100/1209 1128/2094/1206
f 1083/2101/1210 1106/2102/1211 1082/2103/1212
f 1098/2104/1166 1121/2105/1213 1097/2095/1195
f 1090/2106/1159 1115/2107/1214 1114/2098/1208
f 1105/2108/1215 1106/2102/1211 1129/2100/1209
f 1084/2109/1163 1107/2110/1216 1083/2101/1210
f 1099/2111/1165 1122/2112/1217 1098/2104/1166
f 1091/2113/1158 1116/2114/1218 1115/2107/1214
f 1085/2115/1170 1108/2116/1219 1084/2109/1163
f 1100/2117/1172 1123/2118/1220 1099/2111/1165
f 1092/2119/1168 1117/2120/1221 1116/2114/1218
f 1086/2121/1176 1109/2122/1222 1085/2115/1170
f 1100/2117/1172 1125/2123/1223 1124/2124/1224
f 1093/2125/1225 1118/2126/1226 1117/2120/1221
f 1087/2084/1181 1110/2127/1227 1086/2121/1176
f 1101/2128/1178 1126/2087/1201 1125/2123/1223
f 1095/2090/1203 1118/2126/1226 1094/2129/1228
f 1202/2130/512 1139/2131/512 1203/2132/512
f 1205/2133/512 1133/2134/512 1132/2135/512
f 1207/2136/512 1148/2137/512 1147/2138/512
f 1208/2139/512 1140/2140/512 1202/2130/512
f 1204/2141/512 1134/2142/512 1133/2134/512
f 1206/2143/512 1149/2144/512 1148/2137/512
f 1208/2139/512 1142/2145/512 1141/2146/512
f 1209/2147/512 1135/2148/512 1134/2142/512
f 1210/2149/512 1150/2150/512 1149/2144/512
f 1211/2151/512 1143/2152/512 1142/2145/512
f 1212/2153/512 1136/2154/512 1135/2148/512
f 1216/2155/512 1150/2150/512 1213/2156/512
f 1214/2157/512 1144/2158/512 1143/2152/512
f 1218/2159/512 1136/2154/512 1215/2160/512
f 1219/2161/512 1151/2162/512 1216/2155/512
f 1220/2163/512 1144/2158/512 1217/2164/512
f 1221/2165/512 1137/2166/512 1218/2159/512
f 1222/2167/512 1152/2168/512 1219/2161/512
f 1224/2169/512 1131/2170/512 1130/2171/512
f 1220/2163/512 1146/2172/512 1145/2173/512
f 1203/2132/512 1138/2174/512 1221/2165/512
f 1224/2169/512 1153/2175/512 1222/2167/512
f 1205/2133/512 1131/2170/512 1223/2176/512
f 1207/2136/512 1146/2172/512 1225/2177/512
s 37
f 1151/2178/1229 1174/2179/1230 1150/2180/1230
f 1144/2181/1231 1167/2182/1232 1143/2183/1232
f 1136/2184/1233 1161/2185/1234 1160/2186/1233
f 1151/2178/1229 1176/2187/1235 1175/2188/1229
f 1144/2181/1231 1169/2189/1236 1168/2190/1231
f 1138/2191/1237 1161/2192/1234 1137/2193/1234
f 1153/2194/1238 1176/2195/1235 1152/2196/1235
f 1130/2197/1239 1155/2198/1240 1154/2199/1239
f 1146/2200/1241 1169/2201/1236 1145/2202/1236
f 1139/2203/1242 1162/2204/1237 1138/2191/1237
f 1130/2197/1239 1177/2205/1238 1153/2194/1238
f 1131/2206/1240 1156/2207/1243 1155/2198/1240
f 1147/2208/1244 1170/2209/1241 1146/2200/1241
f 1139/2203/1242 1164/2210/1245 1163/2211/1242
f 1132/2212/1243 1157/2213/1246 1156/2207/1243
f 1148/2214/1247 1171/2215/1248 1147/2208/1244
f 1140/2216/1245 1165/2217/1249 1164/2210/1245
f 1134/2218/1250 1157/2213/1246 1133/2219/1246
f 1149/2220/1251 1172/2221/1247 1148/2222/1247
f 1141/2223/1249 1166/2224/1252 1165/2217/1249
f 1135/2225/1253 1158/2226/1250 1134/2218/1250
f 1150/2180/1230 1173/2227/1251 1149/2220/1251
f 1143/2228/1232 1166/2224/1252 1142/2229/1252
f 1136/2184/1233 1159/2230/1253 1135/2231/1253
s 38
f 1163/2232/512 1188/2233/512 1187/2234/512
f 1157/2235/512 1180/2236/512 1156/2237/512
f 1172/2238/512 1195/2239/512 1171/2215/512
f 1164/2210/512 1189/2240/512 1188/2241/512
f 1158/2242/512 1181/2243/512 1157/2235/512
f 1172/2221/512 1197/2244/512 1196/2245/512
f 1166/2224/512 1189/2240/512 1165/2217/512
f 1159/2246/512 1182/2247/512 1158/2226/512
f 1173/2227/512 1198/2248/512 1197/2244/512
f 1166/2224/512 1191/2249/512 1190/2250/512
f 1159/2230/512 1184/2251/512 1183/2252/512
f 1174/2179/512 1199/2253/512 1198/2248/512
f 1167/2182/512 1192/2254/512 1191/2255/512
f 1161/2185/512 1184/2251/512 1160/2186/512
f 1176/2187/512 1199/2253/512 1175/2188/512
f 1168/2190/512 1193/2256/512 1192/2254/512
f 1162/2204/512 1185/2257/512 1161/2192/512
f 1177/2205/512 1200/2258/512 1176/2195/512
f 1154/2199/512 1179/2259/512 1178/2260/512
f 1170/2261/512 1193/2256/512 1169/2189/512
f 1163/2232/512 1186/2262/512 1162/2263/512
f 1154/2199/512 1201/2264/512 1177/2205/512
f 1156/2207/512 1179/2259/512 1155/2198/512
f 1171/2215/512 1194/2265/512 1170/2209/512
s 36
f 1122/2112/512 1207/2136/512 1225/2177/512
f 1107/2110/1216 1205/2133/512 1223/2176/512
f 1106/2102/1211 1222/2167/512 1129/2100/1209
f 1115/2107/512 1221/2165/512 1114/2098/512
f 1121/2105/512 1225/2177/512 1220/2163/512
f 1106/2102/1211 1223/2176/512 1224/2169/512
f 1129/2100/1209 1219/2161/512 1128/2094/1206
f 1114/2098/512 1218/2159/512 1113/2091/512
f 1120/2096/1207 1220/2163/512 1217/2164/512
f 1128/2094/1206 1216/2155/512 1127/2086/512
f 1113/2091/512 1215/2160/512 1112/2092/512
f 1119/2089/1202 1217/2164/512 1214/2157/512
f 1127/2086/512 1213/2156/512 1126/2087/512
f 1111/2083/512 1215/2160/512 1212/2153/512
f 1118/2126/1226 1214/2157/512 1211/2151/512
f 1126/2087/512 1210/2149/512 1125/2123/512
f 1110/2127/512 1212/2153/512 1209/2147/512
f 1118/2126/1226 1208/2139/512 1117/2120/1221
f 1125/2123/512 1206/2143/512 1124/2124/512
f 1109/2122/512 1209/2147/512 1204/2141/512
f 1117/2120/1221 1202/2130/512 1116/2114/1218
f 1123/2118/512 1206/2143/512 1207/2136/512
f 1108/2116/1219 1204/2141/512 1205/2133/512
f 1116/2114/1218 1203/2132/512 1115/2107/512
f 1255/2266/1254 1232/2267/1190 1231/2268/1185
f 1246/2269/1187 1271/2270/1255 1247/2271/1192
f 1263/2272/1256 1240/2273/1194 1239/2274/1257
f 1232/2267/1190 1257/2275/1258 1233/2276/1196
f 1247/2271/1192 1272/2277/1259 1248/2278/1197
f 1264/2279/1260 1241/2280/1198 1240/2273/1194
f 1233/2276/1196 1258/2281/1261 1234/2282/1157
f 1248/2278/1197 1273/2283/1262 1249/2284/1263
f 1250/2285/1264 1227/2286/1265 1226/2287/1266
f 1265/2288/1267 1242/2289/1164 1241/2280/1198
f 1234/2282/1157 1259/2290/1268 1235/2291/1167
f 1249/2284/1263 1250/2285/1264 1226/2287/1266
f 1251/2292/1269 1228/2293/1169 1227/2286/1265
f 1266/2294/1270 1243/2295/1171 1242/2289/1164
f 1235/2291/1167 1260/2296/1271 1236/2297/1173
f 1252/2298/1272 1229/2299/1175 1228/2293/1169
f 1267/2300/1273 1244/2301/1177 1243/2295/1171
f 1236/2297/1173 1261/2302/1274 1237/2303/1275
f 1253/2304/1276 1230/2305/1180 1229/2299/1175
f 1244/2301/1177 1269/2306/1277 1245/2307/1182
f 1237/2303/1275 1262/2308/1278 1238/2309/1279
f 1254/2310/1280 1231/2268/1185 1230/2305/1180
f 1245/2307/1182 1270/2311/1281 1246/2269/1187
f 1262/2308/1278 1239/2274/1257 1238/2309/1279
f 1283/2312/7 1346/2313/7 1347/2314/7
f 1349/2315/7 1277/2316/7 1348/2317/7
f 1351/2318/7 1292/2319/7 1350/2320/7
f 1284/2321/7 1352/2322/7 1346/2313/7
f 1348/2317/7 1278/2323/7 1353/2324/7
f 1350/2320/7 1293/2325/7 1354/2326/7
f 1352/2322/7 1286/2327/7 1355/2328/7
f 1353/2324/7 1279/2329/7 1356/2330/7
f 1354/2326/7 1294/2331/7 1357/2332/7
f 1355/2328/7 1287/2333/7 1358/2334/7
f 1356/2330/7 1280/2335/7 1359/2336/7
f 1294/2331/7 1360/2337/7 1357/2332/7
f 1358/2334/7 1288/2338/7 1361/2339/7
f 1280/2335/7 1362/2340/7 1359/2336/7
f 1295/2341/7 1363/2342/7 1360/2337/7
f 1288/2338/7 1364/2343/7 1361/2339/7
f 1281/2344/7 1365/2345/7 1362/2340/7
f 1296/2346/7 1366/2347/7 1363/2342/7
f 1368/2348/7 1275/2349/7 1367/2350/7
f 1364/2343/7 1290/2351/7 1369/2352/7
f 1282/2353/7 1347/2314/7 1365/2345/7
f 1297/2354/7 1368/2348/7 1366/2347/7
f 1275/2349/7 1349/2315/7 1367/2350/7
f 1290/2351/7 1351/2318/7 1369/2352/7
s 39
f 1318/2355/1282 1295/2341/1283 1294/2331/1282
f 1311/2356/1284 1288/2338/1285 1287/2333/1284
f 1280/2335/1286 1305/2357/1287 1281/2344/1287
f 1319/2358/1283 1296/2346/1288 1295/2341/1283
f 1288/2338/1285 1313/2359/1289 1289/2360/1289
f 1281/2344/1287 1306/2361/1290 1282/2353/1290
f 1296/2346/1288 1321/2362/1291 1297/2354/1291
f 1274/2363/1292 1299/2364/1293 1275/2349/1293
f 1289/2360/1289 1314/2365/1294 1290/2351/1294
f 1282/2353/1290 1307/2366/1295 1283/2312/1295
f 1321/2362/1291 1274/2363/1292 1297/2354/1291
f 1299/2364/1293 1276/2367/1296 1275/2349/1293
f 1314/2365/1294 1291/2368/1297 1290/2351/1294
f 1283/2312/1295 1308/2369/1298 1284/2321/1298
f 1276/2367/1296 1301/2370/1299 1277/2316/1299
f 1315/2371/1297 1292/2319/1300 1291/2368/1297
f 1284/2321/1298 1309/2372/1301 1285/2373/1301
f 1277/2316/1299 1302/2374/1302 1278/2323/1302
f 1316/2375/1300 1293/2325/1303 1292/2319/1300
f 1309/2372/1301 1286/2327/1304 1285/2373/1301
f 1302/2374/1302 1279/2329/1305 1278/2323/1302
f 1317/2376/1303 1294/2331/1282 1293/2325/1303
f 1310/2377/1304 1287/2333/1284 1286/2327/1304
f 1303/2378/1305 1280/2335/1286 1279/2329/1305
s 40
f 1307/2366/7 1332/2379/7 1308/2369/7
f 1324/2380/7 1301/2370/7 1300/2381/7
f 1339/2382/7 1316/2375/7 1315/2371/7
f 1308/2369/7 1333/2383/7 1309/2372/7
f 1325/2384/7 1302/2374/7 1301/2370/7
f 1316/2375/7 1341/2385/7 1317/2376/7
f 1333/2383/7 1310/2377/7 1309/2372/7
f 1326/2386/7 1303/2378/7 1302/2374/7
f 1317/2376/7 1342/2387/7 1318/2355/7
f 1310/2377/7 1335/2388/7 1311/2356/7
f 1303/2378/7 1328/2389/7 1304/2390/7
f 1318/2355/7 1343/2391/7 1319/2358/7
f 1311/2356/7 1336/2392/7 1312/2393/7
f 1328/2389/7 1305/2357/7 1304/2390/7
f 1343/2391/7 1320/2394/7 1319/2358/7
f 1312/2393/7 1337/2395/7 1313/2359/7
f 1329/2396/7 1306/2361/7 1305/2357/7
f 1344/2397/7 1321/2362/7 1320/2394/7
f 1298/2398/7 1323/2399/7 1299/2364/7
f 1337/2395/7 1314/2365/7 1313/2359/7
f 1330/2400/7 1307/2366/7 1306/2361/7
f 1345/2401/7 1298/2398/7 1321/2362/7
f 1323/2399/7 1300/2381/7 1299/2364/7
f 1338/2402/7 1315/2371/7 1314/2365/7
s 36
f 1266/2403/7 1351/2318/7 1267/2404/7
f 1251/2405/1269 1349/2315/7 1252/2406/1272
f 1366/2347/7 1250/2407/1264 1273/2408/1262
f 1365/2345/7 1259/2409/7 1258/2410/7
f 1265/2411/7 1369/2352/7 1266/2403/7
f 1250/2407/1264 1367/2350/7 1251/2405/1269
f 1363/2342/7 1273/2408/1262 1272/2412/1259
f 1362/2340/7 1258/2410/7 1257/2413/7
f 1264/2414/1260 1364/2343/7 1265/2411/7
f 1360/2337/7 1272/2412/1259 1271/2415/7
f 1359/2336/7 1257/2413/7 1256/2416/7
f 1263/2417/1256 1361/2339/7 1264/2414/1260
f 1357/2332/7 1271/2415/7 1270/2418/7
f 1255/2419/7 1359/2336/7 1256/2416/7
f 1262/2420/1278 1358/2334/7 1263/2417/1256
f 1354/2326/7 1270/2418/7 1269/2421/7
f 1254/2422/7 1356/2330/7 1255/2419/7
f 1352/2322/7 1262/2420/1278 1261/2423/1274
f 1350/2320/7 1269/2421/7 1268/2424/7
f 1253/2425/7 1353/2324/7 1254/2422/7
f 1346/2313/7 1261/2423/1274 1260/2426/1271
f 1267/2404/7 1350/2320/7 1268/2424/7
f 1252/2406/1272 1348/2317/7 1253/2425/7
f 1347/2314/7 1260/2426/1271 1259/2409/7
f 1226/2427/1161 1083/2040/1162 1082/2036/1161
f 1234/2032/1157 1235/2044/1167 1091/2033/1158
f 1249/2035/1160 1226/2427/1161 1082/2036/1161
f 1227/2038/1162 1228/2428/1169 1084/2039/1163
f 1242/2041/1164 1243/2049/1171 1099/2042/1165
f 1235/2044/1167 1236/2051/1173 1092/2045/1168
f 1228/2046/1169 1229/2053/1175 1085/2047/1170
f 1243/2049/1171 1244/2055/1177 1100/2050/1172
f 1236/2051/1173 1237/2057/1174 1093/2052/1174
f 1229/2053/1175 1230/2059/1180 1086/2054/1176
f 1244/2055/1177 1245/2061/1182 1101/2056/1178
f 1237/2057/1174 1238/2063/1179 1094/2058/1179
f 1230/2059/1180 1231/2065/1185 1087/2060/1181
f 1245/2061/1182 1246/2067/1187 1102/2062/1183
f 1238/2063/1179 1239/2429/1184 1095/2064/1184
f 1231/2065/1185 1232/2072/1190 1088/2066/1186
f 1246/2067/1187 1247/2074/1192 1103/2068/1188
f 1239/2069/1184 1240/2076/1194 1096/2070/1189
f 1232/2072/1190 1233/2078/1196 1089/2073/1191
f 1247/2074/1192 1248/2430/1197 1104/2075/1193
f 1240/2076/1194 1241/2081/1198 1097/2077/1195
f 1233/2078/1196 1234/2032/1157 1090/2034/1159
f 1248/2079/1197 1249/2035/1160 1105/2037/1160
f 1241/2081/1198 1242/2041/1164 1098/2043/1166
f 1088/2082/1186 1112/2092/1205 1111/2083/1199
f 1102/2085/1183 1103/2093/1188 1127/2086/1200
f 1096/2088/1189 1120/2096/1207 1119/2089/1202
f 1088/2082/1186 1089/2097/1191 1113/2091/1204
f 1103/2093/1188 1104/2099/1193 1128/2094/1206
f 1097/2095/1195 1121/2105/1213 1120/2096/1207
f 1089/2097/1191 1090/2106/1159 1114/2098/1208
f 1104/2099/1193 1105/2108/1215 1129/2100/1209
f 1083/2101/1210 1107/2110/1216 1106/2102/1211
f 1098/2104/1166 1122/2112/1217 1121/2105/1213
f 1090/2106/1159 1091/2113/1158 1115/2107/1214
f 1105/2108/1215 1082/2103/1212 1106/2102/1211
f 1084/2109/1163 1108/2116/1219 1107/2110/1216
f 1099/2111/1165 1123/2118/1220 1122/2112/1217
f 1091/2113/1158 1092/2119/1168 1116/2114/1218
f 1085/2115/1170 1109/2122/1222 1108/2116/1219
f 1100/2117/1172 1124/2124/1224 1123/2118/1220
f 1092/2119/1168 1093/2125/1225 1117/2120/1221
f 1086/2121/1176 1110/2127/1227 1109/2122/1222
f 1100/2117/1172 1101/2128/1178 1125/2123/1223
f 1093/2125/1225 1094/2129/1228 1118/2126/1226
f 1087/2084/1181 1111/2083/1199 1110/2127/1227
f 1101/2128/1178 1102/2085/1183 1126/2087/1201
f 1095/2090/1203 1119/2089/1202 1118/2126/1226
f 1202/2130/512 1140/2140/512 1139/2131/512
f 1205/2133/512 1204/2141/512 1133/2134/512
f 1207/2136/512 1206/2143/512 1148/2137/512
f 1208/2139/512 1141/2146/512 1140/2140/512
f 1204/2141/512 1209/2147/512 1134/2142/512
f 1206/2143/512 1210/2149/512 1149/2144/512
f 1208/2139/512 1211/2151/512 1142/2145/512
f 1209/2147/512 1212/2153/512 1135/2148/512
f 1210/2149/512 1213/2156/512 1150/2150/512
f 1211/2151/512 1214/2157/512 1143/2152/512
f 1212/2153/512 1215/2160/512 1136/2154/512
f 1216/2155/512 1151/2162/512 1150/2150/512
f 1214/2157/512 1217/2164/512 1144/2158/512
f 1218/2159/512 1137/2166/512 1136/2154/512
f 1219/2161/512 1152/2168/512 1151/2162/512
f 1220/2163/512 1145/2173/512 1144/2158/512
f 1221/2165/512 1138/2174/512 1137/2166/512
f 1222/2167/512 1153/2175/512 1152/2168/512
f 1224/2169/512 1223/2176/512 1131/2170/512
f 1220/2163/512 1225/2177/512 1146/2172/512
f 1203/2132/512 1139/2131/512 1138/2174/512
f 1224/2169/512 1130/2171/512 1153/2175/512
f 1205/2133/512 1132/2135/512 1131/2170/512
f 1207/2136/512 1147/2138/512 1146/2172/512
s 37
f 1151/2178/1229 1175/2188/1229 1174/2179/1230
f 1144/2181/1231 1168/2190/1231 1167/2182/1232
f 1136/2184/1233 1137/2431/1234 1161/2185/1234
f 1151/2178/1229 1152/2432/1235 1176/2187/1235
f 1144/2181/1231 1145/2433/1236 1169/2189/1236
f 1138/2191/1237 1162/2204/1237 1161/2192/1234
f 1153/2194/1238 1177/2205/1238 1176/2195/1235
f 1130/2197/1239 1131/2206/1240 1155/2198/1240
f 1146/2200/1241 1170/2209/1241 1169/2201/1236
f 1139/2203/1242 1163/2211/1242 1162/2204/1237
f 1130/2197/1239 1154/2199/1239 1177/2205/1238
f 1131/2206/1240 1132/2212/1243 1156/2207/1243
f 1147/2208/1244 1171/2215/1248 1170/2209/1241
f 1139/2203/1242 1140/2216/1245 1164/2210/1245
f 1132/2212/1243 1133/2219/1246 1157/2213/1246
f 1148/2214/1247 1172/2238/1247 1171/2215/1248
f 1140/2216/1245 1141/2223/1249 1165/2217/1249
f 1134/2218/1250 1158/2226/1250 1157/2213/1246
f 1149/2220/1251 1173/2227/1251 1172/2221/1247
f 1141/2223/1249 1142/2229/1252 1166/2224/1252
f 1135/2225/1253 1159/2246/1253 1158/2226/1250
f 1150/2180/1230 1174/2179/1230 1173/2227/1251
f 1143/2228/1232 1167/2434/1232 1166/2224/1252
f 1136/2184/1233 1160/2186/1233 1159/2230/1253
s 38
f 1163/2232/512 1164/2435/512 1188/2233/512
f 1157/2235/512 1181/2243/512 1180/2236/512
f 1172/2238/512 1196/2436/512 1195/2239/512
f 1164/2210/512 1165/2217/512 1189/2240/512
f 1158/2242/512 1182/2437/512 1181/2243/512
f 1172/2221/512 1173/2227/512 1197/2244/512
f 1166/2224/512 1190/2250/512 1189/2240/512
f 1159/2246/512 1183/2438/512 1182/2247/512
f 1173/2227/512 1174/2179/512 1198/2248/512
f 1166/2224/512 1167/2434/512 1191/2249/512
f 1159/2230/512 1160/2186/512 1184/2251/512
f 1174/2179/512 1175/2188/512 1199/2253/512
f 1167/2182/512 1168/2190/512 1192/2254/512
f 1161/2185/512 1185/2439/512 1184/2251/512
f 1176/2187/512 1200/2440/512 1199/2253/512
f 1168/2190/512 1169/2189/512 1193/2256/512
f 1162/2204/512 1186/2441/512 1185/2257/512
f 1177/2205/512 1201/2264/512 1200/2258/512
f 1154/2199/512 1155/2198/512 1179/2259/512
f 1170/2261/512 1194/2442/512 1193/2256/512
f 1163/2232/512 1187/2234/512 1186/2262/512
f 1154/2199/512 1178/2260/512 1201/2264/512
f 1156/2207/512 1180/2443/512 1179/2259/512
f 1171/2215/512 1195/2239/512 1194/2265/512
s 36
f 1122/2112/512 1123/2118/512 1207/2136/512
f 1107/2110/1216 1108/2116/1219 1205/2133/512
f 1106/2102/1211 1224/2169/512 1222/2167/512
f 1115/2107/512 1203/2132/512 1221/2165/512
f 1121/2105/512 1122/2112/512 1225/2177/512
f 1106/2102/1211 1107/2110/1216 1223/2176/512
f 1129/2100/1209 1222/2167/512 1219/2161/512
f 1114/2098/512 1221/2165/512 1218/2159/512
f 1120/2096/1207 1121/2105/512 1220/2163/512
f 1128/2094/1206 1219/2161/512 1216/2155/512
f 1113/2091/512 1218/2159/512 1215/2160/512
f 1119/2089/1202 1120/2096/1207 1217/2164/512
f 1127/2086/512 1216/2155/512 1213/2156/512
f 1111/2083/512 1112/2092/512 1215/2160/512
f 1118/2126/1226 1119/2089/1202 1214/2157/512
f 1126/2087/512 1213/2156/512 1210/2149/512
f 1110/2127/512 1111/2083/512 1212/2153/512
f 1118/2126/1226 1211/2151/512 1208/2139/512
f 1125/2123/512 1210/2149/512 1206/2143/512
f 1109/2122/512 1110/2127/512 1209/2147/512
f 1117/2120/1221 1208/2139/512 1202/2130/512
f 1123/2118/512 1124/2124/512 1206/2143/512
f 1108/2116/1219 1109/2122/512 1204/2141/512
f 1116/2114/1218 1202/2130/512 1203/2132/512
f 1255/2266/1254 1256/2444/1306 1232/2267/1190
f 1246/2269/1187 1270/2311/1281 1271/2270/1255
f 1263/2272/1256 1264/2279/1260 1240/2273/1194
f 1232/2267/1190 1256/2444/1306 1257/2275/1258
f 1247/2271/1192 1271/2270/1255 1272/2277/1259
f 1264/2279/1260 1265/2288/1267 1241/2280/1198
f 1233/2276/1196 1257/2275/1258 1258/2281/1261
f 1248/2278/1197 1272/2277/1259 1273/2283/1262
f 1250/2285/1264 1251/2292/1269 1227/2286/1265
f 1265/2288/1267 1266/2294/1270 1242/2289/1164
f 1234/2282/1157 1258/2281/1261 1259/2290/1268
f 1249/2284/1263 1273/2283/1262 1250/2285/1264
f 1251/2292/1269 1252/2298/1272 1228/2293/1169
f 1266/2294/1270 1267/2300/1273 1243/2295/1171
f 1235/2291/1167 1259/2290/1268 1260/2296/1271
f 1252/2298/1272 1253/2304/1276 1229/2299/1175
f 1267/2300/1273 1268/2445/1307 1244/2301/1177
f 1236/2297/1173 1260/2296/1271 1261/2302/1274
f 1253/2304/1276 1254/2310/1280 1230/2305/1180
f 1244/2301/1177 1268/2445/1307 1269/2306/1277
f 1237/2303/1275 1261/2302/1274 1262/2308/1278
f 1254/2310/1280 1255/2266/1254 1231/2268/1185
f 1245/2307/1182 1269/2306/1277 1270/2311/1281
f 1262/2308/1278 1263/2272/1256 1239/2274/1257
f 1283/2312/7 1284/2321/7 1346/2313/7
f 1349/2315/7 1276/2367/7 1277/2316/7
f 1351/2318/7 1291/2368/7 1292/2319/7
f 1284/2321/7 1285/2373/7 1352/2322/7
f 1348/2317/7 1277/2316/7 1278/2323/7
f 1350/2320/7 1292/2319/7 1293/2325/7
f 1352/2322/7 1285/2373/7 1286/2327/7
f 1353/2324/7 1278/2323/7 1279/2329/7
f 1354/2326/7 1293/2325/7 1294/2331/7
f 1355/2328/7 1286/2327/7 1287/2333/7
f 1356/2330/7 1279/2329/7 1280/2335/7
f 1294/2331/7 1295/2341/7 1360/2337/7
f 1358/2334/7 1287/2333/7 1288/2338/7
f 1280/2335/7 1281/2344/7 1362/2340/7
f 1295/2341/7 1296/2346/7 1363/2342/7
f 1288/2338/7 1289/2360/7 1364/2343/7
f 1281/2344/7 1282/2353/7 1365/2345/7
f 1296/2346/7 1297/2354/7 1366/2347/7
f 1368/2348/7 1274/2363/7 1275/2349/7
f 1364/2343/7 1289/2360/7 1290/2351/7
f 1282/2353/7 1283/2312/7 1347/2314/7
f 1297/2354/7 1274/2363/7 1368/2348/7
f 1275/2349/7 1276/2367/7 1349/2315/7
f 1290/2351/7 1291/2368/7 1351/2318/7
s 39
f 1318/2355/1282 1319/2358/1283 1295/2341/1283
f 1311/2356/1284 1312/2393/1285 1288/2338/1285
f 1280/2335/1286 1304/2390/1286 1305/2357/1287
f 1319/2358/1283 1320/2394/1288 1296/2346/1288
f 1288/2338/1285 1312/2393/1285 1313/2359/1289
f 1281/2344/1287 1305/2357/1287 1306/2361/1290
f 1296/2346/1288 1320/2394/1288 1321/2362/1291
f 1274/2363/1292 1298/2398/1292 1299/2364/1293
f 1289/2360/1289 1313/2359/1289 1314/2365/1294
f 1282/2353/1290 1306/2361/1290 1307/2366/1295
f 1321/2362/1291 1298/2398/1292 1274/2363/1292
f 1299/2364/1293 1300/2381/1296 1276/2367/1296
f 1314/2365/1294 1315/2371/1297 1291/2368/1297
f 1283/2312/1295 1307/2366/1295 1308/2369/1298
f 1276/2367/1296 1300/2381/1296 1301/2370/1299
f 1315/2371/1297 1316/2375/1300 1292/2319/1300
f 1284/2321/1298 1308/2369/1298 1309/2372/1301
f 1277/2316/1299 1301/2370/1299 1302/2374/1302
f 1316/2375/1300 1317/2376/1303 1293/2325/1303
f 1309/2372/1301 1310/2377/1304 1286/2327/1304
f 1302/2374/1302 1303/2378/1305 1279/2329/1305
f 1317/2376/1303 1318/2355/1282 1294/2331/1282
f 1310/2377/1304 1311/2356/1284 1287/2333/1284
f 1303/2378/1305 1304/2390/1286 1280/2335/1286
s 40
f 1307/2366/7 1331/2446/7 1332/2379/7
f 1324/2380/7 1325/2384/7 1301/2370/7
f 1339/2382/7 1340/2447/7 1316/2375/7
f 1308/2369/7 1332/2379/7 1333/2383/7
f 1325/2384/7 1326/2386/7 1302/2374/7
f 1316/2375/7 1340/2447/7 1341/2385/7
f 1333/2383/7 1334/2448/7 1310/2377/7
f 1326/2386/7 1327/2449/7 1303/2378/7
f 1317/2376/7 1341/2385/7 1342/2387/7
f 1310/2377/7 1334/2448/7 1335/2388/7
f 1303/2378/7 1327/2449/7 1328/2389/7
f 1318/2355/7 1342/2387/7 1343/2391/7
f 1311/2356/7 1335/2388/7 1336/2392/7
f 1328/2389/7 1329/2396/7 1305/2357/7
f 1343/2391/7 1344/2397/7 1320/2394/7
f 1312/2393/7 1336/2392/7 1337/2395/7
f 1329/2396/7 1330/2400/7 1306/2361/7
f 1344/2397/7 1345/2401/7 1321/2362/7
f 1298/2398/7 1322/2450/7 1323/2399/7
f 1337/2395/7 1338/2402/7 1314/2365/7
f 1330/2400/7 1331/2446/7 1307/2366/7
f 1345/2401/7 1322/2450/7 1298/2398/7
f 1323/2399/7 1324/2380/7 1300/2381/7
f 1338/2402/7 1339/2382/7 1315/2371/7
s 36
f 1266/2403/7 1369/2352/7 1351/2318/7
f 1251/2405/1269 1367/2350/7 1349/2315/7
f 1366/2347/7 1368/2348/7 1250/2407/1264
f 1365/2345/7 1347/2314/7 1259/2409/7
f 1265/2411/7 1364/2343/7 1369/2352/7
f 1250/2407/1264 1368/2348/7 1367/2350/7
f 1363/2342/7 1366/2347/7 1273/2408/1262
f 1362/2340/7 1365/2345/7 1258/2410/7
f 1264/2414/1260 1361/2339/7 1364/2343/7
f 1360/2337/7 1363/2342/7 1272/2412/1259
f 1359/2336/7 1362/2340/7 1257/2413/7
f 1263/2417/1256 1358/2334/7 1361/2339/7
f 1357/2332/7 1360/2337/7 1271/2415/7
f 1255/2419/7 1356/2330/7 1359/2336/7
f 1262/2420/1278 1355/2328/7 1358/2334/7
f 1354/2326/7 1357/2332/7 1270/2418/7
f 1254/2422/7 1353/2324/7 1356/2330/7
f 1352/2322/7 1355/2328/7 1262/2420/1278
f 1350/2320/7 1354/2326/7 1269/2421/7
f 1253/2425/7 1348/2317/7 1353/2324/7
f 1346/2313/7 1352/2322/7 1261/2423/1274
f 1267/2404/7 1351/2318/7 1350/2320/7
f 1252/2406/1272 1349/2315/7 1348/2317/7
f 1347/2314/7 1346/2313/7 1260/2426/1271
f 1226/2427/1161 1227/2038/1162 1083/2040/1162
